song_id,review_status,track_title,release_year,bridge_artist,second_hop_artist,primary_artist_from_source,credited_artist_from_source,credited_role_from_source,genius_url,automated_flags,review_notes
10445026,pending,Gigawaabamin (Come Through),2024,Bizhiki,Mike Sullivan,Bizhiki,Mike Sullivan,featured,https://genius.com/Bizhiki-gigawaabamin-come-through-lyrics,,
12471804,pending,Broke The Handle Off,2025,Cole Davis,Aaron Rice,Cole Davis,Aaron Rice,featured,https://genius.com/Cole-davis-broke-the-handle-off-lyrics,,
12471798,pending,Miracle,2025,Cole Davis,Channy Leaneagh,Cole Davis,Channy Leaneagh,featured,https://genius.com/Cole-davis-miracle-lyrics,,
12471800,pending,Gulls,2025,Cole Davis,CJ Camerieri,Cole Davis,CJ Camerieri,featured,https://genius.com/Cole-davis-gulls-lyrics,,
12471802,pending,Tooth And Nail,2025,Cole Davis,KINFU,Cole Davis,KINFU,featured,https://genius.com/Cole-davis-tooth-and-nail-lyrics,,
12471801,pending,Backseat Driver,2025,Cole Davis,papa mbye,Cole Davis,papa mbye,featured,https://genius.com/Cole-davis-backseat-driver-lyrics,,
12316982,pending,No More Loving (On Women I Don’t Love),2025,Daniel Caesar,646yf4t,Daniel Caesar,646yf4t,featured,https://genius.com/Daniel-caesar-no-more-loving-on-women-i-dont-love-lyrics,,
2342908,pending,Paradise,2015,Daniel Caesar,BADBADNOTGOOD,Daniel Caesar,BADBADNOTGOOD,featured,https://genius.com/Daniel-caesar-paradise-lyrics,,
7911508,pending,Please Do Not Lean,2022,Daniel Caesar,BADBADNOTGOOD,Daniel Caesar,BADBADNOTGOOD,featured,https://genius.com/Daniel-caesar-please-do-not-lean-lyrics,,
11892843,pending,Mr. Nice Guy,,Daniel Caesar,Bakar,Daniel Caesar,Bakar,featured,https://genius.com/Daniel-caesar-mr-nice-guy-lyrics,missing_release_year,
11916227,pending,The Field,2025,Daniel Caesar,Blood Orange,Blood Orange,Daniel Caesar,featured,https://genius.com/Blood-orange-the-field-lyrics,,
12316979,pending,Touching God,2025,Daniel Caesar,Blood Orange,Daniel Caesar,Blood Orange,featured,https://genius.com/Daniel-caesar-touching-god-lyrics,,
7393492,pending,Pets,,Daniel Caesar,Chance the Rapper,Chance the Rapper,Daniel Caesar,featured,https://genius.com/Chance-the-rapper-pets-lyrics,missing_release_year,
3250389,pending,First World Problems,2017,Daniel Caesar,Chance the Rapper,Chance the Rapper,Daniel Caesar,featured,https://genius.com/Chance-the-rapper-first-world-problems-lyrics,,
5507220,pending,Instagram Song 3,2020,Daniel Caesar,Chance the Rapper,Chance the Rapper,Daniel Caesar,featured,https://genius.com/Chance-the-rapper-instagram-song-3-lyrics,,
3183204,pending,Transform,2017,Daniel Caesar,Charlotte Day Wilson,Daniel Caesar,Charlotte Day Wilson,featured,https://genius.com/Daniel-caesar-transform-lyrics,,
13402297,pending,Easy Breezy,,Daniel Caesar,Clairo,Daniel Caesar,Clairo,featured,https://genius.com/Daniel-caesar-easy-breezy-lyrics,missing_release_year,
12106718,pending,No Need to Worry,2025,Daniel Caesar,Clairo,Daniel Caesar,Clairo,featured,https://genius.com/Daniel-caesar-no-need-to-worry-lyrics,,
4627717,pending,HER Love,2019,Daniel Caesar,Common,Common,Daniel Caesar,featured,https://genius.com/Common-her-love-lyrics,,
2433806,pending,Come Through,2016,Daniel Caesar,Donnie (CAN),Donnie (CAN),Daniel Caesar,featured,https://genius.com/Donnie-can-come-through-lyrics,,
8982651,pending,Life of the Party,2019,Daniel Caesar,Donnie (CAN),Donnie (CAN),Daniel Caesar,featured,https://genius.com/Donnie-can-life-of-the-party-lyrics,,
12400675,pending,Coming Down,,Daniel Caesar,Ellie Goulding,Daniel Caesar,Ellie Goulding,featured,https://genius.com/Daniel-caesar-coming-down-lyrics,missing_release_year,
7565094,pending,careless,2022,Daniel Caesar,FKA twigs,FKA twigs,Daniel Caesar,featured,https://genius.com/Fka-twigs-careless-lyrics,,
8854180,pending,Sweet*,,Daniel Caesar,Fousheé,Daniel Caesar,Fousheé,featured,https://genius.com/Daniel-caesar-sweet-lyrics,missing_release_year,
4006872,pending,Beauty & Essex,2018,Daniel Caesar,Free Nationals,Free Nationals,Daniel Caesar,featured,https://genius.com/Free-nationals-beauty-and-essex-lyrics,,
3183199,pending,Best Part,2017,Daniel Caesar,H.E.R.,Daniel Caesar,H.E.R.,featured,https://genius.com/Daniel-caesar-best-part-lyrics,,
9936608,pending,Best Part (Mixed),2023,Daniel Caesar,H.E.R.,Daniel Caesar,H.E.R.,featured,https://genius.com/Daniel-caesar-best-part-mixed-lyrics,mix_or_compilation_risk,
4660979,pending,RESTORE THE FEELING,2019,Daniel Caesar,Jacob Collier,Daniel Caesar,Jacob Collier,featured,https://genius.com/Daniel-caesar-restore-the-feeling-lyrics,,
5059926,pending,Time Alone with You,2019,Daniel Caesar,Jacob Collier,Jacob Collier,Daniel Caesar,featured,https://genius.com/Jacob-collier-time-alone-with-you-lyrics,,
3606431,pending,"Figures, a Reprise",2018,Daniel Caesar,Jessie Reyez,Jessie Reyez,Daniel Caesar,featured,https://genius.com/Jessie-reyez-figures-a-reprise-lyrics,,
8982575,pending,God,2015,Daniel Caesar,JIIN,JIIN,Daniel Caesar,featured,https://genius.com/Jiin-god-lyrics,,
13319551,pending,Dime Bags,,Daniel Caesar,Jjared,Jjared,Daniel Caesar,featured,https://genius.com/Jjared-dime-bags-lyrics,missing_release_year,
12087542,pending,Father Time,,Daniel Caesar,Jjared,Daniel Caesar,Jjared,featured,https://genius.com/Daniel-caesar-father-time-lyrics,missing_release_year,
4660980,pending,SUPERPOSITION,2019,Daniel Caesar,John Mayer,Daniel Caesar,John Mayer,featured,https://genius.com/Daniel-caesar-superposition-lyrics,,
13058391,pending,40 LOVE,,Daniel Caesar,Justin Bieber,Justin Bieber,Daniel Caesar,featured,https://genius.com/Justin-bieber-40-love-lyrics,missing_release_year,
13058402,pending,Prom Day,,Daniel Caesar,Justin Bieber,Daniel Caesar,Justin Bieber,featured,https://genius.com/Daniel-caesar-prom-day-lyrics,missing_release_year,
6326342,pending,Peaches,2021,Daniel Caesar,Justin Bieber,Justin Bieber,Daniel Caesar,featured,https://genius.com/Justin-bieber-peaches-lyrics,,
13058755,pending,Say It,2015,Daniel Caesar,Kali Uchis,Daniel Caesar,Kali Uchis,featured,https://genius.com/Daniel-caesar-say-it-lyrics,,
2887594,pending,Get You,2016,Daniel Caesar,Kali Uchis,Daniel Caesar,Kali Uchis,featured,https://genius.com/Daniel-caesar-get-you-lyrics,,
13545424,pending,Koming In Hot,2017,Daniel Caesar,Kali Uchis,Kali Uchis,Daniel Caesar,featured,https://genius.com/Kali-uchis-koming-in-hot-lyrics,,
8871927,pending,JOAQUINA’S WORLD,2020,Daniel Caesar,Keavan Yazdani,Keavan Yazdani,Daniel Caesar,featured,https://genius.com/Keavan-yazdani-joaquinas-world-lyrics,,
6684236,pending,Primal,,Daniel Caesar,Lil Xero,Lil Xero,Daniel Caesar,featured,https://genius.com/Lil-xero-primal-lyrics,missing_release_year,
8763581,pending,REACH THE SUNSHINE.,2023,Daniel Caesar,Lil Yachty,Lil Yachty,Daniel Caesar,featured,https://genius.com/Lil-yachty-reach-the-sunshine-lyrics,,
13711645,pending,Blue,2026,Daniel Caesar,MILLENNIUM PARADE,MILLENNIUM PARADE,Daniel Caesar,featured,https://genius.com/Millennium-parade-blue-lyrics,,
8982699,pending,Give Me Jesus,2012,Daniel Caesar,Norwill Simmonds,Norwill Simmonds,Daniel Caesar,featured,https://genius.com/Norwill-simmonds-give-me-jesus-lyrics,,
7607562,pending,Invincible,2022,Daniel Caesar,Omar Apollo,Omar Apollo,Daniel Caesar,featured,https://genius.com/Omar-apollo-invincible-lyrics,,
8938991,pending,Buyer’s Remorse,2023,Daniel Caesar,Omar Apollo,Daniel Caesar,Omar Apollo,featured,https://genius.com/Daniel-caesar-buyers-remorse-lyrics,,
3796135,pending,Forever Always,2018,Daniel Caesar,Peter CottonTale,Peter CottonTale,Daniel Caesar,featured,https://genius.com/Peter-cottontale-forever-always-lyrics,,
4660977,pending,FRONTAL LOBE MUZIK,2019,Daniel Caesar,Pharrell Williams,Daniel Caesar,Pharrell Williams,featured,https://genius.com/Daniel-caesar-frontal-lobe-muzik-lyrics,,
9001103,pending,Valentina (Bonus),2023,Daniel Caesar,Rick Ross,Daniel Caesar,Rick Ross,featured,https://genius.com/Daniel-caesar-valentina-bonus-lyrics,,
2424749,pending,West,2016,Daniel Caesar,River Tiber,River Tiber,Daniel Caesar,featured,https://genius.com/River-tiber-west-lyrics,,
12466484,pending,Rain Down,2025,Daniel Caesar,Sampha,Daniel Caesar,Sampha,featured,https://genius.com/Daniel-caesar-rain-down-lyrics,,
13426503,pending,COMPLEXITY THEORY,,Daniel Caesar,Sean Leon,Sean Leon,Daniel Caesar,featured,https://genius.com/Sean-leon-complexity-theory-lyrics,missing_release_year,
5580383,pending,Corona Blues,,Daniel Caesar,Sean Leon,Daniel Caesar,Sean Leon,featured,https://genius.com/Daniel-caesar-corona-blues-lyrics,missing_release_year,
9035196,pending,innocence*,,Daniel Caesar,Sean Leon,Daniel Caesar,Sean Leon,featured,https://genius.com/Daniel-caesar-innocence-lyrics,missing_release_year,
13426504,pending,WILLPOWER,,Daniel Caesar,Sean Leon,Sean Leon,Daniel Caesar,featured,https://genius.com/Sean-leon-willpower-lyrics,missing_release_year,
137643,pending,Pacific Coast Highway,2013,Daniel Caesar,Sean Leon,Sean Leon,Daniel Caesar,featured,https://genius.com/Sean-leon-pacific-coast-highway-lyrics,,
523694,pending,We’ll Always Have Paris,2014,Daniel Caesar,Sean Leon,Daniel Caesar,Sean Leon,featured,https://genius.com/Daniel-caesar-well-always-have-paris-lyrics,,
2342908,pending,Paradise,2015,Daniel Caesar,Sean Leon,Daniel Caesar,Sean Leon,featured,https://genius.com/Daniel-caesar-paradise-lyrics,,
2459045,pending,Matthew In the Middle,2016,Daniel Caesar,Sean Leon,Sean Leon,Daniel Caesar,featured,https://genius.com/Sean-leon-matthew-in-the-middle-lyrics,,
4660979,pending,RESTORE THE FEELING,2019,Daniel Caesar,Sean Leon,Daniel Caesar,Sean Leon,featured,https://genius.com/Daniel-caesar-restore-the-feeling-lyrics,,
6413817,pending,look at the stars,2021,Daniel Caesar,Sean Leon,Sean Leon,Daniel Caesar,featured,https://genius.com/Sean-leon-look-at-the-stars-lyrics,,
2461064,pending,Fill The Void,2016,Daniel Caesar,Stwo,Stwo,Daniel Caesar,featured,https://genius.com/Stwo-fill-the-void-lyrics,,
9001076,pending,Always (Bonus),2023,Daniel Caesar,Summer Walker,Daniel Caesar,Summer Walker,featured,https://genius.com/Daniel-caesar-always-bonus-lyrics,,
3183203,pending,Take Me Away,2017,Daniel Caesar,Syd,Daniel Caesar,Syd,featured,https://genius.com/Daniel-caesar-take-me-away-lyrics,,
12933093,pending,Answer My Call,,Daniel Caesar,"Tyler, The Creator","Tyler, The Creator",Daniel Caesar,featured,https://genius.com/Tyler-the-creator-answer-my-call-lyrics,missing_release_year,
10998014,pending,St. Chroma,2024,Daniel Caesar,"Tyler, The Creator","Tyler, The Creator",Daniel Caesar,featured,https://genius.com/Tyler-the-creator-st-chroma-lyrics,,
11058222,pending,St. Chroma (Test Pressing Version),2024,Daniel Caesar,"Tyler, The Creator","Tyler, The Creator",Daniel Caesar,featured,https://genius.com/Tyler-the-creator-st-chroma-test-pressing-version-lyrics,,
11022383,pending,Take Your Mask Off,2024,Daniel Caesar,"Tyler, The Creator","Tyler, The Creator",Daniel Caesar,featured,https://genius.com/Tyler-the-creator-take-your-mask-off-lyrics,,
11069148,pending,Take Your Mask Off (Test Pressing Version),2024,Daniel Caesar,"Tyler, The Creator","Tyler, The Creator",Daniel Caesar,featured,https://genius.com/Tyler-the-creator-take-your-mask-off-test-pressing-version-lyrics,,
12316979,pending,Touching God,2025,Daniel Caesar,Yebba,Daniel Caesar,Yebba,featured,https://genius.com/Daniel-caesar-touching-god-lyrics,,
1056891,pending,Heart of Mine,,Danielle Haim,Blake Mills,Blake Mills,Danielle Haim,featured,https://genius.com/Blake-mills-heart-of-mine-lyrics,missing_release_year,
7860195,pending,Days Ahead,2022,Danielle Haim,Bruce Hornsby,Bruce Hornsby,Danielle Haim,featured,https://genius.com/Bruce-hornsby-days-ahead-lyrics,,
80158,pending,Won’t Stop,2012,Danielle Haim,Childish Gambino,Childish Gambino,Danielle Haim,featured,https://genius.com/Childish-gambino-wont-stop-lyrics,,
145027,pending,You’re No Good,2013,Danielle Haim,Major Lazer,Major Lazer,Danielle Haim,featured,https://genius.com/Major-lazer-youre-no-good-lyrics,,
250197,pending,So Far,2013,Danielle Haim,Raydon,Raydon,Danielle Haim,featured,https://genius.com/Raydon-so-far-lyrics,,
585049,pending,Without You,2015,Danielle Haim,Tobias Jesso Jr.,Tobias Jesso Jr.,Danielle Haim,featured,https://genius.com/Tobias-jesso-jr-without-you-lyrics,,
4435314,pending,Hold You Now,2019,Danielle Haim,Vampire Weekend,Vampire Weekend,Danielle Haim,featured,https://genius.com/Vampire-weekend-hold-you-now-lyrics,,
4435434,pending,Married in a Gold Rush,2019,Danielle Haim,Vampire Weekend,Vampire Weekend,Danielle Haim,featured,https://genius.com/Vampire-weekend-married-in-a-gold-rush-lyrics,,
4435883,pending,We Belong Together,2019,Danielle Haim,Vampire Weekend,Vampire Weekend,Danielle Haim,featured,https://genius.com/Vampire-weekend-we-belong-together-lyrics,,
6288535,pending,The Stranger,2020,Dijon,Becky and the Birds,Dijon,Becky and the Birds,featured,https://genius.com/Dijon-the-stranger-lyrics,,
7046797,pending,IT’S ALL YOU KNOW*,,Dijon,BROCKHAMPTON,BROCKHAMPTON,Dijon,featured,https://genius.com/Brockhampton-its-all-you-know-lyrics,missing_release_year,
9604883,pending,ONE FIFTY,,Dijon,BROCKHAMPTON,BROCKHAMPTON,Dijon,featured,https://genius.com/Brockhampton-one-fifty-lyrics,missing_release_year,
12114109,pending,SUMMER CAMP,,Dijon,BROCKHAMPTON,BROCKHAMPTON,Dijon,featured,https://genius.com/Brockhampton-summer-camp-lyrics,missing_release_year,
6288535,pending,The Stranger,2020,Dijon,Dan Reeder,Dijon,Dan Reeder,featured,https://genius.com/Dijon-the-stranger-lyrics,,
6396412,pending,GHETTO PARTY,,Dijon,Jean Dawson,Jean Dawson,Dijon,featured,https://genius.com/Jean-dawson-ghetto-party-lyrics,missing_release_year,
6288535,pending,The Stranger,2020,Dijon,John C. Reilly,Dijon,John C. Reilly,featured,https://genius.com/Dijon-the-stranger-lyrics,,
8326255,pending,Get Around,2022,Dijon,Kenny Beats,Kenny Beats,Dijon,featured,https://genius.com/Kenny-beats-get-around-lyrics,,
10053798,pending,Aphid,2024,Dijon,Matt Champion,Matt Champion,Dijon,featured,https://genius.com/Matt-champion-aphid-lyrics,,
12072135,pending,ICANBEWHATEV2.2,,Dijon,Mk.gee,Mk.gee,Dijon,featured,https://genius.com/Mkgee-icanbewhatev22-lyrics,missing_release_year,
5092817,pending,On Me,2019,Dijon,Mulherin,Mulherin,Dijon,featured,https://genius.com/Mulherin-on-me-lyrics,,
5060099,pending,Trust3000,2019,Dijon,No Rome,No Rome,Dijon,featured,https://genius.com/No-rome-trust3000-lyrics,,
9452173,pending,Moonlit Breakers,2023,Dijon,Paul Dally,Paul Dally,Dijon,featured,https://genius.com/Paul-dally-moonlit-breakers-lyrics,,
6288535,pending,The Stranger,2020,Dijon,SACHI,Dijon,SACHI,featured,https://genius.com/Dijon-the-stranger-lyrics,,
6288535,pending,The Stranger,2020,Dijon,Tobias Jesso Jr.,Dijon,Tobias Jesso Jr.,featured,https://genius.com/Dijon-the-stranger-lyrics,,
4155998,pending,Makeup,2018,Dijon,Zack Villere,Zack Villere,Dijon,featured,https://genius.com/Zack-villere-makeup-lyrics,,
5259492,pending,Rope Swing,2020,Dijon,Zack Villere,Zack Villere,Dijon,featured,https://genius.com/Zack-villere-rope-swing-lyrics,,
7228130,pending,fitt,2021,Dua Saleh,Amaarae,Dua Saleh,Amaarae,featured,https://genius.com/Dua-saleh-fitt-lyrics,,
10631798,pending,Television,2024,Dua Saleh,Ambré,Dua Saleh,Ambré,featured,https://genius.com/Dua-saleh-television-lyrics,,
5930168,pending,RE(a)D,2020,Dua Saleh,Bas,Dua Saleh,Bas,featured,https://genius.com/Dua-saleh-read-lyrics,,
8601608,pending,Concentrate,2022,Dua Saleh,Billy Lemos,Billy Lemos,Dua Saleh,featured,https://genius.com/Billy-lemos-concentrate-lyrics,,
6120331,pending,Daydreams,2020,Dua Saleh,Chester Watson,Chester Watson,Dua Saleh,featured,https://genius.com/Chester-watson-daydreams-lyrics,,
6120330,pending,Fog,2020,Dua Saleh,Chester Watson,Chester Watson,Dua Saleh,featured,https://genius.com/Chester-watson-fog-lyrics,,
7312493,pending,pearls,2021,Dua Saleh,Chester Watson,Dua Saleh,Chester Watson,featured,https://genius.com/Dua-saleh-pearls-lyrics,,
11624305,pending,Smoking Death,2025,Dua Saleh,Dreamer Isioma,Dreamer Isioma,Dua Saleh,featured,https://genius.com/Dreamer-isioma-smoking-death-lyrics,,
7268683,pending,fav flav,2021,Dua Saleh,DUCKWRTH,Dua Saleh,DUCKWRTH,featured,https://genius.com/Dua-saleh-fav-flav-lyrics,,
13075033,pending,Anemic,2026,Dua Saleh,Gaidaa,Dua Saleh,Gaidaa,featured,https://genius.com/Dua-saleh-anemic-lyrics,,
10631799,pending,Coast,2024,Dua Saleh,Gallant,Dua Saleh,Gallant,featured,https://genius.com/Dua-saleh-coast-lyrics,,
7312492,pending,tic tic,2021,Dua Saleh,Haleek Maul,Dua Saleh,Haleek Maul,featured,https://genius.com/Dua-saleh-tic-tic-lyrics,,
10144986,pending,H2O,2024,Dua Saleh,Ms. Boogie,Ms. Boogie,Dua Saleh,featured,https://genius.com/Ms-boogie-h2o-lyrics,,
9288265,pending,What comes next,2023,Dua Saleh,Ragz Originale,Ragz Originale,Dua Saleh,featured,https://genius.com/Ragz-originale-what-comes-next-lyrics,,
10467371,pending,Unruly,2024,Dua Saleh,serpentwithfeet,Dua Saleh,serpentwithfeet,featured,https://genius.com/Dua-saleh-unruly-lyrics,,
4701128,pending,Survival,2019,Dua Saleh,Velvet Negroni,Dua Saleh,Velvet Negroni,featured,https://genius.com/Dua-saleh-survival-lyrics,,
5301613,pending,HELP YOURSELF,2020,Ethan Gruska,Adam Melchor,Adam Melchor,Ethan Gruska,featured,https://genius.com/Adam-melchor-help-yourself-lyrics,,
7860199,pending,Simple Prayer II,2022,Ethan Gruska,Bruce Hornsby,Bruce Hornsby,Ethan Gruska,featured,https://genius.com/Bruce-hornsby-simple-prayer-ii-lyrics,,
5172328,pending,Haiku4U,2020,Ethan Gruska,Lianne La Havas,Ethan Gruska,Lianne La Havas,featured,https://genius.com/Ethan-gruska-haiku4u-lyrics,,
5172330,pending,Blood in Rain,2020,Ethan Gruska,Moses Sumney,Ethan Gruska,Moses Sumney,featured,https://genius.com/Ethan-gruska-blood-in-rain-lyrics,,
5160568,pending,Enough for Now,2020,Ethan Gruska,Phoebe Bridgers,Ethan Gruska,Phoebe Bridgers,featured,https://genius.com/Ethan-gruska-enough-for-now-lyrics,,
6115786,pending,Lotta Love,2020,Flock of Dimes,Helado Negro,Helado Negro,Flock of Dimes,featured,https://genius.com/Helado-negro-lotta-love-lyrics,,
6475259,pending,Daffadowndilly,2021,Flock of Dimes,Tōth,Tōth,Flock of Dimes,featured,https://genius.com/Toth-daffadowndilly-lyrics,,
6475261,pending,Thirsty,2021,Flock of Dimes,Tōth,Tōth,Flock of Dimes,featured,https://genius.com/Toth-thirsty-lyrics,,
4805781,pending,I CRY 3,2019,Francis and the Lights,93PUNX,93PUNX,Francis and the Lights,featured,https://genius.com/93punx-and-vic-mensa-i-cry-3-lyrics,,
4600938,pending,Look What You’re Doing to Me,2019,Francis and the Lights,BANKS,BANKS,Francis and the Lights,featured,https://genius.com/Banks-look-what-youre-doing-to-me-lyrics,,
5649388,pending,You Still Take Me To the Light,2020,Francis and the Lights,Caroline Shaw,Francis and the Lights,Caroline Shaw,featured,https://genius.com/Francis-and-the-lights-you-still-take-me-to-the-light-lyrics,,
2823830,pending,Wild Love,2016,Francis and the Lights,Cashmere Cat,Cashmere Cat,Francis and the Lights,featured,https://genius.com/Cashmere-cat-wild-love-lyrics,,
7319640,pending,How To Go Crazy,,Francis and the Lights,Chance the Rapper,Chance the Rapper,Francis and the Lights,featured,https://genius.com/Chance-the-rapper-and-kanye-west-how-to-go-crazy-lyrics,missing_release_year,
465081,pending,Wonderful Everyday: Arthur,2014,Francis and the Lights,Chance the Rapper,Chance the Rapper,Francis and the Lights,featured,https://genius.com/Chance-the-rapper-and-the-social-experiment-wonderful-everyday-arthur-lyrics,,
2899286,pending,Dear Theodosia (Reprise),2016,Francis and the Lights,Chance the Rapper,Chance the Rapper,Francis and the Lights,featured,https://genius.com/Chance-the-rapper-dear-theodosia-reprise-lyrics,,
2472234,pending,Summer Friends,2016,Francis and the Lights,Chance the Rapper,Chance the Rapper,Francis and the Lights,featured,https://genius.com/Chance-the-rapper-summer-friends-lyrics,,
2835889,pending,We The People,2016,Francis and the Lights,Chance the Rapper,Chance the Rapper,Francis and the Lights,featured,https://genius.com/Chance-the-rapper-we-the-people-lyrics,,
3380239,pending,Family For,2017,Francis and the Lights,Chance the Rapper,Chance the Rapper,Francis and the Lights,featured,https://genius.com/Chance-the-rapper-and-jeremih-family-for-lyrics,,
4730281,pending,The Big Day,2019,Francis and the Lights,Chance the Rapper,Chance the Rapper,Francis and the Lights,featured,https://genius.com/Chance-the-rapper-the-big-day-lyrics,,
5649388,pending,You Still Take Me To the Light,2020,Francis and the Lights,Chance the Rapper,Francis and the Lights,Chance the Rapper,featured,https://genius.com/Francis-and-the-lights-you-still-take-me-to-the-light-lyrics,,
55395,pending,Celebration,2011,Francis and the Lights,Das Racist,Das Racist,Francis and the Lights,featured,https://genius.com/Das-racist-celebration-lyrics,,
2840416,pending,Eiffel Tower,2011,Francis and the Lights,inc. no world,Francis and the Lights,inc. no world,featured,https://genius.com/Francis-and-the-lights-eiffel-tower-lyrics,,
5335876,pending,I Believe in You,2020,Francis and the Lights,Kacy Hill,Kacy Hill,Francis and the Lights,featured,https://genius.com/Kacy-hill-i-believe-in-you-lyrics,,
8969020,pending,So Happy,,Francis and the Lights,Kassa Overall,Kassa Overall,Francis and the Lights,featured,https://genius.com/Kassa-overall-so-happy-lyrics,missing_release_year,
8969024,pending,Going Up,2023,Francis and the Lights,Kassa Overall,Kassa Overall,Francis and the Lights,featured,https://genius.com/Kassa-overall-going-up-lyrics,,
2919081,pending,It’s Alrite 2 Cry,,Francis and the Lights,Kool A.D.,Kool A.D.,Francis and the Lights,featured,https://genius.com/Kool-ad-its-alrite-2-cry-lyrics,missing_release_year,
6808777,pending,METTA WORLD PEACE,2021,Francis and the Lights,Lil Dicky,Francis and the Lights,Lil Dicky,featured,https://genius.com/Francis-and-the-lights-metta-world-peace-lyrics,,
197548,pending,Something Better,2010,Francis and the Lights,Lyrics Born,Lyrics Born,Francis and the Lights,featured,https://genius.com/Lyrics-born-something-better-lyrics,,
12869976,pending,Sold Out,2025,Gracie Abrams,Aaron Dessner,Gracie Abrams,Aaron Dessner,featured,https://genius.com/Gracie-abrams-sold-out-lyrics,,
2981719,pending,Barely Breathing,2015,Gracie Abrams,Annie Schindel,Gracie Abrams,Annie Schindel,featured,https://genius.com/Gracie-abrams-barely-breathing-lyrics,,
12243263,pending,The Secret of Us Tour Dates,,Gracie Abrams,Ashe,Gracie Abrams,Ashe,featured,https://genius.com/Gracie-abrams-the-secret-of-us-tour-dates-annotated,annotation_or_non_song_risk;missing_release_year,
12251153,pending,Minibar,2026,Gracie Abrams,Audrey Hobert,Gracie Abrams,Audrey Hobert,featured,https://genius.com/Gracie-abrams-minibar-lyrics,,
9784837,pending,Next to you,2015,Gracie Abrams,Dapurr,Dapurr,Gracie Abrams,featured,https://genius.com/Dapurr-next-to-you-lyrics,,
9777455,pending,Something Cold,2015,Gracie Abrams,Dapurr,Dapurr,Gracie Abrams,featured,https://genius.com/Dapurr-something-cold-lyrics,,
9350628,pending,You treat me like you hate me,2016,Gracie Abrams,Dapurr,Dapurr,Gracie Abrams,featured,https://genius.com/Dapurr-you-treat-me-like-you-hate-me-lyrics,,
9784667,pending,Benz,2017,Gracie Abrams,Dapurr,Dapurr,Gracie Abrams,featured,https://genius.com/Dapurr-benz-lyrics,,
12243263,pending,The Secret of Us Tour Dates,,Gracie Abrams,Djo,Gracie Abrams,Djo,featured,https://genius.com/Gracie-abrams-the-secret-of-us-tour-dates-annotated,annotation_or_non_song_risk;missing_release_year,
12243263,pending,The Secret of Us Tour Dates,,Gracie Abrams,Dora Jar,Gracie Abrams,Dora Jar,featured,https://genius.com/Gracie-abrams-the-secret-of-us-tour-dates-annotated,annotation_or_non_song_risk;missing_release_year,
11613403,pending,Did I Really Love You?,,Gracie Abrams,FINNEAS,Gracie Abrams,FINNEAS,featured,https://genius.com/Gracie-abrams-did-i-really-love-you-lyrics,missing_release_year,
12243263,pending,The Secret of Us Tour Dates,,Gracie Abrams,Griff,Gracie Abrams,Griff,featured,https://genius.com/Gracie-abrams-the-secret-of-us-tour-dates-annotated,annotation_or_non_song_risk;missing_release_year,
12986879,pending,lost you,2021,Gracie Abrams,never (neverend666),never (neverend666),Gracie Abrams,featured,https://genius.com/Never-neverend666-lost-you-lyrics,,
12243263,pending,The Secret of Us Tour Dates,,Gracie Abrams,ROLE MODEL,Gracie Abrams,ROLE MODEL,featured,https://genius.com/Gracie-abrams-the-secret-of-us-tour-dates-annotated,annotation_or_non_song_risk;missing_release_year,
4331081,pending,Please dont runaway // “stay with me”,2018,Gracie Abrams,Ryotabu,Ryotabu,Gracie Abrams,featured,https://genius.com/Ryotabu-please-dont-runaway-stay-with-me-lyrics,,
11494841,pending,Call Me When You Break Up,2025,Gracie Abrams,Selena Gomez,Selena Gomez,Gracie Abrams,featured,https://genius.com/Selena-gomez-and-benny-blanco-call-me-when-you-break-up-lyrics,,
3018637,pending,Pad Thai,2017,Gracie Abrams,TJANI,TJANI,Gracie Abrams,featured,https://genius.com/Tjani-pad-thai-lyrics,,
5748267,pending,Do I Know U,2020,Gracie Abrams,Yung Vex,Yung Vex,Gracie Abrams,featured,https://genius.com/Yung-vex-do-i-know-u-lyrics,,
558081,pending,Pray to God,2014,HAIM,Calvin Harris,Calvin Harris,HAIM,featured,https://genius.com/Calvin-harris-pray-to-god-lyrics,,
11442395,pending,Pray to God (Calvin Harris vs. Mike Pickering Hscienda Extended Mix),2015,HAIM,Calvin Harris,Calvin Harris,HAIM,featured,https://genius.com/Calvin-harris-pray-to-god-calvin-harris-vs-mike-pickering-hscienda-extended-mix-lyrics,,
12630663,pending,Emergency Love (feat. HAIM),,HAIM,Carly Rae Jepsen,Carly Rae Jepsen,HAIM,featured,https://genius.com/Carly-rae-jepsen-emergency-love-feat-haim-lyrics,missing_release_year,
4627500,pending,Warm,2019,HAIM,Charli xcx,Charli xcx,HAIM,featured,https://genius.com/Charli-xcx-warm-lyrics,,
4328159,pending,So Bad,2019,HAIM,Gesaffelstein,Gesaffelstein,HAIM,featured,https://genius.com/Gesaffelstein-so-bad-lyrics,,
5338941,pending,I Liked an Instagram Post,2020,HAIM,Jimmy Fallon,Jimmy Fallon,HAIM,featured,https://genius.com/Jimmy-fallon-i-liked-an-instagram-post-lyrics,,
133893,pending,Red Eye,2013,HAIM,Kid Cudi,Kid Cudi,HAIM,featured,https://genius.com/Kid-cudi-red-eye-lyrics,,
3444062,pending,Strong Enough,2013,HAIM,Lorde,HAIM,Lorde,featured,https://genius.com/Haim-strong-enough-lyrics,,
715821,pending,Holes In The Sky,2015,HAIM,M83,M83,HAIM,featured,https://genius.com/M83-holes-in-the-sky-lyrics,,
5919264,pending,Mutual Friends,,HAIM,SOPHIE,SOPHIE,HAIM,featured,https://genius.com/Sophie-mutual-friends-lyrics,missing_release_year,
13570226,pending,Never Givin’ It Up,,HAIM,SOPHIE,SOPHIE,HAIM,featured,https://genius.com/Sophie-never-givin-it-up-lyrics,missing_release_year,
579816,pending,Meltdown,2014,HAIM,Stromae,Stromae,HAIM,featured,https://genius.com/Stromae-meltdown-lyrics,,
9366015,pending,Meltdown (Türkçe Çeviri),2014,HAIM,Stromae,Stromae,HAIM,featured,https://genius.com/Stromae-meltdown-turkce-ceviri-lyrics,,
4575319,pending,IHOP Parking Lot,2019,HAIM,The Lonely Island,The Lonely Island,HAIM,featured,https://genius.com/The-lonely-island-ihop-parking-lot-lyrics,,
3540017,pending,Saturdays,2018,HAIM,Twin Shadow,Twin Shadow,HAIM,featured,https://genius.com/Twin-shadow-saturdays-lyrics,,
6959855,pending,Mimi,2021,Ilsey,Big Red Machine,Big Red Machine,Ilsey,featured,https://genius.com/Big-red-machine-mimi-lyrics,,
10375790,pending,Coals Burn Out,,Ilsey,Charli xcx,Charli xcx,Ilsey,featured,https://genius.com/Charli-xcx-coals-burn-out-lyrics,missing_release_year,
10326910,pending,Evergreen,2024,Ilsey,Deyaz,Deyaz,Ilsey,featured,https://genius.com/Deyaz-evergreen-lyrics,,
4560231,pending,Disarm You (Let Me),2018,Ilsey,DJ-AudioJack,DJ-AudioJack,Ilsey,featured,https://genius.com/Dj-audiojack-disarm-you-let-me-lyrics,,
3825410,pending,Uncover You,2018,Ilsey,Fairlane,Fairlane,Ilsey,featured,https://genius.com/Fairlane-uncover-you-lyrics,,
2275255,pending,Disarm You,2015,Ilsey,Kaskade,Kaskade,Ilsey,featured,https://genius.com/Kaskade-disarm-you-lyrics,,
8864503,pending,Disarm You [Mixed],2022,Ilsey,Kaskade,Kaskade,Ilsey,featured,https://genius.com/Kaskade-disarm-you-mixed-lyrics,mix_or_compilation_risk,
4344300,pending,Spinning,2019,Ilsey,Mark Ronson,Mark Ronson,Ilsey,featured,https://genius.com/Mark-ronson-spinning-lyrics,,
4017551,pending,Breach (Walk Alone),2018,Ilsey,Martin Garrix,Martin Garrix,Ilsey,featured,https://genius.com/Martin-garrix-and-blinders-breach-walk-alone-lyrics,,
741573,pending,Headlights,2015,Ilsey,Robin Schulz,Robin Schulz,Ilsey,featured,https://genius.com/Robin-schulz-headlights-lyrics,,
13219339,pending,Headlights [DJ Tonka’s Sunlight Radio Mix],2015,Ilsey,Robin Schulz,Robin Schulz,Ilsey,featured,https://genius.com/Robin-schulz-headlights-dj-tonkas-sunlight-radio-mix-lyrics,,
6673514,pending,Tell Me More,2021,Ilsey,Sean Paul,Sean Paul,Ilsey,featured,https://genius.com/Sean-paul-tell-me-more-lyrics,,
13165314,pending,Stars and Snow,,James Blake,A$AP Rocky,James Blake,A$AP Rocky,featured,https://genius.com/James-blake-stars-and-snow-lyrics,missing_release_year,
13329110,pending,Untitled (Drummer Boy),,James Blake,A$AP Rocky,A$AP Rocky,James Blake,featured,https://genius.com/A-ap-rocky-untitled-drummer-boy-lyrics,missing_release_year,
4152204,pending,Where’s the Catch?,2019,James Blake,André 3000,James Blake,André 3000,featured,https://genius.com/James-blake-wheres-the-catch-lyrics,,
9809082,pending,White Laces,2023,James Blake,Baby Keem,James Blake,Baby Keem,featured,https://genius.com/James-blake-white-laces-lyrics,,
2461261,pending,Forward,2016,James Blake,Beyoncé,Beyoncé,James Blake,featured,https://genius.com/Beyonce-forward-lyrics,,
2216111,pending,Blame Them,2012,James Blake,blackbear,blackbear,James Blake,featured,https://genius.com/Blackbear-blame-them-lyrics,,
382917,pending,Save Yourself First,2014,James Blake,Chance the Rapper,Chance the Rapper,James Blake,featured,https://genius.com/Chance-the-rapper-and-the-social-experiment-save-yourself-first-lyrics,,
8849909,pending,Let Her Go,2023,James Blake,Don Toliver,Don Toliver,James Blake,featured,https://genius.com/Don-toliver-let-her-go-lyrics,,
12685498,pending,BIRDS AND ANGELS,,James Blake,DYLNMBRY,DYLNMBRY,James Blake,featured,https://genius.com/Dylnmbry-birds-and-angels-lyrics,missing_release_year,
7136514,pending,Untitled 2,2016,James Blake,Fall Creek Boys Choirs,Fall Creek Boys Choirs,James Blake,featured,https://genius.com/Fall-creek-boys-choirs-untitled-2-lyrics,,
10897003,pending,Bon Jovi Naked,2016,James Blake,Frank Ocean,Frank Ocean,James Blake,featured,https://genius.com/Frank-ocean-bon-jovi-naked-annotated,annotation_or_non_song_risk,
7428081,pending,BETTER!,2021,James Blake,Frank Overby,Frank Overby,James Blake,featured,https://genius.com/Frank-overby-better-lyrics,,
3137006,pending,MaNyfaCedGod,2017,James Blake,JAŸ-Z,JAŸ-Z,James Blake,featured,https://genius.com/Jay-z-manyfacedgod-lyrics,,
7031979,pending,Frozen,2021,James Blake,JID,James Blake,JID,featured,https://genius.com/James-blake-frozen-lyrics,,
2306390,pending,Animosity / Dear Xodi,2015,James Blake,Johnny Rain,Johnny Rain,James Blake,featured,https://genius.com/Johnny-rain-animosity-dear-xodi-lyrics,,
2464695,pending,40 Hours,,James Blake,Jordan Garrett,Jordan Garrett,James Blake,featured,https://genius.com/Jordan-garrett-40-hours-lyrics,missing_release_year,
5534229,pending,Grieving,2020,James Blake,Kehlani,Kehlani,James Blake,featured,https://genius.com/Kehlani-grieving-lyrics,,
4571804,pending,Bloody Hands,2019,James Blake,Kendrick Lamar,Kendrick Lamar,James Blake,featured,https://genius.com/Kendrick-lamar-bloody-hands-lyrics,,
7639586,pending,Pick Me Up,2022,James Blake,Labrinth,James Blake,Labrinth,featured,https://genius.com/James-blake-pick-me-up-lyrics,,
12850032,pending,Nobody Can Judge Me*,,James Blake,Lil Uzi Vert,James Blake,Lil Uzi Vert,featured,https://genius.com/James-blake-nobody-can-judge-me-lyrics,missing_release_year,
9104119,pending,TIL FURTHER NOTICE (Original),,James Blake,Metro Boomin,Metro Boomin,James Blake,featured,https://genius.com/Metro-boomin-til-further-notice-original-lyrics,unreleased_or_fan_edit_risk;missing_release_year,
4201749,pending,Mile High,2019,James Blake,Metro Boomin,James Blake,Metro Boomin,featured,https://genius.com/James-blake-mile-high-lyrics,,
4201750,pending,Tell Them,2019,James Blake,Metro Boomin,James Blake,Metro Boomin,featured,https://genius.com/James-blake-tell-them-lyrics,,
7031982,pending,Show Me,2021,James Blake,Monica Martin,James Blake,Monica Martin,featured,https://genius.com/James-blake-show-me-lyrics,,
4201750,pending,Tell Them,2019,James Blake,Moses Sumney,James Blake,Moses Sumney,featured,https://genius.com/James-blake-tell-them-lyrics,,
3228025,pending,How We Got By,2017,James Blake,Mount Kimbie,Mount Kimbie,James Blake,featured,https://genius.com/Mount-kimbie-how-we-got-by-lyrics,,
3043972,pending,We Go Home Together,2017,James Blake,Mount Kimbie,Mount Kimbie,James Blake,featured,https://genius.com/Mount-kimbie-we-go-home-together-lyrics,,
8456342,pending,somehow she’s still here,2022,James Blake,Mount Kimbie,Mount Kimbie,James Blake,featured,https://genius.com/Mount-kimbie-and-dom-maker-somehow-shes-still-here-lyrics,,
5913336,pending,Intro: Dreamurr,2019,James Blake,Murr,Murr,James Blake,featured,https://genius.com/Murr-intro-dreamurr-lyrics,,
5722638,pending,Come Back,2021,James Blake,Mustafa,Mustafa,James Blake,featured,https://genius.com/Mustafa-come-back-lyrics,,
10340561,pending,Tantrums,2024,James Blake,Normani,Normani,James Blake,featured,https://genius.com/Normani-tantrums-lyrics,,
10661422,pending,Look Me In The Eyes,2024,James Blake,Rex Orange County,Rex Orange County,James Blake,featured,https://genius.com/Rex-orange-county-look-me-in-the-eyes-lyrics,,
4201752,pending,Barefoot in the Park,2019,James Blake,ROSALÍA,James Blake,ROSALÍA,featured,https://genius.com/James-blake-barefoot-in-the-park-lyrics,,
136390,pending,Take a Fall for Me,2013,James Blake,RZA,James Blake,RZA,featured,https://genius.com/James-blake-take-a-fall-for-me-lyrics,,
13165314,pending,Stars and Snow,,James Blake,slowthai,James Blake,slowthai,featured,https://genius.com/James-blake-stars-and-snow-lyrics,missing_release_year,
12810376,pending,What Would I do at Virjals Funeral,,James Blake,Spaghetti_6,Spaghetti_6,James Blake,featured,https://genius.com/Spaghetti-6-what-would-i-do-at-virjals-funeral-lyrics,missing_release_year,
13540386,pending,SELFISH (feat. James Blake) [Unreleased],,James Blake,SWAVAY,SWAVAY,James Blake,featured,https://genius.com/Swavay-selfish-feat-james-blake-unreleased-lyrics,missing_release_year,
7031979,pending,Frozen,2021,James Blake,SWAVAY,James Blake,SWAVAY,featured,https://genius.com/James-blake-frozen-lyrics,,
7031977,pending,Coming Back,2021,James Blake,SZA,James Blake,SZA,featured,https://genius.com/James-blake-coming-back-lyrics,,
11395273,pending,Tomorrow is a Long Time,,James Blake,Timothée Chalamet,Timothée Chalamet,James Blake,featured,https://genius.com/Timothee-chalamet-tomorrow-is-a-long-time-lyrics,missing_release_year,
11395162,pending,Outlaw Blues / Three Angels,2025,James Blake,Timothée Chalamet,Timothée Chalamet,James Blake,featured,https://genius.com/Timothee-chalamet-outlaw-blues-three-angels-lyrics,,
2163881,pending,Retrograde,2014,James Blake,Tony Famous,Tony Famous,James Blake,featured,https://genius.com/Tony-famous-retrograde-lyrics,,
13469372,pending,Something Serious,,James Blake,Ty Dolla $ign,Ty Dolla $ign,James Blake,featured,https://genius.com/Ty-dolla-sign-something-serious-lyrics,missing_release_year,
10563331,pending,High Over,,James Blake,Young Thug,Young Thug,James Blake,featured,https://genius.com/Young-thug-high-over-lyrics,missing_release_year,
12767261,pending,Bobby Digital (Sasha Hashemi Reference),,James Blake,"¥$, Kanye West & Ty Dolla $ign","¥$, Kanye West & Ty Dolla $ign",James Blake,featured,https://genius.com/Kanye-west-and-ty-dolla-sign-bobby-digital-sasha-hashemi-reference-lyrics,missing_release_year,
4945760,pending,Good Enough,2019,Jim-E Stack,Ant Clemons,Jim-E Stack,Ant Clemons,featured,https://genius.com/Jim-e-stack-good-enough-lyrics,,
6006398,pending,One Shot,2020,Jim-E Stack,Bearface,Jim-E Stack,Bearface,featured,https://genius.com/Jim-e-stack-one-shot-lyrics,,
2904065,pending,Deadstream (Rostam Version),2016,Jim-E Stack,Charli xcx,Jim-E Stack,Charli xcx,featured,https://genius.com/Jim-e-stack-deadstream-rostam-version-lyrics,,
5768324,pending,Note To Self,2020,Jim-E Stack,Empress Of,Jim-E Stack,Empress Of,featured,https://genius.com/Jim-e-stack-note-to-self-lyrics,,
3828156,pending,Hyperballad,2016,Jim-E Stack,Jana Hunter,Jim-E Stack,Jana Hunter,featured,https://genius.com/Jim-e-stack-hyperballad-lyrics,,
6006399,pending,Can We,2020,Jim-E Stack,Kacy Hill,Jim-E Stack,Kacy Hill,featured,https://genius.com/Jim-e-stack-can-we-lyrics,,
7656281,pending,Next To Me,2022,Jim-E Stack,Lucky Daye,Jim-E Stack,Lucky Daye,featured,https://genius.com/Jim-e-stack-next-to-me-lyrics,,
6006397,pending,Lost Man,2020,Jim-E Stack,Octavian,Jim-E Stack,Octavian,featured,https://genius.com/Jim-e-stack-lost-man-lyrics,,
9995393,pending,Star Time,,Kanye West,.idk.,Kanye West,.idk.,featured,https://genius.com/Kanye-west-star-time-lyrics,missing_release_year,
12961900,pending,City In The Sky (Freestyle),,Kanye West,070 Shake,Kanye West,070 Shake,featured,https://genius.com/Kanye-west-city-in-the-sky-freestyle-lyrics,missing_release_year,
4911632,pending,Sky City,,Kanye West,070 Shake,Kanye West,070 Shake,featured,https://genius.com/Kanye-west-sky-city-lyrics,missing_release_year,
9245390,pending,Alien (070 Shake Version),2018,Kanye West,070 Shake,Kanye West,070 Shake,featured,https://genius.com/Kanye-west-alien-070-shake-version-lyrics,,
13247405,pending,Fitness,2018,Kanye West,070 Shake,Kanye West,070 Shake,featured,https://genius.com/Kanye-west-fitness-lyrics,,
3756523,pending,Ghost Town,2018,Kanye West,070 Shake,Kanye West,070 Shake,featured,https://genius.com/Kanye-west-ghost-town-lyrics,,
12132666,pending,Anthem,2019,Kanye West,070 Shake,Kanye West,070 Shake,featured,https://genius.com/Kanye-west-anthem-lyrics,,
9947351,pending,"Thirty Mile Zone (Hassan Khaffaf, 070 Shake Ref.)",2023,Kanye West,070 Shake,Kanye West,070 Shake,featured,https://genius.com/Kanye-west-thirty-mile-zone-hassan-khaffaf-070-shake-ref-lyrics,,
3164090,pending,All Day (2 Chainz Version),,Kanye West,2 Chainz,Kanye West,2 Chainz,featured,https://genius.com/Kanye-west-all-day-2-chainz-version-lyrics,missing_release_year,
7534543,pending,God’s Test,,Kanye West,2 Chainz,Kanye West,2 Chainz,featured,https://genius.com/Kanye-west-gods-test-lyrics,missing_release_year,
11725735,pending,Nah Nah Nah (Alt. production),,Kanye West,2 Chainz,Kanye West,2 Chainz,featured,https://genius.com/Kanye-west-nah-nah-nah-alt-production-lyrics,missing_release_year,
9609824,pending,Nah Nah Nah (New Version),,Kanye West,2 Chainz,Kanye West,2 Chainz,featured,https://genius.com/Kanye-west-nah-nah-nah-new-version-lyrics,missing_release_year,
4607524,pending,No No No,,Kanye West,2 Chainz,Kanye West,2 Chainz,featured,https://genius.com/Kanye-west-no-no-no-lyrics,missing_release_year,
9655097,pending,No No No No (Travis Scott Reference),,Kanye West,2 Chainz,Kanye West,2 Chainz,featured,https://genius.com/Kanye-west-no-no-no-no-travis-scott-reference-lyrics,missing_release_year,
5780837,pending,Our King,,Kanye West,2 Chainz,Kanye West,2 Chainz,featured,https://genius.com/Kanye-west-our-king-lyrics,missing_release_year,
9512699,pending,Tell The Vision (Original),,Kanye West,2 Chainz,Kanye West,2 Chainz,featured,https://genius.com/Kanye-west-tell-the-vision-original-lyrics,unreleased_or_fan_edit_risk;missing_release_year,
81901,pending,Birthday Song,2012,Kanye West,2 Chainz,2 Chainz,Kanye West,featured,https://genius.com/2-chainz-birthday-song-lyrics,,
70324,pending,Mercy,2012,Kanye West,2 Chainz,Kanye West,2 Chainz,featured,https://genius.com/Kanye-west-mercy-lyrics,,
6148551,pending,Feel a Way,2020,Kanye West,2 Chainz,2 Chainz,Kanye West,featured,https://genius.com/2-chainz-feel-a-way-lyrics,,
5159728,pending,New Body (Ant Clemons Reference),,Kanye West,6ix9ine,Kanye West,6ix9ine,featured,https://genius.com/Kanye-west-new-body-ant-clemons-reference-lyrics,missing_release_year,
12509195,pending,New Body [V8],,Kanye West,6ix9ine,Kanye West,6ix9ine,featured,https://genius.com/Kanye-west-new-body-v8-lyrics,unreleased_or_fan_edit_risk;missing_release_year,
7163702,pending,TEKKEN,,Kanye West,6ix9ine,Kanye West,6ix9ine,featured,https://genius.com/Kanye-west-tekken-lyrics,missing_release_year,
3948198,pending,KANGA,2018,Kanye West,6ix9ine,6ix9ine,Kanye West,featured,https://genius.com/6ix9ine-kanga-lyrics,,
4051409,pending,MAMA,2018,Kanye West,6ix9ine,6ix9ine,Kanye West,featured,https://genius.com/6ix9ine-mama-lyrics,,
9995393,pending,Star Time,,Kanye West,88-Keys,Kanye West,88-Keys,featured,https://genius.com/Kanye-west-star-time-lyrics,missing_release_year,
3973746,pending,Stay Up! (Viagra) [Snippet],2007,Kanye West,88-Keys,88-Keys,Kanye West,featured,https://genius.com/88-keys-stay-up-viagra-snippet-lyrics,,
7191,pending,Stay Up! (Viagra),2008,Kanye West,88-Keys,88-Keys,Kanye West,featured,https://genius.com/88-keys-stay-up-viagra-lyrics,,
2904594,pending,The Killing Season,2016,Kanye West,A Tribe Called Quest,A Tribe Called Quest,Kanye West,featured,https://genius.com/A-tribe-called-quest-the-killing-season-lyrics,,
4904478,pending,LA Monster,,Kanye West,A$AP Ferg,Kanye West,A$AP Ferg,featured,https://genius.com/Kanye-west-la-monster-lyrics,missing_release_year,
2891984,pending,Euro (Switch Hands),,Kanye West,A$AP Rocky,Kanye West,A$AP Rocky,featured,https://genius.com/Kanye-west-euro-switch-hands-lyrics,missing_release_year,
10659957,pending,YEAZZY MY,,Kanye West,A$AP Rocky,A$AP Rocky,Kanye West,featured,https://genius.com/A-ap-rocky-yeazzy-my-lyrics,missing_release_year,
1883903,pending,Jukebox Joints,2015,Kanye West,A$AP Rocky,A$AP Rocky,Kanye West,featured,https://genius.com/A-ap-rocky-jukebox-joints-lyrics,,
4944053,pending,Simulation Baptize,2019,Kanye West,A$AP Rocky,Kanye West,A$AP Rocky,featured,https://genius.com/Kanye-west-simulation-baptize-lyrics,,
11825776,pending,The Mind Is Powerful (Aasim Ref 2),,Kanye West,Aasim,Kanye West,Aasim,featured,https://genius.com/Kanye-west-the-mind-is-powerful-aasim-ref-2-lyrics,missing_release_year,
7026996,pending,Welcome 2 Chicago,2002,Kanye West,Abstract Mindstate,Abstract Mindstate,Kanye West,featured,https://genius.com/Abstract-mindstate-welcome-2-chicago-lyrics,,
7027170,pending,The Brenda Song,2021,Kanye West,Abstract Mindstate,Abstract Mindstate,Kanye West,featured,https://genius.com/Abstract-mindstate-the-brenda-song-lyrics,,
7330375,pending,Let The Spirit Go Wild,2022,Kanye West,Abstract Mindstate,Kanye West,Abstract Mindstate,featured,https://genius.com/Kanye-west-let-the-spirit-go-wild-lyrics,,
1329,pending,Heard ’Em Say,2005,Kanye West,Adam Levine,Kanye West,Adam Levine,featured,https://genius.com/Kanye-west-heard-em-say-lyrics,,
10159978,pending,Five Nights,,Kanye West,Adent,Adent,Kanye West,featured,https://genius.com/Adent-five-nights-lyrics,missing_release_year,
12162660,pending,Motherfuck The Radio,,Kanye West,Agent Sasco (Assassin),Kanye West,Agent Sasco (Assassin),featured,https://genius.com/Kanye-west-motherfuck-the-radio-lyrics,missing_release_year,
171400,pending,I’m In It,2013,Kanye West,Agent Sasco (Assassin),Kanye West,Agent Sasco (Assassin),featured,https://genius.com/Kanye-west-im-in-it-lyrics,,
3401,pending,Good Night,2007,Kanye West,Al Be Back,Kanye West,Al Be Back,featured,https://genius.com/Kanye-west-good-night-lyrics,,
9483454,pending,Israel,2023,Kanye West,Al Be Back,Al Be Back,Kanye West,featured,https://genius.com/Al-be-back-israel-lyrics,,
10994130,pending,Trinity 203 (Concussion),2024,Kanye West,Al Be Back,Al Be Back,Kanye West,featured,https://genius.com/Al-be-back-trinity-203-concussion-lyrics,,
10172424,pending,Trinity 205 (Israel),2024,Kanye West,Al Be Back,Al Be Back,Kanye West,featured,https://genius.com/Al-be-back-trinity-205-israel-lyrics,,
2473322,pending,"I Wish You Were Here (The Good, the Bad, the Ugly)",,Kanye West,Al Green,Kanye West,Al Green,featured,https://genius.com/Kanye-west-and-a-trak-i-wish-you-were-here-the-good-the-bad-the-ugly-lyrics,missing_release_year,
3164090,pending,All Day (2 Chainz Version),,Kanye West,Allan Kingdom,Kanye West,Allan Kingdom,featured,https://genius.com/Kanye-west-all-day-2-chainz-version-lyrics,missing_release_year,
745685,pending,All Day (Kendrick Lamar Reference),,Kanye West,Allan Kingdom,Kanye West,Allan Kingdom,featured,https://genius.com/Kanye-west-all-day-kendrick-lamar-reference-lyrics,missing_release_year,
482233,pending,All Day,2015,Kanye West,Allan Kingdom,Kanye West,Allan Kingdom,featured,https://genius.com/Kanye-west-all-day-lyrics,,
12795902,pending,Why Does Summer Have To End? (Aloe Blacc Reference),,Kanye West,Aloe Blacc,Kanye West,Aloe Blacc,featured,https://genius.com/Kanye-west-why-does-summer-have-to-end-aloe-blacc-reference-lyrics,missing_release_year,
9026146,pending,MONKEY,,Kanye West,"Alurgle, thrugle, burgle","Alurgle, thrugle, burgle",Kanye West,featured,https://genius.com/Alurgle-thrugle-burgle-monkey-annotated,annotation_or_non_song_risk;missing_release_year,
9995393,pending,Star Time,,Kanye West,Anderson .Paak,Kanye West,Anderson .Paak,featured,https://genius.com/Kanye-west-star-time-lyrics,missing_release_year,
13721593,pending,Cold Winds (DONDA LEAK),2021,Kanye West,André 3000,Kanye West,André 3000,featured,https://genius.com/Kanye-west-cold-winds-donda-leak-lyrics,,
9446986,pending,Life Of The Party (OBLCR),2021,Kanye West,André 3000,Kanye West,André 3000,featured,https://genius.com/Kanye-west-life-of-the-party-oblcr-lyrics,,
4938223,pending,Alien / SpaceX (Original),,Kanye West,Ant Clemons,Kanye West,Ant Clemons,featured,https://genius.com/Kanye-west-alien-spacex-original-lyrics,unreleased_or_fan_edit_risk;missing_release_year,
4916266,pending,All Dreams Real,,Kanye West,Ant Clemons,Kanye West,Ant Clemons,featured,https://genius.com/Kanye-west-all-dreams-real-lyrics,missing_release_year,
11783369,pending,All Mine (Tassho Pearce Reference),,Kanye West,Ant Clemons,Kanye West,Ant Clemons,featured,https://genius.com/Kanye-west-and-tassho-pearce-all-mine-tassho-pearce-reference-lyrics,missing_release_year,
6376768,pending,Chakras/We Free,,Kanye West,Ant Clemons,Kanye West,Ant Clemons,featured,https://genius.com/Kanye-west-chakras-we-free-lyrics,missing_release_year,
12961900,pending,City In The Sky (Freestyle),,Kanye West,Ant Clemons,Kanye West,Ant Clemons,featured,https://genius.com/Kanye-west-city-in-the-sky-freestyle-lyrics,missing_release_year,
9976362,pending,Ever Bryan,,Kanye West,Ant Clemons,Kanye West,Ant Clemons,featured,https://genius.com/Kanye-west-ever-bryan-lyrics,missing_release_year,
10144848,pending,Everything We Need [Leaked Version],,Kanye West,Ant Clemons,Kanye West,Ant Clemons,featured,https://genius.com/Kanye-west-everything-we-need-leaked-version-lyrics,missing_release_year,
8977951,pending,Follow The Light,,Kanye West,Ant Clemons,Kanye West,Ant Clemons,featured,https://genius.com/Kanye-west-follow-the-light-lyrics,missing_release_year,
6376751,pending,Godzilla/Alien,,Kanye West,Ant Clemons,Kanye West,Ant Clemons,featured,https://genius.com/Kanye-west-godzilla-alien-lyrics,missing_release_year,
4938171,pending,Hurricane (Young Thug & Ty Dolla $ign Version),,Kanye West,Ant Clemons,Kanye West,Ant Clemons,featured,https://genius.com/Kanye-west-hurricane-young-thug-and-ty-dolla-sign-version-lyrics,missing_release_year,
8336124,pending,In God’s Country (Ant Clemons Reference),,Kanye West,Ant Clemons,Kanye West,Ant Clemons,featured,https://genius.com/Kanye-west-in-gods-country-ant-clemons-reference-lyrics,missing_release_year,
11181346,pending,Lara Croff 6,,Kanye West,Ant Clemons,Kanye West,Ant Clemons,featured,https://genius.com/Kanye-west-lara-croff-6-lyrics,missing_release_year,
3984366,pending,Last Name,,Kanye West,Ant Clemons,Kanye West,Ant Clemons,featured,https://genius.com/Kanye-west-last-name-lyrics,missing_release_year,
12841402,pending,Law Of Attraction (Clipse Version),,Kanye West,Ant Clemons,Kanye West,Ant Clemons,featured,https://genius.com/Kanye-west-and-clipse-law-of-attraction-clipse-version-lyrics,missing_release_year,
6237588,pending,Lovely,,Kanye West,Ant Clemons,Kanye West,Ant Clemons,featured,https://genius.com/Kanye-west-lovely-lyrics,missing_release_year,
5159728,pending,New Body (Ant Clemons Reference),,Kanye West,Ant Clemons,Kanye West,Ant Clemons,featured,https://genius.com/Kanye-west-new-body-ant-clemons-reference-lyrics,missing_release_year,
6182977,pending,Redlo (Wasten Me),,Kanye West,Ant Clemons,Kanye West,Ant Clemons,featured,https://genius.com/Kanye-west-redlo-wasten-me-lyrics,missing_release_year,
7814444,pending,Serving God (Ant Clemons Reference),,Kanye West,Ant Clemons,Kanye West,Ant Clemons,featured,https://genius.com/Kanye-west-serving-god-ant-clemons-reference-lyrics,missing_release_year,
5353846,pending,She’s Lovely,,Kanye West,Ant Clemons,Ant Clemons,Kanye West,featured,https://genius.com/Ant-clemons-shes-lovely-lyrics,missing_release_year,
5377592,pending,Slave Name,,Kanye West,Ant Clemons,Kanye West,Ant Clemons,featured,https://genius.com/Kanye-west-slave-name-lyrics,missing_release_year,
13747287,pending,Take Me To The Light [V6],,Kanye West,Ant Clemons,Kanye West,Ant Clemons,featured,https://genius.com/Kanye-west-take-me-to-the-light-v6-lyrics,unreleased_or_fan_edit_risk;missing_release_year,
5030863,pending,The Garden,,Kanye West,Ant Clemons,Kanye West,Ant Clemons,featured,https://genius.com/Kanye-west-the-garden-lyrics,missing_release_year,
9245390,pending,Alien (070 Shake Version),2018,Kanye West,Ant Clemons,Kanye West,Ant Clemons,featured,https://genius.com/Kanye-west-alien-070-shake-version-lyrics,,
12014122,pending,"Alien (ft. Ant Clemons,Young Thug,Quavo & Kid Cudi)",2018,Kanye West,Ant Clemons,Kanye West,Ant Clemons,featured,https://genius.com/Kanye-west-alien-ft-ant-clemonsyoung-thugquavo-and-kid-cudi-lyrics,,
9893404,pending,Calm (Interlude),2018,Kanye West,Ant Clemons,Kanye West,Ant Clemons,featured,https://genius.com/Kanye-west-calm-interlude-lyrics,,
4694763,pending,Space X / Alien,2018,Kanye West,Ant Clemons,Kanye West,Ant Clemons,featured,https://genius.com/Kanye-west-space-x-alien-lyrics,,
12978143,pending,Alien (Sean Leon Reference),2019,Kanye West,Ant Clemons,Kanye West,Ant Clemons,featured,https://genius.com/Kanye-west-alien-sean-leon-reference-lyrics,,
10200416,pending,Cash to Burn,2019,Kanye West,Ant Clemons,Kanye West,Ant Clemons,featured,https://genius.com/Kanye-west-cash-to-burn-lyrics,,
4966857,pending,Everything We Need,2019,Kanye West,Ant Clemons,Kanye West,Ant Clemons,featured,https://genius.com/Kanye-west-everything-we-need-lyrics,,
4701253,pending,Law of Attraction,2019,Kanye West,Ant Clemons,Kanye West,Ant Clemons,featured,https://genius.com/Kanye-west-law-of-attraction-lyrics,,
4494445,pending,Water,2019,Kanye West,Ant Clemons,Kanye West,Ant Clemons,featured,https://genius.com/Kanye-west-water-lyrics,,
374013,pending,We Are the World 25 for Haiti,2010,Kanye West,Artists For Haiti,Artists For Haiti,Kanye West,featured,https://genius.com/Artists-for-haiti-we-are-the-world-25-for-haiti-lyrics,,
3858994,pending,"Rocky, Ferg and Kanye Freestyle",2018,Kanye West,AWGE,AWGE,Kanye West,featured,https://genius.com/Awge-rocky-ferg-and-kanye-freestyle-lyrics,,
11786962,pending,Padded Walls,,Kanye West,Azealia Banks,Kanye West,Azealia Banks,featured,https://genius.com/Kanye-west-padded-walls-lyrics,missing_release_year,
7163702,pending,TEKKEN,,Kanye West,Azealia Banks,Kanye West,Azealia Banks,featured,https://genius.com/Kanye-west-tekken-lyrics,missing_release_year,
13235602,pending,Padded Walls [V4],2013,Kanye West,Azealia Banks,Kanye West,Azealia Banks,featured,https://genius.com/Kanye-west-padded-walls-v4-lyrics,unreleased_or_fan_edit_risk,
11045,pending,Do You Have the Stamina?,2009,Kanye West,B.o.B,B.o.B,Kanye West,featured,https://genius.com/Bob-do-you-have-the-stamina-lyrics,,
8331604,pending,Flagstaff,,Kanye West,Baby Keem,Kanye West,Baby Keem,featured,https://genius.com/Kanye-west-flagstaff-lyrics,missing_release_year,
5780838,pending,Praise God,2021,Kanye West,Baby Keem,Kanye West,Baby Keem,featured,https://genius.com/Kanye-west-praise-god-lyrics,,
13381507,pending,WE DID IT KID,2022,Kanye West,Baby Keem,Kanye West,Baby Keem,featured,https://genius.com/Kanye-west-we-did-it-kid-lyrics,,
191178,pending,You Know,2004,Kanye West,Belo Zero,Kanye West,Belo Zero,featured,https://genius.com/Kanye-west-you-know-lyrics,,
1522,pending,2010 BET Hip Hop Awards - Cypher 5,2010,Kanye West,BET,BET,Kanye West,featured,https://genius.com/Bet-2010-bet-hip-hop-awards-cypher-5-lyrics,,
1003,pending,See Me Now,2010,Kanye West,Beyoncé,Kanye West,Beyoncé,featured,https://genius.com/Kanye-west-see-me-now-lyrics,,
5721309,pending,Eternal Life,,Kanye West,Big Sean,Kanye West,Big Sean,featured,https://genius.com/Kanye-west-eternal-life-lyrics,missing_release_year,
8306668,pending,Hurricane (Big Sean & Ty Dolla $ign Version),,Kanye West,Big Sean,Kanye West,Big Sean,featured,https://genius.com/Kanye-west-hurricane-big-sean-and-ty-dolla-sign-version-lyrics,missing_release_year,
5044493,pending,Hurricane (Big Sean Version),,Kanye West,Big Sean,Kanye West,Big Sean,featured,https://genius.com/Kanye-west-hurricane-big-sean-version-lyrics,missing_release_year,
5061204,pending,Time to Eat*,,Kanye West,Big Sean,Big Sean,Kanye West,featured,https://genius.com/Big-sean-time-to-eat-lyrics,missing_release_year,
4697662,pending,Ultralight Beam (Big Sean Reference),,Kanye West,Big Sean,Kanye West,Big Sean,featured,https://genius.com/Kanye-west-ultralight-beam-big-sean-reference-lyrics,missing_release_year,
2018860,pending,Intro (Finally Famous),2007,Kanye West,Big Sean,Big Sean,Kanye West,featured,https://genius.com/Big-sean-intro-finally-famous-lyrics,,
50270,pending,Glenwood,2009,Kanye West,Big Sean,Big Sean,Kanye West,featured,https://genius.com/Big-sean-glenwood-lyrics,,
2658,pending,Christmas in Harlem (GOOD Fridays Version),2010,Kanye West,Big Sean,Kanye West,Big Sean,featured,https://genius.com/Kanye-west-christmas-in-harlem-good-fridays-version-lyrics,,
13530494,pending,Christmas In Harlem (UnCut 9 Min Version),2010,Kanye West,Big Sean,Kanye West,Big Sean,featured,https://genius.com/Kanye-west-christmas-in-harlem-uncut-9-min-version-lyrics,,
1611,pending,Don’t Look Down,2010,Kanye West,Big Sean,Kanye West,Big Sean,featured,https://genius.com/Kanye-west-dont-look-down-lyrics,,
1279,pending,G.O.O.D. Friday,2010,Kanye West,Big Sean,Kanye West,Big Sean,featured,https://genius.com/Kanye-west-good-friday-lyrics,,
1811,pending,Looking for Trouble,2010,Kanye West,Big Sean,Kanye West,Big Sean,featured,https://genius.com/Kanye-west-looking-for-trouble-lyrics,,
1003,pending,See Me Now,2010,Kanye West,Big Sean,Kanye West,Big Sean,featured,https://genius.com/Kanye-west-see-me-now-lyrics,,
51026,pending,Marvin & Chardonnay,2011,Kanye West,Big Sean,Big Sean,Kanye West,featured,https://genius.com/Big-sean-marvin-and-chardonnay-lyrics,,
94434,pending,Guap,2012,Kanye West,Big Sean,Big Sean,Kanye West,featured,https://genius.com/Big-sean-guap-lyrics,,
70324,pending,Mercy,2012,Kanye West,Big Sean,Kanye West,Big Sean,featured,https://genius.com/Kanye-west-mercy-lyrics,,
703429,pending,All Your Fault,2015,Kanye West,Big Sean,Big Sean,Kanye West,featured,https://genius.com/Big-sean-all-your-fault-lyrics,,
4341721,pending,Blessings (Extended Version),2015,Kanye West,Big Sean,Big Sean,Kanye West,featured,https://genius.com/Big-sean-blessings-extended-version-lyrics,,
701664,pending,One Man Can Change the World,2015,Kanye West,Big Sean,Big Sean,Kanye West,featured,https://genius.com/Big-sean-one-man-can-change-the-world-lyrics,,
4908236,pending,All the Time,2019,Kanye West,Big Sean,Big Sean,Kanye West,featured,https://genius.com/Big-sean-all-the-time-lyrics,,
11567145,pending,Rap City Freestyle,2004,Kanye West,Big Tigger,Kanye West,Big Tigger,featured,https://genius.com/Kanye-west-rap-city-freestyle-lyrics,,
25790,pending,Impossible,2006,Kanye West,BJ the Chicago Kid,Kanye West,BJ the Chicago Kid,featured,https://genius.com/Kanye-west-impossible-lyrics,,
9602111,pending,Tiffany Lockdown,,Kanye West,Black Cards,Black Cards,Kanye West,featured,https://genius.com/Black-cards-tiffany-lockdown-lyrics,missing_release_year,
9793768,pending,God Level (BOOTS Reference),2014,Kanye West,BOOTS,Kanye West,BOOTS,featured,https://genius.com/Kanye-west-god-level-boots-reference-lyrics,,
9793838,pending,Wolves (BOOTS Reference),2014,Kanye West,BOOTS,Kanye West,BOOTS,featured,https://genius.com/Kanye-west-wolves-boots-reference-lyrics,,
7613436,pending,He Gave It All,,Kanye West,Boyz II Men,Kanye West,Boyz II Men,featured,https://genius.com/Kanye-west-he-gave-it-all-lyrics,missing_release_year,
7410946,pending,He Gave It All (KayCyy Reference),,Kanye West,Boyz II Men,Kanye West,Boyz II Men,featured,https://genius.com/Kanye-west-he-gave-it-all-kaycyy-reference-lyrics,missing_release_year,
151360,pending,Talk About Our Love,2004,Kanye West,Brandy,Brandy,Kanye West,featured,https://genius.com/Brandy-talk-about-our-love-lyrics,,
3137,pending,Bring Me Down,2005,Kanye West,Brandy,Kanye West,Brandy,featured,https://genius.com/Kanye-west-bring-me-down-lyrics,,
12795637,pending,Only For the Night (Early Kanye Version),,Kanye West,Brenda Russell,Kanye West,Brenda Russell,featured,https://genius.com/Kanye-west-only-for-the-night-early-kanye-version-lyrics,missing_release_year,
9531945,pending,Heaven And Earth,,Kanye West,Buju Banton,Kanye West,Buju Banton,featured,https://genius.com/Kanye-west-heaven-and-earth-lyrics,missing_release_year,
8935124,pending,Stand United (French Montana Reference),,Kanye West,Buju Banton,Kanye West,Buju Banton,featured,https://genius.com/Kanye-west-stand-united-french-montana-reference-lyrics,missing_release_year,
8267778,pending,Stand United (Original),2020,Kanye West,Buju Banton,Kanye West,Buju Banton,featured,https://genius.com/Kanye-west-stand-united-original-lyrics,unreleased_or_fan_edit_risk,
5999243,pending,Believe What I Say,2021,Kanye West,Buju Banton,Kanye West,Buju Banton,featured,https://genius.com/Kanye-west-believe-what-i-say-lyrics,,
12171,pending,Top This,,Kanye West,Bump J,Bump J,Kanye West,featured,https://genius.com/Bump-j-top-this-lyrics,missing_release_year,
147622,pending,Move Around,2004,Kanye West,Bump J,Bump J,Kanye West,featured,https://genius.com/Bump-j-move-around-lyrics,,
7215944,pending,Yeezy II,,Kanye West,Bun B,Kanye West,Bun B,featured,https://genius.com/Kanye-west-yeezy-ii-lyrics,missing_release_year,
256016,pending,Thank You,2013,Kanye West,Busta Rhymes,Busta Rhymes,Kanye West,featured,https://genius.com/Busta-rhymes-thank-you-lyrics,,
7738582,pending,Didn’t I,,Kanye West,Cailin Russo,Kanye West,Cailin Russo,featured,https://genius.com/Kanye-west-didnt-i-lyrics,missing_release_year,
8341256,pending,Ops Block (Remote Control Freestyle),,Kanye West,Cailin Russo,Kanye West,Cailin Russo,featured,https://genius.com/Kanye-west-ops-block-remote-control-freestyle-lyrics,missing_release_year,
8453539,pending,Started A Church I Wasn’t Christian Enough (Freestyle),,Kanye West,Caliveli,Kanye West,Caliveli,featured,https://genius.com/Kanye-west-started-a-church-i-wasnt-christian-enough-freestyle-lyrics,missing_release_year,
5,pending,Down And Out,2004,Kanye West,Cam’ron,Cam’ron,Kanye West,featured,https://genius.com/Camron-down-and-out-lyrics,,
684,pending,Gone,2005,Kanye West,Cam’ron,Kanye West,Cam’ron,featured,https://genius.com/Kanye-west-gone-lyrics,,
2658,pending,Christmas in Harlem (GOOD Fridays Version),2010,Kanye West,Cam’ron,Kanye West,Cam’ron,featured,https://genius.com/Kanye-west-christmas-in-harlem-good-fridays-version-lyrics,,
13530494,pending,Christmas In Harlem (UnCut 9 Min Version),2010,Kanye West,Cam’ron,Kanye West,Cam’ron,featured,https://genius.com/Kanye-west-christmas-in-harlem-uncut-9-min-version-lyrics,,
11196825,pending,Down and Out (Mixed),2024,Kanye West,Cam’ron,Cam’ron,Kanye West,featured,https://genius.com/Camron-down-and-out-mixed-lyrics,mix_or_compilation_risk,
13300533,pending,COME 4 ¥E,2026,Kanye West,Cancer Merchant,Cancer Merchant,Kanye West,featured,https://genius.com/Cancer-merchant-come-4-e-lyrics,,
146671,pending,The Way That You Do,,Kanye West,Carl Thomas,Carl Thomas,Kanye West,featured,https://genius.com/Carl-thomas-the-way-that-you-do-lyrics,missing_release_year,
13747287,pending,Take Me To The Light [V6],,Kanye West,Caroline Shaw,Kanye West,Caroline Shaw,featured,https://genius.com/Kanye-west-take-me-to-the-light-v6-lyrics,unreleased_or_fan_edit_risk;missing_release_year,
2934922,pending,Through the Wire (Original),2003,Kanye West,Chaka Khan,Kanye West,Chaka Khan,featured,https://genius.com/Kanye-west-through-the-wire-original-lyrics,unreleased_or_fan_edit_risk,
13311,pending,Call Some Hoes,2004,Kanye West,Chamillionaire,Chamillionaire,Kanye West,featured,https://genius.com/Chamillionaire-call-some-hoes-lyrics,,
3962414,pending,Black Men Don’t Cheat,,Kanye West,Chance the Rapper,Kanye West,Chance the Rapper,featured,https://genius.com/Kanye-west-black-men-dont-cheat-lyrics,missing_release_year,
2861193,pending,Famous (Original Version),,Kanye West,Chance the Rapper,Kanye West,Chance the Rapper,featured,https://genius.com/Kanye-west-famous-original-version-lyrics,unreleased_or_fan_edit_risk;missing_release_year,
2479123,pending,Nina Chop (Chance The Rapper Version),,Kanye West,Chance the Rapper,Kanye West,Chance the Rapper,featured,https://genius.com/Kanye-west-nina-chop-chance-the-rapper-version-lyrics,missing_release_year,
13747287,pending,Take Me To The Light [V6],,Kanye West,Chance the Rapper,Kanye West,Chance the Rapper,featured,https://genius.com/Kanye-west-take-me-to-the-light-v6-lyrics,unreleased_or_fan_edit_risk;missing_release_year,
2472231,pending,All We Got,2016,Kanye West,Chance the Rapper,Chance the Rapper,Kanye West,featured,https://genius.com/Chance-the-rapper-all-we-got-lyrics,,
2413549,pending,Ultralight Beam,2016,Kanye West,Chance the Rapper,Kanye West,Chance the Rapper,featured,https://genius.com/Kanye-west-ultralight-beam-lyrics,,
11551989,pending,No More Games,,Kanye West,Chantal Kreviazuk,Kanye West,Chantal Kreviazuk,featured,https://genius.com/Kanye-west-no-more-games-lyrics,missing_release_year,
3754868,pending,kanye west / charlamagne interview,2018,Kanye West,Charlamagne Tha God,Charlamagne Tha God,Kanye West,featured,https://genius.com/Charlamagne-tha-god-kanye-west-charlamagne-interview-annotated,annotation_or_non_song_risk,
8434447,pending,Awesome,,Kanye West,Charlie Wilson,Kanye West,Charlie Wilson,featured,https://genius.com/Kanye-west-awesome-lyrics,missing_release_year,
9280890,pending,Ghetto University,2009,Kanye West,Charlie Wilson,Kanye West,Charlie Wilson,featured,https://genius.com/Kanye-west-ghetto-university-lyrics,,
1279,pending,G.O.O.D. Friday,2010,Kanye West,Charlie Wilson,Kanye West,Charlie Wilson,featured,https://genius.com/Kanye-west-good-friday-lyrics,,
1323,pending,"Lord, Lord, Lord",2010,Kanye West,Charlie Wilson,Kanye West,Charlie Wilson,featured,https://genius.com/Kanye-west-lord-lord-lord-lyrics,,
1003,pending,See Me Now,2010,Kanye West,Charlie Wilson,Kanye West,Charlie Wilson,featured,https://genius.com/Kanye-west-see-me-now-lyrics,,
373064,pending,Nobody To Love [V5],2013,Kanye West,Charlie Wilson,Kanye West,Charlie Wilson,featured,https://genius.com/Kanye-west-nobody-to-love-v5-lyrics,unreleased_or_fan_edit_risk,
4628690,pending,Brothers,2019,Kanye West,Charlie Wilson,Kanye West,Charlie Wilson,featured,https://genius.com/Kanye-west-brothers-lyrics,,
12325916,pending,Everybody’s,2023,Kanye West,Charlie Wilson,Kanye West,Charlie Wilson,featured,https://genius.com/Kanye-west-everybodys-lyrics,,
5466022,pending,Jam 15,,Kanye West,Chief Keef,Kanye West,Chief Keef,featured,https://genius.com/Kanye-west-jam-15-lyrics,missing_release_year,
171397,pending,Hold My Liquor,2013,Kanye West,Chief Keef,Kanye West,Chief Keef,featured,https://genius.com/Kanye-west-hold-my-liquor-lyrics,,
498150,pending,Nobody,2014,Kanye West,Chief Keef,Chief Keef,Kanye West,featured,https://genius.com/Chief-keef-nobody-lyrics,,
10308767,pending,SAY LESS,2024,Kanye West,Childish Gambino,Childish Gambino,Kanye West,featured,https://genius.com/Childish-gambino-say-less-lyrics,,
13748,pending,Changing Lanes,2003,Kanye West,CHOPS,CHOPS,Kanye West,featured,https://genius.com/Chops-changing-lanes-lyrics,,
7172250,pending,New Again (Original),,Kanye West,Chris Brown,Kanye West,Chris Brown,featured,https://genius.com/Kanye-west-new-again-original-lyrics,unreleased_or_fan_edit_risk;missing_release_year,
13790,pending,Down,2007,Kanye West,Chris Brown,Chris Brown,Kanye West,featured,https://genius.com/Chris-brown-down-lyrics,,
2412668,pending,Waves,2016,Kanye West,Chris Brown,Kanye West,Chris Brown,featured,https://genius.com/Kanye-west-waves-lyrics,,
7243766,pending,New Again (Original Donda Version),2021,Kanye West,Chris Brown,Kanye West,Chris Brown,featured,https://genius.com/Kanye-west-new-again-original-donda-version-lyrics,unreleased_or_fan_edit_risk,
552,pending,Homecoming,2007,Kanye West,Chris Martin,Kanye West,Chris Martin,featured,https://genius.com/Kanye-west-homecoming-lyrics,,
13194237,pending,Wake The Dead (Clipse Reference),,Kanye West,Clipse,Kanye West,Clipse,featured,https://genius.com/Kanye-west-wake-the-dead-clipse-reference-lyrics,missing_release_year,
208,pending,Kinda Like a Big Deal,2009,Kanye West,Clipse,Clipse,Kanye West,featured,https://genius.com/Clipse-kinda-like-a-big-deal-lyrics,,
4904479,pending,Use This Gospel,2019,Kanye West,Clipse,Kanye West,Clipse,featured,https://genius.com/Kanye-west-use-this-gospel-lyrics,,
5780832,pending,In God’s Country,,Kanye West,Common,Kanye West,Common,featured,https://genius.com/Kanye-west-in-gods-country-lyrics,missing_release_year,
25758,pending,Better Than Yours,2004,Kanye West,Common,Kanye West,Common,featured,https://genius.com/Kanye-west-better-than-yours-lyrics,,
1083,pending,Get Em High,2004,Kanye West,Common,Kanye West,Common,featured,https://genius.com/Kanye-west-get-em-high-lyrics,,
635,pending,The Food,2004,Kanye West,Common,Common,Kanye West,featured,https://genius.com/Common-the-food-lyrics,,
3056,pending,Back to Basics,2005,Kanye West,Common,Kanye West,Common,featured,https://genius.com/Kanye-west-back-to-basics-lyrics,,
887,pending,GO!,2005,Kanye West,Common,Common,Kanye West,featured,https://genius.com/Common-go-lyrics,,
3398,pending,My Way Home,2005,Kanye West,Common,Kanye West,Common,featured,https://genius.com/Kanye-west-my-way-home-lyrics,,
6290,pending,The Corner,2005,Kanye West,Common,Common,Kanye West,featured,https://genius.com/Common-the-corner-lyrics,,
3141,pending,They Say,2005,Kanye West,Common,Common,Kanye West,featured,https://genius.com/Common-they-say-lyrics,,
3400,pending,We Can Make It Better,2005,Kanye West,Common,Kanye West,Common,featured,https://genius.com/Kanye-west-we-can-make-it-better-lyrics,,
787,pending,Southside,2007,Kanye West,Common,Common,Kanye West,featured,https://genius.com/Common-southside-lyrics,,
5798071,pending,Southside (Snippet),2007,Kanye West,Common,Common,Kanye West,featured,https://genius.com/Common-southside-snippet-lyrics,,
6797229,pending,Start the Show,2007,Kanye West,Common,Common,Kanye West,featured,https://genius.com/Common-start-the-show-lyrics,,
14427,pending,Punch Drunk Love,2008,Kanye West,Common,Common,Kanye West,featured,https://genius.com/Common-punch-drunk-love-lyrics,,
1279,pending,G.O.O.D. Friday,2010,Kanye West,Common,Kanye West,Common,featured,https://genius.com/Kanye-west-good-friday-lyrics,,
9988588,pending,My Way Home [Mixed],2023,Kanye West,Common,Kanye West,Common,featured,https://genius.com/Kanye-west-my-way-home-mixed-lyrics,mix_or_compilation_risk,
371151,pending,"On Paparazzi, Celebrities, and Activists",2008,Kanye West,Conan O’Brien,Kanye West,Conan O’Brien,featured,https://genius.com/Kanye-west-on-paparazzi-celebrities-and-activists-annotated,annotation_or_non_song_risk,
12642662,pending,Feedback [Consequence Reference],,Kanye West,Consequence,Kanye West,Consequence,featured,https://genius.com/Kanye-west-feedback-consequence-reference-lyrics,missing_release_year,
5780837,pending,Our King,,Kanye West,Consequence,Kanye West,Consequence,featured,https://genius.com/Kanye-west-our-king-lyrics,missing_release_year,
8326132,pending,Our King (Consequence & KayCyy Reference),,Kanye West,Consequence,Kanye West,Consequence,featured,https://genius.com/Kanye-west-our-king-consequence-and-kaycyy-reference-lyrics,missing_release_year,
709776,pending,Roommates,,Kanye West,Consequence,Kanye West,Consequence,featured,https://genius.com/Kanye-west-roommates-lyrics,missing_release_year,
362949,pending,Overreact,2002,Kanye West,Consequence,Kanye West,Consequence,featured,https://genius.com/Kanye-west-overreact-lyrics,,
25747,pending,’03 Electic Relaxation,2003,Kanye West,Consequence,Kanye West,Consequence,featured,https://genius.com/Kanye-west-03-electic-relaxation-lyrics,,
14539,pending,Getting Out the Game,2004,Kanye West,Consequence,Consequence,Kanye West,featured,https://genius.com/Consequence-getting-out-the-game-lyrics,,
28791,pending,I See Now,2004,Kanye West,Consequence,Consequence,Kanye West,featured,https://genius.com/Consequence-i-see-now-lyrics,,
5351,pending,So Soulful,2004,Kanye West,Consequence,Consequence,Kanye West,featured,https://genius.com/Consequence-so-soulful-lyrics,,
78739,pending,Take It As A Loss,2004,Kanye West,Consequence,Consequence,Kanye West,featured,https://genius.com/Consequence-take-it-as-a-loss-lyrics,,
10245143,pending,Through the Bottles,2004,Kanye West,Consequence,Kanye West,Consequence,featured,https://genius.com/Kanye-west-through-the-bottles-lyrics,,
14538,pending,Turn Ya Self In,2004,Kanye West,Consequence,Consequence,Kanye West,featured,https://genius.com/Consequence-turn-ya-self-in-lyrics,,
14535,pending,’03 Til Infinity,2004,Kanye West,Consequence,Consequence,Kanye West,featured,https://genius.com/Consequence-03-til-infinity-lyrics,,
684,pending,Gone,2005,Kanye West,Consequence,Kanye West,Consequence,featured,https://genius.com/Kanye-west-gone-lyrics,,
14533,pending,Whatever U Want,2009,Kanye West,Consequence,Consequence,Kanye West,featured,https://genius.com/Consequence-whatever-u-want-lyrics,,
1964,pending,Chain Heavy,2010,Kanye West,Consequence,Kanye West,Consequence,featured,https://genius.com/Kanye-west-chain-heavy-lyrics,,
11521608,pending,Whatever U Want (G.O.O.D. vs. Bad - Megamix),2010,Kanye West,Consequence,Consequence,Kanye West,featured,https://genius.com/Consequence-whatever-u-want-good-vs-bad-megamix-lyrics,,
10751545,pending,"30 Hours, Pt. 2",2016,Kanye West,Consequence,Kanye West,Consequence,featured,https://genius.com/Kanye-west-30-hours-pt-2-lyrics,,
9512699,pending,Tell The Vision (Original),,Kanye West,Conway the Machine,Kanye West,Conway the Machine,featured,https://genius.com/Kanye-west-tell-the-vision-original-lyrics,unreleased_or_fan_edit_risk;missing_release_year,
11101147,pending,No Bad News,2024,Kanye West,Cordae,Cordae,Kanye West,featured,https://genius.com/Cordae-no-bad-news-lyrics,,
13250432,pending,Christmas In Harlem (Original),,Kanye West,CyHi,Kanye West,CyHi,featured,https://genius.com/Kanye-west-christmas-in-harlem-original-lyrics,unreleased_or_fan_edit_risk;missing_release_year,
9486555,pending,God Level (CyHi Reference),,Kanye West,CyHi,Kanye West,CyHi,featured,https://genius.com/Kanye-west-god-level-cyhi-reference-lyrics,missing_release_year,
6461317,pending,Law of Attraction (CyHi Reference),,Kanye West,CyHi,Kanye West,CyHi,featured,https://genius.com/Kanye-west-law-of-attraction-cyhi-reference-lyrics,missing_release_year,
7215944,pending,Yeezy II,,Kanye West,CyHi,Kanye West,CyHi,featured,https://genius.com/Kanye-west-yeezy-ii-lyrics,missing_release_year,
9808524,pending,You Ain’t No Model,,Kanye West,CyHi,CyHi,Kanye West,featured,https://genius.com/Cyhi-you-aint-no-model-lyrics,missing_release_year,
62182,pending,Christmas In Harlem,2010,Kanye West,CyHi,Kanye West,CyHi,featured,https://genius.com/Kanye-west-christmas-in-harlem-lyrics,,
2658,pending,Christmas in Harlem (GOOD Fridays Version),2010,Kanye West,CyHi,Kanye West,CyHi,featured,https://genius.com/Kanye-west-christmas-in-harlem-good-fridays-version-lyrics,,
13530494,pending,Christmas In Harlem (UnCut 9 Min Version),2010,Kanye West,CyHi,Kanye West,CyHi,featured,https://genius.com/Kanye-west-christmas-in-harlem-uncut-9-min-version-lyrics,,
1811,pending,Looking for Trouble,2010,Kanye West,CyHi,Kanye West,CyHi,featured,https://genius.com/Kanye-west-looking-for-trouble-lyrics,,
1353,pending,So Appalled,2010,Kanye West,CyHi,Kanye West,CyHi,featured,https://genius.com/Kanye-west-so-appalled-lyrics,,
1527,pending,Take One For The Team,2010,Kanye West,CyHi,Kanye West,CyHi,featured,https://genius.com/Kanye-west-take-one-for-the-team-lyrics,,
3296505,pending,Dat Side,2017,Kanye West,CyHi,CyHi,Kanye West,featured,https://genius.com/Cyhi-dat-side-lyrics,,
5650261,pending,Model (You Ain’t No Model),2017,Kanye West,CyHi,CyHi,Kanye West,featured,https://genius.com/Cyhi-model-you-aint-no-model-lyrics,,
13431727,pending,BAD GUY,2026,Kanye West,CyHi,Kanye West,CyHi,featured,https://genius.com/Kanye-west-bad-guy-lyrics,,
11725735,pending,Nah Nah Nah (Alt. production),,Kanye West,DaBaby,Kanye West,DaBaby,featured,https://genius.com/Kanye-west-nah-nah-nah-alt-production-lyrics,missing_release_year,
9609824,pending,Nah Nah Nah (New Version),,Kanye West,DaBaby,Kanye West,DaBaby,featured,https://genius.com/Kanye-west-nah-nah-nah-new-version-lyrics,missing_release_year,
7673622,pending,What I Want To*,,Kanye West,DaBaby,Kanye West,DaBaby,featured,https://genius.com/Kanye-west-what-i-want-to-lyrics,missing_release_year,
7151165,pending,"Jail, Pt. 2",2021,Kanye West,DaBaby,Kanye West,DaBaby,featured,https://genius.com/Kanye-west-jail-pt-2-lyrics,,
12418815,pending,Kanye West Vodaphone Mixtape,2007,Kanye West,Daft Punk,Kanye West,Daft Punk,featured,https://genius.com/Kanye-west-kanye-west-vodaphone-mixtape-lyrics,,
2896892,pending,Daft Punk Louis Vuitton Full Mix 2008,2008,Kanye West,Daft Punk,Daft Punk,Kanye West,featured,https://genius.com/Daft-punk-daft-punk-louis-vuitton-full-mix-2008-annotated,annotation_or_non_song_risk,
10095579,pending,Champions Snippet,2002,Kanye West,Dame Dash,Kanye West,Dame Dash,featured,https://genius.com/Kanye-west-champions-snippet-lyrics,,
12132635,pending,"Day In, Day Out",2019,Kanye West,De La Soul,Kanye West,De La Soul,featured,https://genius.com/Kanye-west-day-in-day-out-lyrics,,
8013291,pending,NASDAQ,,Kanye West,Dem Jointz,Kanye West,Dem Jointz,featured,https://genius.com/Kanye-west-nasdaq-lyrics,missing_release_year,
8173607,pending,What Has America Done For Me?,,Kanye West,Dem Jointz,Kanye West,Dem Jointz,featured,https://genius.com/Kanye-west-what-has-america-done-for-me-lyrics,missing_release_year,
8602523,pending,Get Your Lies Straight,2022,Kanye West,Demegod,Demegod,Kanye West,featured,https://genius.com/Demegod-get-your-lies-straight-lyrics,,
11961612,pending,"oh denny,",1962,Kanye West,denny likes squirls,denny likes squirls,Kanye West,featured,https://genius.com/Denny-likes-squirls-oh-denny-lyrics,,
13272798,pending,Intro (Review Copy for Entertainment Weekly),,Kanye West,DeRay Davis,Kanye West,DeRay Davis,featured,https://genius.com/Kanye-west-intro-review-copy-for-entertainment-weekly-annotated,annotation_or_non_song_risk;missing_release_year,
13431727,pending,BAD GUY,2026,Kanye West,Derrick Milano,Kanye West,Derrick Milano,featured,https://genius.com/Kanye-west-bad-guy-lyrics,,
6376768,pending,Chakras/We Free,,Kanye West,Desiigner,Kanye West,Desiigner,featured,https://genius.com/Kanye-west-chakras-we-free-lyrics,missing_release_year,
12961900,pending,City In The Sky (Freestyle),,Kanye West,Desiigner,Kanye West,Desiigner,featured,https://genius.com/Kanye-west-city-in-the-sky-freestyle-lyrics,missing_release_year,
6954565,pending,Father Stretch My Hands Pt. 1 & Pt. 2,,Kanye West,Desiigner,Kanye West,Desiigner,featured,https://genius.com/Kanye-west-father-stretch-my-hands-pt-1-and-pt-2-lyrics,missing_release_year,
12509195,pending,New Body [V8],,Kanye West,Desiigner,Kanye West,Desiigner,featured,https://genius.com/Kanye-west-new-body-v8-lyrics,unreleased_or_fan_edit_risk;missing_release_year,
4911632,pending,Sky City,,Kanye West,Desiigner,Kanye West,Desiigner,featured,https://genius.com/Kanye-west-sky-city-lyrics,missing_release_year,
2421331,pending,Freestyle 4,2016,Kanye West,Desiigner,Kanye West,Desiigner,featured,https://genius.com/Kanye-west-freestyle-4-lyrics,,
2421998,pending,Pt. 2,2016,Kanye West,Desiigner,Kanye West,Desiigner,featured,https://genius.com/Kanye-west-pt-2-lyrics,,
12212142,pending,Like It*,,Kanye West,Diddy,Diddy,Kanye West,featured,https://genius.com/Diddy-like-it-lyrics,missing_release_year,
12212399,pending,Intro (Kendrick Lamar Reference),2016,Kanye West,Diddy,Diddy,Kanye West,featured,https://genius.com/Diddy-intro-kendrick-lamar-reference-lyrics,,
8588480,pending,BICK Hedi Slimane TTA P5,,Kanye West,Digital Nas,Digital Nas,Kanye West,featured,https://genius.com/Digital-nas-bick-hedi-slimane-tta-p5-lyrics,missing_release_year,
9508857,pending,Flowers (Original),,Kanye West,Digital Nas,Digital Nas,Kanye West,featured,https://genius.com/Digital-nas-flowers-original-lyrics,unreleased_or_fan_edit_risk;missing_release_year,
10103164,pending,MADE IT,,Kanye West,Digital Nas,Digital Nas,Kanye West,featured,https://genius.com/Digital-nas-made-it-lyrics,missing_release_year,
11915686,pending,Turn To Gold*,2021,Kanye West,Digital Nas,Digital Nas,Kanye West,featured,https://genius.com/Digital-nas-turn-to-gold-lyrics,,
10918875,pending,bLCK hedi SliManE,2022,Kanye West,Digital Nas,Digital Nas,Kanye West,featured,https://genius.com/Digital-nas-blck-hedi-slimane-lyrics,,
2313,pending,This Way,2004,Kanye West,Dilated Peoples,Dilated Peoples,Kanye West,featured,https://genius.com/Dilated-peoples-this-way-lyrics,,
17034,pending,Like This/Almost (Skit),2006,Kanye West,DJ Clue,DJ Clue,Kanye West,featured,https://genius.com/Dj-clue-like-this-almost-skit-lyrics,,
17058,pending,Finer Things,2008,Kanye West,DJ Felli Fel,DJ Felli Fel,Kanye West,featured,https://genius.com/Dj-felli-fel-finer-things-lyrics,,
10302466,pending,Flute Flow Freestyle,2009,Kanye West,DJ Hot Day,DJ Hot Day,Kanye West,featured,https://genius.com/Dj-hot-day-flute-flow-freestyle-lyrics,,
9875574,pending,LOSING CONTROL,,Kanye West,DJ Khaled,DJ Khaled,Kanye West,featured,https://genius.com/Dj-khaled-losing-control-lyrics,missing_release_year,
8317785,pending,THEY SO MAD,,Kanye West,DJ Khaled,DJ Khaled,Kanye West,featured,https://genius.com/Dj-khaled-they-so-mad-lyrics,missing_release_year,
5227,pending,Grammy Family,2006,Kanye West,DJ Khaled,DJ Khaled,Kanye West,featured,https://genius.com/Dj-khaled-grammy-family-lyrics,,
3222565,pending,Intro (Listennn... the Album),2006,Kanye West,DJ Khaled,DJ Khaled,Kanye West,featured,https://genius.com/Dj-khaled-intro-listennn-the-album-lyrics,,
871,pending,Go Hard,2008,Kanye West,DJ Khaled,DJ Khaled,Kanye West,featured,https://genius.com/Dj-khaled-go-hard-lyrics,,
79532,pending,I Wish You Would,2012,Kanye West,DJ Khaled,DJ Khaled,Kanye West,featured,https://genius.com/Dj-khaled-i-wish-you-would-lyrics,,
2170,pending,Everything I Am,2007,Kanye West,DJ Premier,Kanye West,DJ Premier,featured,https://genius.com/Kanye-west-everything-i-am-lyrics,,
12959903,pending,Suicidal ’Thoughts (DJ White Lotus Runaway Mashup),2013,Kanye West,DJ White Lotus,DJ White Lotus,Kanye West,featured,https://genius.com/Dj-white-lotus-suicidal-thoughts-dj-white-lotus-runaway-mashup-lyrics,,
10516130,pending,Lifesize (Fat Money Reference),,Kanye West,Don Toliver,Kanye West,Don Toliver,featured,https://genius.com/Kanye-west-lifesize-fat-money-reference-lyrics,missing_release_year,
8610205,pending,Livin It Up (City of Lost Angels),,Kanye West,Don Toliver,Kanye West,Don Toliver,featured,https://genius.com/Kanye-west-livin-it-up-city-of-lost-angels-lyrics,missing_release_year,
12955361,pending,THIS ONE HERE (Reference),,Kanye West,Don Toliver,Kanye West,Don Toliver,featured,https://genius.com/Kanye-west-this-one-here-reference-lyrics,missing_release_year,
1791165,pending,SAIC Commencement Lecture,2015,Kanye West,Douglas Druick,Kanye West,Douglas Druick,featured,https://genius.com/Kanye-west-saic-commencement-lecture-annotated,annotation_or_non_song_risk,
5424606,pending,Revenge (Summer Sixteen Original),,Kanye West,Drake,Drake,Kanye West,featured,https://genius.com/Drake-revenge-summer-sixteen-original-lyrics,unreleased_or_fan_edit_risk;missing_release_year,
2450579,pending,Pop Style (Single Version),2016,Kanye West,Drake,Drake,Kanye West,featured,https://genius.com/Drake-pop-style-single-version-lyrics,,
6251854,pending,Chakras (Dreezy Reference),,Kanye West,Dreezy,Kanye West,Dreezy,featured,https://genius.com/Kanye-west-chakras-dreezy-reference-lyrics,missing_release_year,
523,pending,Flashing Lights,2007,Kanye West,Dwele,Kanye West,Dwele,featured,https://genius.com/Kanye-west-flashing-lights-lyrics,,
134365,pending,Scape Goat (The Fix),2013,Kanye West,D’Banj,D’Banj,Kanye West,featured,https://genius.com/Dbanj-scape-goat-the-fix-lyrics,,
2711852,pending,Ellen DeGeneres Interview: Kanye Keeps it Real,2016,Kanye West,Ellen DeGeneres,Kanye West,Ellen DeGeneres,featured,https://genius.com/Kanye-west-ellen-degeneres-interview-kanye-keeps-it-real-annotated,annotation_or_non_song_risk,
11043690,pending,See Me Again [V10],,Kanye West,Elly Jackson,Kanye West,Elly Jackson,featured,https://genius.com/Kanye-west-see-me-again-v10-lyrics,unreleased_or_fan_edit_risk;missing_release_year,
8438585,pending,See Me Again [V4],,Kanye West,Elly Jackson,Kanye West,Elly Jackson,featured,https://genius.com/Kanye-west-see-me-again-v4-lyrics,unreleased_or_fan_edit_risk;missing_release_year,
7110702,pending,Runaway (Film),2010,Kanye West,Elly Jackson,Kanye West,Elly Jackson,featured,https://genius.com/Kanye-west-runaway-film-lyrics,,
2934922,pending,Through the Wire (Original),2003,Kanye West,Elton John,Kanye West,Elton John,featured,https://genius.com/Kanye-west-through-the-wire-original-lyrics,unreleased_or_fan_edit_risk,
8375778,pending,Hate to Love,,Kanye West,EnJay (AUS),EnJay (AUS),Kanye West,featured,https://genius.com/Enjay-aus-hate-to-love-lyrics,missing_release_year,
911942,pending,Grammy Red Carpet Interview with Kanye West,,Kanye West,Entertainment Tonight,Entertainment Tonight,Kanye West,featured,https://genius.com/Entertainment-tonight-grammy-red-carpet-interview-with-kanye-west-lyrics,missing_release_year,
2927,pending,American Boy,2008,Kanye West,Estelle,Estelle,Kanye West,featured,https://genius.com/Estelle-american-boy-lyrics,,
8306339,pending,American Boy [CD Version],2008,Kanye West,Estelle,Estelle,Kanye West,featured,https://genius.com/Estelle-american-boy-cd-version-lyrics,,
8300157,pending,Impatient Boy (Benzi Refix),2008,Kanye West,Estelle,Kanye West,Estelle,featured,https://genius.com/Kanye-west-dj-benzi-and-plain-pat-impatient-boy-benzi-refix-lyrics,,
75260,pending,Pride n Joy,2012,Kanye West,Fat Joe,Fat Joe,Kanye West,featured,https://genius.com/Fat-joe-pride-n-joy-lyrics,,
10516130,pending,Lifesize (Fat Money Reference),,Kanye West,Fat Money,Kanye West,Fat Money,featured,https://genius.com/Kanye-west-lifesize-fat-money-reference-lyrics,missing_release_year,
13749091,pending,Stella Rose,,Kanye West,Felonie Fartinez,Felonie Fartinez,Kanye West,featured,https://genius.com/Felonie-fartinez-stella-rose-lyrics,missing_release_year,
9142650,pending,Kanye West -Heartless (ft Femithegirl1123,2008,Kanye West,Femithegirl1123,Femithegirl1123,Kanye West,featured,https://genius.com/Femithegirl1123-kanye-west-heartless-ft-femithegirl1123-lyrics,,
11487717,pending,Jesus Lord (Fivio Foreign Reference),,Kanye West,Fivio Foreign,Kanye West,Fivio Foreign,featured,https://genius.com/Kanye-west-jesus-lord-fivio-foreign-reference-lyrics,missing_release_year,
8195812,pending,Off The Grid (Explicit),,Kanye West,Fivio Foreign,Kanye West,Fivio Foreign,featured,https://genius.com/Kanye-west-off-the-grid-explicit-lyrics,missing_release_year,
6576850,pending,Off The Grid,2021,Kanye West,Fivio Foreign,Kanye West,Fivio Foreign,featured,https://genius.com/Kanye-west-off-the-grid-lyrics,,
8998213,pending,Concussion,2023,Kanye West,Fivio Foreign,Fivio Foreign,Kanye West,featured,https://genius.com/Fivio-foreign-concussion-lyrics,,
25792,pending,The New Workout Plan (Long Version),2004,Kanye West,Fonzworth Bentley,Kanye West,Fonzworth Bentley,featured,https://genius.com/Kanye-west-the-new-workout-plan-long-version-lyrics,,
51861,pending,Everybody,2008,Kanye West,Fonzworth Bentley,Fonzworth Bentley,Kanye West,featured,https://genius.com/Fonzworth-bentley-everybody-lyrics,,
9575976,pending,I Feel Like That (Frank Ocean Version),,Kanye West,Frank Ocean,Kanye West,Frank Ocean,featured,https://genius.com/Kanye-west-i-feel-like-that-frank-ocean-version-lyrics,missing_release_year,
2439766,pending,Frank’s Track,2016,Kanye West,Frank Ocean,Kanye West,Frank Ocean,featured,https://genius.com/Kanye-west-franks-track-lyrics,,
12132666,pending,Anthem,2019,Kanye West,Frank Ocean,Kanye West,Frank Ocean,featured,https://genius.com/Kanye-west-anthem-lyrics,,
13752059,pending,Freestyle 4 Extended,2022,Kanye West,Franki8000,Franki8000,Kanye West,featured,https://genius.com/Franki8000-freestyle-4-extended-lyrics,,
4824667,pending,Hands On,2019,Kanye West,Fred Hammond,Kanye West,Fred Hammond,featured,https://genius.com/Kanye-west-hands-on-lyrics,,
12325889,pending,Street Light,2023,Kanye West,Freddie Gibbs,Kanye West,Freddie Gibbs,featured,https://genius.com/Kanye-west-street-light-lyrics,,
20335,pending,Turn Out The Lights (Freewest),2003,Kanye West,Freeway,Freeway,Kanye West,featured,https://genius.com/Freeway-turn-out-the-lights-freewest-lyrics,,
800,pending,Two Words,2003,Kanye West,Freeway,Kanye West,Freeway,featured,https://genius.com/Kanye-west-two-words-lyrics,,
2925061,pending,Ass Shots,,Kanye West,French Montana,French Montana,Kanye West,featured,https://genius.com/French-montana-ass-shots-lyrics,missing_release_year,
8935124,pending,Stand United (French Montana Reference),,Kanye West,French Montana,Kanye West,French Montana,featured,https://genius.com/Kanye-west-stand-united-french-montana-reference-lyrics,missing_release_year,
2425253,pending,Figure It Out,2016,Kanye West,French Montana,French Montana,Kanye West,featured,https://genius.com/French-montana-figure-it-out-lyrics,,
7951029,pending,KEEP IT BURNIN (Stem Player Version),,Kanye West,Future,Kanye West,Future,featured,https://genius.com/Kanye-west-keep-it-burnin-stem-player-version-lyrics,missing_release_year,
398159,pending,I Won,2014,Kanye West,Future,Future,Kanye West,featured,https://genius.com/Future-i-won-lyrics,,
7717638,pending,KEEP IT BURNIN,2022,Kanye West,Future,Future,Kanye West,featured,https://genius.com/Future-keep-it-burnin-lyrics,,
8198545,pending,KEEP IT BURNIN (Instrumental),2022,Kanye West,Future,Future,Kanye West,featured,https://genius.com/Future-keep-it-burnin-instrumental-lyrics,,
9513007,pending,"12,000 Acres (FXXXXY Reference)",,Kanye West,FXXXXY,Kanye West,FXXXXY,featured,https://genius.com/Kanye-west-12000-acres-fxxxxy-reference-lyrics,missing_release_year,
10501130,pending,Star Time [version 2],,Kanye West,G-Eazy,Kanye West,G-Eazy,featured,https://genius.com/Kanye-west-star-time-version-2-lyrics,missing_release_year,
2893087,pending,Videography: Kanye West,,Kanye West,Genius Videography,Genius Videography,Kanye West,featured,https://genius.com/Genius-videography-videography-kanye-west-annotated,annotation_or_non_song_risk;missing_release_year,
7110702,pending,Runaway (Film),2010,Kanye West,Gil Scott-Heron,Kanye West,Gil Scott-Heron,featured,https://genius.com/Kanye-west-runaway-film-lyrics,,
12667764,pending,Ain’t No Tellin’ [V2],,Kanye West,GLC,Kanye West,GLC,featured,https://genius.com/Kanye-west-aint-no-tellin-v2-lyrics,unreleased_or_fan_edit_risk;missing_release_year,
11655393,pending,Drug Dealin’ (We Don’t Care Early),2003,Kanye West,GLC,Kanye West,GLC,featured,https://genius.com/Kanye-west-drug-dealin-we-dont-care-early-lyrics,,
3560233,pending,GLC the Knockout King,2003,Kanye West,GLC,Kanye West,GLC,featured,https://genius.com/Kanye-west-glc-the-knockout-king-lyrics,,
25754,pending,Heavy Hitters,2003,Kanye West,GLC,Kanye West,GLC,featured,https://genius.com/Kanye-west-heavy-hitters-lyrics,,
10245143,pending,Through the Bottles,2004,Kanye West,GLC,Kanye West,GLC,featured,https://genius.com/Kanye-west-through-the-bottles-lyrics,,
3612,pending,Drive Slow,2005,Kanye West,GLC,Kanye West,GLC,featured,https://genius.com/Kanye-west-drive-slow-lyrics,,
5919807,pending,Spaceship ’06,2006,Kanye West,GLC,GLC,Kanye West,featured,https://genius.com/Glc-and-a-trak-spaceship-06-lyrics,,
21223,pending,The Big Screen,2008,Kanye West,GLC,GLC,Kanye West,featured,https://genius.com/Glc-the-big-screen-lyrics,,
12035654,pending,Ain’t No Tellin’,2009,Kanye West,GLC,Kanye West,GLC,featured,https://genius.com/Kanye-west-aint-no-tellin-lyrics,,
21230,pending,Flight School,2010,Kanye West,GLC,GLC,Kanye West,featured,https://genius.com/Glc-flight-school-lyrics,,
10492507,pending,Dem Guys,,Kanye West,Go Getters,Kanye West,Go Getters,featured,https://genius.com/Kanye-west-dem-guys-lyrics,missing_release_year,
2878046,pending,Baby’s Coming,2000,Kanye West,Go Getters,Kanye West,Go Getters,featured,https://genius.com/Kanye-west-babys-coming-lyrics,,
8008539,pending,Ya Feel,2000,Kanye West,Go Getters,Kanye West,Go Getters,featured,https://genius.com/Kanye-west-ya-feel-lyrics,,
10494843,pending,187th,2009,Kanye West,Go Getters,Kanye West,Go Getters,featured,https://genius.com/Kanye-west-187th-lyrics,,
11374762,pending,"Gost Niex, I love you…",2001,Kanye West,Gost Niex,Kanye West,Gost Niex,featured,https://genius.com/Kanye-west-gost-niex-i-love-you-lyrics,,
480926,pending,GQ Magazine August 2014 Cover Shoot: Kanye West,2014,Kanye West,GQ Magazine,GQ Magazine,Kanye West,featured,https://genius.com/Gq-magazine-gq-magazine-august-2014-cover-shoot-kanye-west-annotated,annotation_or_non_song_risk,
482216,pending,Kanye West: A Brand-New Ye,2014,Kanye West,GQ Magazine,GQ Magazine,Kanye West,featured,https://genius.com/Gq-magazine-kanye-west-a-brand-new-ye-lyrics,,
146089,pending,Line for Line,1996,Kanye West,GRAV,GRAV,Kanye West,featured,https://genius.com/Grav-line-for-line-lyrics,,
2813793,pending,Pussy Print,2016,Kanye West,Gucci Mane,Gucci Mane,Kanye West,featured,https://genius.com/Gucci-mane-pussy-print-lyrics,,
406885,pending,Kim Kardashian and Kanye West: Keeping Up with Kimye,,Kanye West,Hamish Bowles,Hamish Bowles,Kanye West,featured,https://genius.com/Hamish-bowles-kim-kardashian-and-kanye-west-keeping-up-with-kimye-annotated,annotation_or_non_song_risk;missing_release_year,
5780855,pending,Future Sounds,2020,Kanye West,Harmony Boyd,Kanye West,Harmony Boyd,featured,https://genius.com/Kanye-west-future-sounds-lyrics,,
9947351,pending,"Thirty Mile Zone (Hassan Khaffaf, 070 Shake Ref.)",2023,Kanye West,Hassan Khaffaf,Kanye West,Hassan Khaffaf,featured,https://genius.com/Kanye-west-thirty-mile-zone-hassan-khaffaf-070-shake-ref-lyrics,,
13695366,pending,EV3RYB0DY! (HE3ZY R3MIX),2025,Kanye West,HE4D W0LF,HE4D W0LF,Kanye West,featured,https://genius.com/He4d-w0lf-ev3ryb0dy-he3zy-r3mix-lyrics,,
23627,pending,What You Do to Me,1999,Kanye West,Infamous Syndicate,Infamous Syndicate,Kanye West,featured,https://genius.com/Infamous-syndicate-what-you-do-to-me-lyrics,,
10240000,pending,Big Mac,,Kanye West,Iqbooster,Iqbooster,Kanye West,featured,https://genius.com/Iqbooster-big-mac-lyrics,missing_release_year,
1811,pending,Looking for Trouble,2010,Kanye West,J. Cole,Kanye West,J. Cole,featured,https://genius.com/Kanye-west-looking-for-trouble-lyrics,,
1465,pending,Never Let Me Down,2004,Kanye West,J. Ivy,Kanye West,J. Ivy,featured,https://genius.com/Kanye-west-never-let-me-down-lyrics,,
9148998,pending,By Your Side (J.Lauryn Reference),,Kanye West,J.Lauryn,Kanye West,J.Lauryn,featured,https://genius.com/Kanye-west-by-your-side-jlauryn-reference-lyrics,missing_release_year,
8870987,pending,KEEP IT BURNIN (The Game Reference),,Kanye West,Jack Harlow,Kanye West,Jack Harlow,featured,https://genius.com/Kanye-west-keep-it-burnin-the-game-reference-lyrics,missing_release_year,
9195155,pending,LOUIE BAGS (The Game Reference),,Kanye West,Jack Harlow,Kanye West,Jack Harlow,featured,https://genius.com/Kanye-west-louie-bags-the-game-reference-lyrics,missing_release_year,
8868562,pending,Selfish (Jack Harlow Reference),,Kanye West,Jack Harlow,Kanye West,Jack Harlow,featured,https://genius.com/Kanye-west-selfish-jack-harlow-reference-lyrics,missing_release_year,
24053,pending,Gettin’ It In,2004,Kanye West,Jadakiss,Jadakiss,Kanye West,featured,https://genius.com/Jadakiss-gettin-it-in-lyrics,,
12162660,pending,Motherfuck The Radio,,Kanye West,James Fauntleroy,Kanye West,James Fauntleroy,featured,https://genius.com/Kanye-west-motherfuck-the-radio-lyrics,missing_release_year,
32248,pending,Extravaganza,2005,Kanye West,Jamie Foxx,Jamie Foxx,Kanye West,featured,https://genius.com/Jamie-foxx-extravaganza-lyrics,,
1267,pending,Gold Digger,2005,Kanye West,Jamie Foxx,Kanye West,Jamie Foxx,featured,https://genius.com/Kanye-west-gold-digger-lyrics,,
89942,pending,Digital Girl,2008,Kanye West,Jamie Foxx,Jamie Foxx,Kanye West,featured,https://genius.com/Jamie-foxx-digital-girl-lyrics,,
1791165,pending,SAIC Commencement Lecture,2015,Kanye West,Janet Byrne Neiman,Kanye West,Janet Byrne Neiman,featured,https://genius.com/Kanye-west-saic-commencement-lecture-annotated,annotation_or_non_song_risk,
32599,pending,My Baby,2004,Kanye West,Janet Jackson,Janet Jackson,Kanye West,featured,https://genius.com/Janet-jackson-my-baby-lyrics,,
7016908,pending,Jesus Lord,2021,Kanye West,Jay Electronica,Kanye West,Jay Electronica,featured,https://genius.com/Kanye-west-jesus-lord-lyrics,,
7151073,pending,Jesus Lord pt 2,2021,Kanye West,Jay Electronica,Kanye West,Jay Electronica,featured,https://genius.com/Kanye-west-jesus-lord-pt-2-lyrics,,
10713529,pending,Building,,Kanye West,JAŸ-Z,Kanye West,JAŸ-Z,featured,https://genius.com/Kanye-west-building-lyrics,missing_release_year,
11838982,pending,We On Fire (The Bounce Original),,Kanye West,JAŸ-Z,JAŸ-Z,Kanye West,featured,https://genius.com/Jay-z-we-on-fire-the-bounce-original-lyrics,unreleased_or_fan_edit_risk;missing_release_year,
2462,pending,The Bounce,2002,Kanye West,JAŸ-Z,JAŸ-Z,Kanye West,featured,https://genius.com/Jay-z-the-bounce-lyrics,,
1465,pending,Never Let Me Down,2004,Kanye West,JAŸ-Z,Kanye West,JAŸ-Z,featured,https://genius.com/Kanye-west-never-let-me-down-lyrics,,
54,pending,Hate,2009,Kanye West,JAŸ-Z,JAŸ-Z,Kanye West,featured,https://genius.com/Jay-z-hate-lyrics,,
74,pending,Run This Town,2009,Kanye West,JAŸ-Z,JAŸ-Z,Kanye West,featured,https://genius.com/Jay-z-run-this-town-lyrics,,
1149,pending,Monster,2010,Kanye West,JAŸ-Z,Kanye West,JAŸ-Z,featured,https://genius.com/Kanye-west-monster-lyrics,,
1353,pending,So Appalled,2010,Kanye West,JAŸ-Z,Kanye West,JAŸ-Z,featured,https://genius.com/Kanye-west-so-appalled-lyrics,,
12132666,pending,Anthem,2019,Kanye West,JAŸ-Z,Kanye West,JAŸ-Z,featured,https://genius.com/Kanye-west-anthem-lyrics,,
7033303,pending,Jail,2021,Kanye West,JAŸ-Z,Kanye West,JAŸ-Z,featured,https://genius.com/Kanye-west-jail-lyrics,,
12899304,pending,Got Money [v3],,Kanye West,Jeezy,Kanye West,Jeezy,featured,https://genius.com/Kanye-west-got-money-v3-lyrics,unreleased_or_fan_edit_risk;missing_release_year,
2012385,pending,Put On (Video Version),,Kanye West,Jeezy,Jeezy,Kanye West,featured,https://genius.com/Jeezy-put-on-video-version-lyrics,missing_release_year,
12418815,pending,Kanye West Vodaphone Mixtape,2007,Kanye West,Jeezy,Kanye West,Jeezy,featured,https://genius.com/Kanye-west-kanye-west-vodaphone-mixtape-lyrics,,
2000,pending,Amazing,2008,Kanye West,Jeezy,Kanye West,Jeezy,featured,https://genius.com/Kanye-west-amazing-lyrics,,
601,pending,Put On,2008,Kanye West,Jeezy,Jeezy,Kanye West,featured,https://genius.com/Jeezy-put-on-lyrics,,
4009642,pending,Put On (G-Mix),2008,Kanye West,Jeezy,Jeezy,Kanye West,featured,https://genius.com/Jeezy-put-on-g-mix-lyrics,,
8767848,pending,Down Town,,Kanye West,Jeff Bhasker,Kanye West,Jeff Bhasker,featured,https://genius.com/Kanye-west-down-town-lyrics,missing_release_year,
7486207,pending,We Want The Lord,,Kanye West,Jeff Bhasker,Kanye West,Jeff Bhasker,featured,https://genius.com/Kanye-west-we-want-the-lord-lyrics,missing_release_year,
6376768,pending,Chakras/We Free,,Kanye West,Jeremih,Kanye West,Jeremih,featured,https://genius.com/Kanye-west-chakras-we-free-lyrics,missing_release_year,
6237588,pending,Lovely,,Kanye West,Jeremih,Kanye West,Jeremih,featured,https://genius.com/Kanye-west-lovely-lyrics,missing_release_year,
4911632,pending,Sky City,,Kanye West,Jeremih,Kanye West,Jeremih,featured,https://genius.com/Kanye-west-sky-city-lyrics,missing_release_year,
50890,pending,Sailing NOT Selling,2011,Kanye West,Jhené Aiko,Jhené Aiko,Kanye West,featured,https://genius.com/Jhene-aiko-sailing-not-selling-lyrics,,
2658,pending,Christmas in Harlem (GOOD Fridays Version),2010,Kanye West,Jim Jones,Kanye West,Jim Jones,featured,https://genius.com/Kanye-west-christmas-in-harlem-good-fridays-version-lyrics,,
13530494,pending,Christmas In Harlem (UnCut 9 Min Version),2010,Kanye West,Jim Jones,Kanye West,Jim Jones,featured,https://genius.com/Kanye-west-christmas-in-harlem-uncut-9-min-version-lyrics,,
235515,pending,2013 Jimmy Kimmel Interview (Part 1),2013,Kanye West,Jimmy Kimmel,Kanye West,Jimmy Kimmel,featured,https://genius.com/Kanye-west-2013-jimmy-kimmel-interview-part-1-annotated,annotation_or_non_song_risk,
235522,pending,2013 Jimmy Kimmel Interview (Part 2),2013,Kanye West,Jimmy Kimmel,Kanye West,Jimmy Kimmel,featured,https://genius.com/Kanye-west-2013-jimmy-kimmel-interview-part-2-annotated,annotation_or_non_song_risk,
10180391,pending,Lizzies,,Kanye West,Joe Energy Bortham,Joe Energy Bortham,Kanye West,featured,https://genius.com/Joe-energy-bortham-lizzies-lyrics,missing_release_year,
8219321,pending,We Alright,2009,Kanye West,Joe Young,Joe Young,Kanye West,featured,https://genius.com/Joe-young-we-alright-lyrics,,
11863044,pending,Flashlights,,Kanye West,John Legend,Kanye West,John Legend,featured,https://genius.com/Kanye-west-flashlights-lyrics,missing_release_year,
8856990,pending,Hot Sauce,,Kanye West,John Legend,Kanye West,John Legend,featured,https://genius.com/Kanye-west-hot-sauce-lyrics,missing_release_year,
11043690,pending,See Me Again [V10],,Kanye West,John Legend,Kanye West,John Legend,featured,https://genius.com/Kanye-west-see-me-again-v10-lyrics,unreleased_or_fan_edit_risk;missing_release_year,
8438585,pending,See Me Again [V4],,Kanye West,John Legend,Kanye West,John Legend,featured,https://genius.com/Kanye-west-see-me-again-v4-lyrics,unreleased_or_fan_edit_risk;missing_release_year,
8893188,pending,Shy Can’t Look,,Kanye West,John Legend,Kanye West,John Legend,featured,https://genius.com/Kanye-west-shy-cant-look-lyrics,missing_release_year,
4478949,pending,You Don’t Know My Name (Interlude),,Kanye West,John Legend,Kanye West,John Legend,featured,https://genius.com/Kanye-west-you-dont-know-my-name-interlude-lyrics,missing_release_year,
214389,pending,About an Angel (Got Nowhere),2002,Kanye West,John Legend,Kanye West,John Legend,featured,https://genius.com/Kanye-west-about-an-angel-got-nowhere-lyrics,,
62966,pending,Home (Windy),2002,Kanye West,John Legend,Kanye West,John Legend,featured,https://genius.com/Kanye-west-home-windy-lyrics,,
10093497,pending,Intro (Akademiks (JeaniusLevelMusik)),2002,Kanye West,John Legend,Kanye West,John Legend,featured,https://genius.com/Kanye-west-intro-akademiks-jeaniuslevelmusik-lyrics,,
10280244,pending,Last Night,2002,Kanye West,John Legend,Kanye West,John Legend,featured,https://genius.com/Kanye-west-last-night-lyrics,,
315945,pending,Intro (I’m Good),2003,Kanye West,John Legend,Kanye West,John Legend,featured,https://genius.com/Kanye-west-intro-im-good-lyrics,,
5682268,pending,Jesus Walks (Intro),2003,Kanye West,John Legend,Kanye West,John Legend,featured,https://genius.com/Kanye-west-jesus-walks-intro-lyrics,,
8954709,pending,Selfish (Street Mix),2004,Kanye West,John Legend,John Legend,Kanye West,featured,https://genius.com/John-legend-selfish-street-mix-lyrics,,
191178,pending,You Know,2004,Kanye West,John Legend,Kanye West,John Legend,featured,https://genius.com/Kanye-west-you-know-lyrics,,
3552,pending,Arguing,2005,Kanye West,John Legend,Kanye West,John Legend,featured,https://genius.com/Kanye-west-arguing-lyrics,,
30498,pending,It’s Alright,2005,Kanye West,John Legend,Kanye West,John Legend,featured,https://genius.com/Kanye-west-its-alright-lyrics,,
32657,pending,Number One,2005,Kanye West,John Legend,John Legend,Kanye West,featured,https://genius.com/John-legend-number-one-lyrics,,
67443,pending,It’s Over,2008,Kanye West,John Legend,John Legend,Kanye West,featured,https://genius.com/John-legend-its-over-lyrics,,
9280890,pending,Ghetto University,2009,Kanye West,John Legend,Kanye West,John Legend,featured,https://genius.com/Kanye-west-ghetto-university-lyrics,,
1944,pending,Blame Game,2010,Kanye West,John Legend,Kanye West,John Legend,featured,https://genius.com/Kanye-west-blame-game-lyrics,,
1410,pending,Christian Dior Denim Flow,2010,Kanye West,John Legend,Kanye West,John Legend,featured,https://genius.com/Kanye-west-christian-dior-denim-flow-lyrics,,
7110702,pending,Runaway (Film),2010,Kanye West,John Legend,Kanye West,John Legend,featured,https://genius.com/Kanye-west-runaway-film-lyrics,,
373064,pending,Nobody To Love [V5],2013,Kanye West,John Legend,Kanye West,John Legend,featured,https://genius.com/Kanye-west-nobody-to-love-v5-lyrics,unreleased_or_fan_edit_risk,
2662,pending,Bittersweet Poetry,2007,Kanye West,John Mayer,Kanye West,John Mayer,featured,https://genius.com/Kanye-west-bittersweet-poetry-lyrics,,
218103,pending,Same Time,2011,Kanye West,JoiStarr,JoiStarr,Kanye West,featured,https://genius.com/Joistarr-same-time-lyrics,,
168999,pending,New York Times Interview (Excerpt),2013,Kanye West,Jon Caramanica,Kanye West,Jon Caramanica,featured,https://genius.com/Kanye-west-new-york-times-interview-excerpt-annotated,annotation_or_non_song_risk,
182396,pending,American Psycho (Short Film) [Yeezus commercial],2013,Kanye West,Jonathan Cheban,Kanye West,Jonathan Cheban,featured,https://genius.com/Kanye-west-american-psycho-short-film-yeezus-commercial-annotated,annotation_or_non_song_risk,
7779367,pending,THANK YOU KANYE!,,Kanye West,Jonnie Malone,Jonnie Malone,Kanye West,featured,https://genius.com/Jonnie-malone-thank-you-kanye-lyrics,missing_release_year,
8437422,pending,Everything (KayCyy & Jozzy Reference),,Kanye West,Jozzy,Kanye West,Jozzy,featured,https://genius.com/Kanye-west-everything-kaycyy-and-jozzy-reference-lyrics,missing_release_year,
10728678,pending,Wreak Havoc,,Kanye West,Juice WRLD,Kanye West,Juice WRLD,featured,https://genius.com/Kanye-west-wreak-havoc-lyrics,missing_release_year,
2864792,pending,Ballin,2016,Kanye West,Juicy J,Juicy J,Kanye West,featured,https://genius.com/Juicy-j-ballin-lyrics,,
8438361,pending,Free Hoover,,Kanye West,Juss,Kanye West,Juss,featured,https://genius.com/Kanye-west-free-hoover-lyrics,missing_release_year,
4023027,pending,100 Years Now,,Kanye West,Justin Bieber,Kanye West,Justin Bieber,featured,https://genius.com/Kanye-west-100-years-now-lyrics,missing_release_year,
5780832,pending,In God’s Country,,Kanye West,Justin Bieber,Kanye West,Justin Bieber,featured,https://genius.com/Kanye-west-in-gods-country-lyrics,missing_release_year,
9532213,pending,In God’s Country (Pharrell Williams Reference),,Kanye West,Justin Bieber,Kanye West,Justin Bieber,featured,https://genius.com/Kanye-west-in-gods-country-pharrell-williams-reference-lyrics,missing_release_year,
7110702,pending,Runaway (Film),2010,Kanye West,Justin Vernon,Kanye West,Justin Vernon,featured,https://genius.com/Kanye-west-runaway-film-lyrics,,
171397,pending,Hold My Liquor,2013,Kanye West,Justin Vernon,Kanye West,Justin Vernon,featured,https://genius.com/Kanye-west-hold-my-liquor-lyrics,,
171400,pending,I’m In It,2013,Kanye West,Justin Vernon,Kanye West,Justin Vernon,featured,https://genius.com/Kanye-west-im-in-it-lyrics,,
6242,pending,Ayyy Girl,2010,Kanye West,JYJ,JYJ,Kanye West,featured,https://genius.com/Jyj-ayyy-girl-lyrics,,
3560232,pending,Digital Thugz,,Kanye West,k-os,Kanye West,k-os,featured,https://genius.com/Kanye-west-digital-thugz-lyrics,missing_release_year,
11139686,pending,KAVKAZ DRILL,11,Kanye West,kaishaku.ninja,kaishaku.ninja,Kanye West,featured,https://genius.com/Kaishakuninja-kavkaz-drill-lyrics,,
7365763,pending,24 (Las Vegas Version),,Kanye West,KayCyy,Kanye West,KayCyy,featured,https://genius.com/Kanye-west-24-las-vegas-version-lyrics,missing_release_year,
11452518,pending,Eternal Life (Reference),,Kanye West,KayCyy,Kanye West,KayCyy,featured,https://genius.com/Kanye-west-eternal-life-reference-lyrics,missing_release_year,
8437422,pending,Everything (KayCyy & Jozzy Reference),,Kanye West,KayCyy,Kanye West,KayCyy,featured,https://genius.com/Kanye-west-everything-kaycyy-and-jozzy-reference-lyrics,missing_release_year,
8906452,pending,Go Legendary,,Kanye West,KayCyy,Kanye West,KayCyy,featured,https://genius.com/Kanye-west-go-legendary-lyrics,missing_release_year,
7410946,pending,He Gave It All (KayCyy Reference),,Kanye West,KayCyy,Kanye West,KayCyy,featured,https://genius.com/Kanye-west-he-gave-it-all-kaycyy-reference-lyrics,missing_release_year,
7084730,pending,Hurricane (Lil Yachty Reference),,Kanye West,KayCyy,Kanye West,KayCyy,featured,https://genius.com/Kanye-west-hurricane-lil-yachty-reference-lyrics,missing_release_year,
8326132,pending,Our King (Consequence & KayCyy Reference),,Kanye West,KayCyy,Kanye West,KayCyy,featured,https://genius.com/Kanye-west-our-king-consequence-and-kaycyy-reference-lyrics,missing_release_year,
7814470,pending,Serving God (KayCyy Reference),,Kanye West,KayCyy,Kanye West,KayCyy,featured,https://genius.com/Kanye-west-serving-god-kaycyy-reference-lyrics,missing_release_year,
7691194,pending,Skurrr,,Kanye West,KayCyy,Kanye West,KayCyy,featured,https://genius.com/Kanye-west-skurrr-lyrics,missing_release_year,
9114861,pending,TW2054*,,Kanye West,KayCyy,KayCyy,Kanye West,featured,https://genius.com/Kaycyy-tw2054-lyrics,missing_release_year,
11995358,pending,Kanye West - Spotlight (Kaycyy Referance Track),2019,Kanye West,KayCyy,Kanye West,KayCyy,featured,https://genius.com/Kanye-west-kanye-west-spotlight-kaycyy-referance-track-lyrics,,
8273464,pending,Crash Landing,2020,Kanye West,KayCyy,Kanye West,KayCyy,featured,https://genius.com/Kanye-west-crash-landing-lyrics,,
5334823,pending,Father Stretch My Hands (Original V2),2016,Kanye West,Kelly Price,Kanye West,Kelly Price,featured,https://genius.com/Kanye-west-father-stretch-my-hands-original-v2-lyrics,unreleased_or_fan_edit_risk,
2421965,pending,Low Lights,2016,Kanye West,Kelly Price,Kanye West,Kelly Price,featured,https://genius.com/Kanye-west-low-lights-lyrics,,
2413549,pending,Ultralight Beam,2016,Kanye West,Kelly Price,Kanye West,Kelly Price,featured,https://genius.com/Kanye-west-ultralight-beam-lyrics,,
214545,pending,2013 Yeezus Tour Dates,,Kanye West,Kendrick Lamar,Kanye West,Kendrick Lamar,featured,https://genius.com/Kanye-west-2013-yeezus-tour-dates-annotated,annotation_or_non_song_risk;missing_release_year,
745685,pending,All Day (Kendrick Lamar Reference),,Kanye West,Kendrick Lamar,Kanye West,Kendrick Lamar,featured,https://genius.com/Kanye-west-all-day-kendrick-lamar-reference-lyrics,missing_release_year,
13233396,pending,Bury Me,,Kanye West,Kendrick Lamar,Kendrick Lamar,Kanye West,featured,https://genius.com/Kendrick-lamar-bury-me-lyrics,missing_release_year,
3590035,pending,Liberated,2015,Kanye West,Kendrick Lamar,Kanye West,Kendrick Lamar,featured,https://genius.com/Kanye-west-liberated-lyrics,,
2403856,pending,No More Parties in LA,2016,Kanye West,Kendrick Lamar,Kanye West,Kendrick Lamar,featured,https://genius.com/Kanye-west-no-more-parties-in-la-lyrics,,
5204844,pending,Cash to Burn (Reference),,Kanye West,Kenny G,Kanye West,Kenny G,featured,https://genius.com/Kanye-west-cash-to-burn-reference-lyrics,missing_release_year,
12841402,pending,Law Of Attraction (Clipse Version),,Kanye West,Kenny G,Kanye West,Kenny G,featured,https://genius.com/Kanye-west-and-clipse-law-of-attraction-clipse-version-lyrics,missing_release_year,
6461317,pending,Law of Attraction (CyHi Reference),,Kanye West,Kenny G,Kanye West,Kenny G,featured,https://genius.com/Kanye-west-law-of-attraction-cyhi-reference-lyrics,missing_release_year,
4904479,pending,Use This Gospel,2019,Kanye West,Kenny G,Kanye West,Kenny G,featured,https://genius.com/Kanye-west-use-this-gospel-lyrics,,
4140,pending,Knock You Down,2009,Kanye West,Keri Hilson,Keri Hilson,Kanye West,featured,https://genius.com/Keri-hilson-knock-you-down-lyrics,,
4419682,pending,Knock You Down (Radio Edit),2009,Kanye West,Keri Hilson,Keri Hilson,Kanye West,featured,https://genius.com/Keri-hilson-knock-you-down-radio-edit-lyrics,,
1527,pending,Take One For The Team,2010,Kanye West,Keri Hilson,Kanye West,Keri Hilson,featured,https://genius.com/Kanye-west-take-one-for-the-team-lyrics,,
11655393,pending,Drug Dealin’ (We Don’t Care Early),2003,Kanye West,Keyshia Cole,Kanye West,Keyshia Cole,featured,https://genius.com/Kanye-west-drug-dealin-we-dont-care-early-lyrics,,
898719,pending,We Don’t Care (Reprise),2005,Kanye West,Keyshia Cole,Kanye West,Keyshia Cole,featured,https://genius.com/Kanye-west-we-dont-care-reprise-annotated,annotation_or_non_song_risk,
25790,pending,Impossible,2006,Kanye West,Keyshia Cole,Kanye West,Keyshia Cole,featured,https://genius.com/Kanye-west-impossible-lyrics,,
13145474,pending,Alien / Godzilla,,Kanye West,Kid Cudi,Kanye West,Kid Cudi,featured,https://genius.com/Kanye-west-alien-godzilla-lyrics,missing_release_year,
10857840,pending,Damn Come On (TG16 Version),,Kanye West,Kid Cudi,Kanye West,Kid Cudi,featured,https://genius.com/Kanye-west-damn-come-on-tg16-version-lyrics,missing_release_year,
6954565,pending,Father Stretch My Hands Pt. 1 & Pt. 2,,Kanye West,Kid Cudi,Kanye West,Kid Cudi,featured,https://genius.com/Kanye-west-father-stretch-my-hands-pt-1-and-pt-2-lyrics,missing_release_year,
6376751,pending,Godzilla/Alien,,Kanye West,Kid Cudi,Kanye West,Kid Cudi,featured,https://genius.com/Kanye-west-godzilla-alien-lyrics,missing_release_year,
12035962,pending,Hate It,,Kanye West,Kid Cudi,Kanye West,Kid Cudi,featured,https://genius.com/Kanye-west-hate-it-lyrics,missing_release_year,
9133130,pending,Remote Control (LP2 Version),,Kanye West,Kid Cudi,Kanye West,Kid Cudi,featured,https://genius.com/Kanye-west-remote-control-lp2-version-lyrics,missing_release_year,
10267230,pending,Saint Pablo (GOOD Fridays Version),,Kanye West,Kid Cudi,Kanye West,Kid Cudi,featured,https://genius.com/Kanye-west-saint-pablo-good-fridays-version-lyrics,missing_release_year,
4911632,pending,Sky City,,Kanye West,Kid Cudi,Kanye West,Kid Cudi,featured,https://genius.com/Kanye-west-sky-city-lyrics,missing_release_year,
9293058,pending,Thank You Vol. 2,,Kanye West,Kid Cudi,Kanye West,Kid Cudi,featured,https://genius.com/Kanye-west-thank-you-vol-2-lyrics,missing_release_year,
4128285,pending,The Storm,,Kanye West,Kid Cudi,Kanye West,Kid Cudi,featured,https://genius.com/Kanye-west-the-storm-lyrics,missing_release_year,
4938212,pending,The Storm (Original),,Kanye West,Kid Cudi,Kanye West,Kid Cudi,featured,https://genius.com/Kanye-west-the-storm-original-lyrics,unreleased_or_fan_edit_risk;missing_release_year,
54515,pending,Welcome To Heartbreak,2008,Kanye West,Kid Cudi,Kanye West,Kid Cudi,featured,https://genius.com/Kanye-west-welcome-to-heartbreak-lyrics,,
404,pending,Make Her Say (I Poke Her Face),2009,Kanye West,Kid Cudi,Kid Cudi,Kanye West,featured,https://genius.com/Kid-cudi-make-her-say-i-poke-her-face-lyrics,,
1410,pending,Christian Dior Denim Flow,2010,Kanye West,Kid Cudi,Kanye West,Kid Cudi,featured,https://genius.com/Kanye-west-christian-dior-denim-flow-lyrics,,
621,pending,Erase Me,2010,Kanye West,Kid Cudi,Kid Cudi,Kanye West,featured,https://genius.com/Kid-cudi-erase-me-lyrics,,
1279,pending,G.O.O.D. Friday,2010,Kanye West,Kid Cudi,Kanye West,Kid Cudi,featured,https://genius.com/Kanye-west-good-friday-lyrics,,
1791,pending,Gorgeous,2010,Kanye West,Kid Cudi,Kanye West,Kid Cudi,featured,https://genius.com/Kanye-west-gorgeous-lyrics,,
7110702,pending,Runaway (Film),2010,Kanye West,Kid Cudi,Kanye West,Kid Cudi,featured,https://genius.com/Kanye-west-runaway-film-lyrics,,
171407,pending,Guilt Trip,2013,Kanye West,Kid Cudi,Kanye West,Kid Cudi,featured,https://genius.com/Kanye-west-guilt-trip-lyrics,,
2870350,pending,Can’t Look In My Eyes,2014,Kanye West,Kid Cudi,Kid Cudi,Kanye West,featured,https://genius.com/Kid-cudi-cant-look-in-my-eyes-lyrics,,
13155336,pending,Famous (Video Version),2016,Kanye West,Kid Cudi,Kanye West,Kid Cudi,featured,https://genius.com/Kanye-west-famous-video-version-lyrics,,
5334823,pending,Father Stretch My Hands (Original V2),2016,Kanye West,Kid Cudi,Kanye West,Kid Cudi,featured,https://genius.com/Kanye-west-father-stretch-my-hands-original-v2-lyrics,unreleased_or_fan_edit_risk,
2412669,pending,"Father Stretch My Hands, Pt. 1",2016,Kanye West,Kid Cudi,Kanye West,Kid Cudi,featured,https://genius.com/Kanye-west-father-stretch-my-hands-pt-1-lyrics,,
12014122,pending,"Alien (ft. Ant Clemons,Young Thug,Quavo & Kid Cudi)",2018,Kanye West,Kid Cudi,Kanye West,Kid Cudi,featured,https://genius.com/Kanye-west-alien-ft-ant-clemonsyoung-thugquavo-and-kid-cudi-lyrics,,
3756523,pending,Ghost Town,2018,Kanye West,Kid Cudi,Kanye West,Kid Cudi,featured,https://genius.com/Kanye-west-ghost-town-lyrics,,
12132666,pending,Anthem,2019,Kanye West,Kid Cudi,Kanye West,Kid Cudi,featured,https://genius.com/Kanye-west-anthem-lyrics,,
7149703,pending,Remote Control pt 2,2021,Kanye West,Kid Cudi,Kanye West,Kid Cudi,featured,https://genius.com/Kanye-west-remote-control-pt-2-lyrics,,
59909,pending,Pro Nails,2007,Kanye West,Kid Sister,Kid Sister,Kanye West,featured,https://genius.com/Kid-sister-pro-nails-lyrics,,
4296868,pending,Pro Nails (Snippet),2007,Kanye West,Kid Sister,Kid Sister,Kanye West,featured,https://genius.com/Kid-sister-pro-nails-snippet-lyrics,,
8169089,pending,God Bless,2007,Kanye West,Kidz in the Hall,Kidz in the Hall,Kanye West,featured,https://genius.com/Kidz-in-the-hall-god-bless-lyrics,,
13072727,pending,Purrty Woman,2007,Kanye West,Kidz in the Hall,Kidz in the Hall,Kanye West,featured,https://genius.com/Kidz-in-the-hall-purrty-woman-lyrics,,
2987853,pending,Megaupload Song,2011,Kanye West,Kim Dotcom,Kim Dotcom,Kanye West,featured,https://genius.com/Kim-dotcom-megaupload-song-lyrics,,
2355581,pending,Happy Birthday Mom!!,2015,Kanye West,Kim Kardashian,Kim Kardashian,Kanye West,featured,https://genius.com/Kim-kardashian-happy-birthday-mom-lyrics,,
2822644,pending,Kanye West & Taylor Swift’s ‘Famous’ Lyric Phone Conversation,2016,Kanye West,Kim Kardashian,Kanye West,Kim Kardashian,featured,https://genius.com/Kanye-west-and-taylor-swift-kanye-west-and-taylor-swifts-famous-lyric-phone-conversation-annotated,annotation_or_non_song_risk,
362219,pending,I Am Not Home,,Kanye West,King David,Kanye West,King David,featured,https://genius.com/Kanye-west-i-am-not-home-lyrics,missing_release_year,
11932315,pending,On Sight (King Louie Ref),,Kanye West,King Louie,Kanye West,King Louie,featured,https://genius.com/Kanye-west-on-sight-king-louie-ref-lyrics,missing_release_year,
168152,pending,Send It Up,2013,Kanye West,King Louie,Kanye West,King Louie,featured,https://genius.com/Kanye-west-send-it-up-lyrics,,
10512331,pending,I Feel Like That (KIRBY Reference Track),,Kanye West,KIRBY,Kanye West,KIRBY,featured,https://genius.com/Kanye-west-i-feel-like-that-kirby-reference-track-lyrics,missing_release_year,
13763301,pending,PRESSURE,,Kanye West,KIRBY,Kanye West,KIRBY,featured,https://genius.com/Kanye-west-pressure-lyrics,missing_release_year,
8279989,pending,Sell Your Soul,,Kanye West,KIRBY,Kanye West,KIRBY,featured,https://genius.com/Kanye-west-sell-your-soul-lyrics,missing_release_year,
11178188,pending,Never Let Me Go (KIRBY Reference),2014,Kanye West,KIRBY,Kanye West,KIRBY,featured,https://genius.com/Kanye-west-never-let-me-go-kirby-reference-lyrics,,
2413549,pending,Ultralight Beam,2016,Kanye West,Kirk Franklin,Kanye West,Kirk Franklin,featured,https://genius.com/Kanye-west-ultralight-beam-lyrics,,
2446124,pending,ULTRALIGHT PRAYER,2016,Kanye West,Kirk Franklin,Kanye West,Kirk Franklin,featured,https://genius.com/Kanye-west-ultralight-prayer-lyrics,,
7163714,pending,Wakey Wakey,,Kanye West,Kosine,Kanye West,Kosine,featured,https://genius.com/Kanye-west-wakey-wakey-lyrics,missing_release_year,
7084730,pending,Hurricane (Lil Yachty Reference),,Kanye West,Lil Baby,Kanye West,Lil Baby,featured,https://genius.com/Kanye-west-hurricane-lil-yachty-reference-lyrics,missing_release_year,
7021481,pending,Hurricane,2021,Kanye West,Lil Baby,Kanye West,Lil Baby,featured,https://genius.com/Kanye-west-and-the-weeknd-hurricane-lyrics,,
12325916,pending,Everybody’s,2023,Kanye West,Lil Baby,Kanye West,Lil Baby,featured,https://genius.com/Kanye-west-everybodys-lyrics,,
8834647,pending,Petty Too (Original),,Kanye West,Lil Durk,Lil Durk,Kanye West,featured,https://genius.com/Lil-durk-petty-too-original-lyrics,unreleased_or_fan_edit_risk;missing_release_year,
7033287,pending,Jonah,2021,Kanye West,Lil Durk,Kanye West,Lil Durk,featured,https://genius.com/Kanye-west-jonah-lyrics,,
9689608,pending,Remote Control (Lil Nas X Reference),2021,Kanye West,Lil Nas X,Kanye West,Lil Nas X,featured,https://genius.com/Kanye-west-remote-control-lil-nas-x-reference-lyrics,,
10426367,pending,Sparkling Water,,Kanye West,Lil Pump,Lil Pump,Kanye West,featured,https://genius.com/Lil-pump-sparkling-water-lyrics,missing_release_year,
11819255,pending,Church Girl*,,Kanye West,Lil Uzi Vert,Kanye West,Lil Uzi Vert,featured,https://genius.com/Kanye-west-and-james-blake-church-girl-lyrics,missing_release_year,
11602770,pending,That’s On You,,Kanye West,Lil Uzi Vert,Kanye West,Lil Uzi Vert,featured,https://genius.com/Kanye-west-thats-on-you-lyrics,missing_release_year,
38,pending,Barry Bonds,2007,Kanye West,Lil Wayne,Kanye West,Lil Wayne,featured,https://genius.com/Kanye-west-barry-bonds-lyrics,,
2319,pending,See You In My Nightmares,2008,Kanye West,Lil Wayne,Kanye West,Lil Wayne,featured,https://genius.com/Kanye-west-see-you-in-my-nightmares-lyrics,,
9386957,pending,Tell Everybody That You Know,2008,Kanye West,Lil Wayne,Kanye West,Lil Wayne,featured,https://genius.com/Kanye-west-tell-everybody-that-you-know-lyrics,,
8913217,pending,Swagger Like Us,2011,Kanye West,Lil Wayne,Lil Wayne,Kanye West,featured,https://genius.com/Lil-wayne-swagger-like-us-lyrics,,
3632697,pending,Face Down,,Kanye West,Lil Yachty,Kanye West,Lil Yachty,featured,https://genius.com/Kanye-west-face-down-lyrics,missing_release_year,
7084730,pending,Hurricane (Lil Yachty Reference),,Kanye West,Lil Yachty,Kanye West,Lil Yachty,featured,https://genius.com/Kanye-west-hurricane-lil-yachty-reference-lyrics,missing_release_year,
7084154,pending,Jesus Lord (Lil Yachty & Vory Reference),,Kanye West,Lil Yachty,Kanye West,Lil Yachty,featured,https://genius.com/Kanye-west-jesus-lord-lil-yachty-and-vory-reference-lyrics,missing_release_year,
8451109,pending,Ok Ok (Explicit),,Kanye West,Lil Yachty,Kanye West,Lil Yachty,featured,https://genius.com/Kanye-west-ok-ok-explicit-lyrics,missing_release_year,
10611962,pending,OOPS (Original),,Kanye West,Lil Yachty,Lil Yachty,Kanye West,featured,https://genius.com/Lil-yachty-oops-original-lyrics,unreleased_or_fan_edit_risk;missing_release_year,
9380868,pending,Where Do We Go (Reference Track),,Kanye West,Lil Yachty,Kanye West,Lil Yachty,featured,https://genius.com/Kanye-west-where-do-we-go-reference-track-lyrics,missing_release_year,
7032169,pending,Ok Ok,2021,Kanye West,Lil Yachty,Kanye West,Lil Yachty,featured,https://genius.com/Kanye-west-ok-ok-lyrics,,
1791165,pending,SAIC Commencement Lecture,2015,Kanye West,Lisa Wainwright,Kanye West,Lisa Wainwright,featured,https://genius.com/Kanye-west-saic-commencement-lecture-annotated,annotation_or_non_song_risk,
5328204,pending,Shaft of Steel,,Kanye West,Little Crusty D,Little Crusty D,Kanye West,featured,https://genius.com/Little-crusty-d-shaft-of-steel-lyrics,missing_release_year,
1410,pending,Christian Dior Denim Flow,2010,Kanye West,Lloyd Banks,Kanye West,Lloyd Banks,featured,https://genius.com/Kanye-west-christian-dior-denim-flow-lyrics,,
1675,pending,Start It Up,2010,Kanye West,Lloyd Banks,Lloyd Banks,Kanye West,featured,https://genius.com/Lloyd-banks-start-it-up-lyrics,,
3912479,pending,Start It Up (Extended),2010,Kanye West,Lloyd Banks,Lloyd Banks,Kanye West,featured,https://genius.com/Lloyd-banks-start-it-up-extended-lyrics,,
11341004,pending,Want From Me,2022,Kanye West,LLR HD,Kanye West,LLR HD,featured,https://genius.com/Kanye-west-want-from-me-lyrics,,
6393332,pending,My Moment*,,Kanye West,Louie V Gutta,Louie V Gutta,Kanye West,featured,https://genius.com/Louie-v-gutta-my-moment-lyrics,missing_release_year,
3397,pending,Breathe In Breathe Out,2004,Kanye West,Ludacris,Kanye West,Ludacris,featured,https://genius.com/Kanye-west-breathe-in-breathe-out-lyrics,,
25771,pending,Where You At? (The Whole City Behind Us),2004,Kanye West,Ludacris,Kanye West,Ludacris,featured,https://genius.com/Kanye-west-where-you-at-the-whole-city-behind-us-lyrics,,
5721735,pending,Black Vietnam,,Kanye West,Lupe Fiasco,Kanye West,Lupe Fiasco,featured,https://genius.com/Kanye-west-black-vietnam-lyrics,missing_release_year,
681,pending,Touch the Sky,2005,Kanye West,Lupe Fiasco,Kanye West,Lupe Fiasco,featured,https://genius.com/Kanye-west-touch-the-sky-lyrics,,
13279920,pending,Touch The Sky (Music Video Version),2006,Kanye West,Lupe Fiasco,Kanye West,Lupe Fiasco,featured,https://genius.com/Kanye-west-touch-the-sky-music-video-version-lyrics,,
1611,pending,Don’t Look Down,2010,Kanye West,Lupe Fiasco,Kanye West,Lupe Fiasco,featured,https://genius.com/Kanye-west-dont-look-down-lyrics,,
30498,pending,It’s Alright,2005,Kanye West,Ma$e,Kanye West,Ma$e,featured,https://genius.com/Kanye-west-its-alright-lyrics,,
13357662,pending,UNBREAKABLE HEARTS,,Kanye West,Madi,Kanye West,Madi,featured,https://genius.com/Kanye-west-unbreakable-hearts-lyrics,missing_release_year,
32061,pending,Beat Goes On,2008,Kanye West,Madonna,Madonna,Kanye West,featured,https://genius.com/Madonna-beat-goes-on-lyrics,,
1797423,pending,Promised Land,,Kanye West,Malik Yusef,Malik Yusef,Kanye West,featured,https://genius.com/Malik-yusef-promised-land-lyrics,missing_release_year,
6592305,pending,Promised Land Pt.1,,Kanye West,Malik Yusef,Kanye West,Malik Yusef,featured,https://genius.com/Kanye-west-promised-land-pt1-lyrics,missing_release_year,
25760,pending,Wouldn’t You Like to Ride,2003,Kanye West,Malik Yusef,Malik Yusef,Kanye West,featured,https://genius.com/Malik-yusef-wouldnt-you-like-to-ride-lyrics,,
154155,pending,Magic Man,2009,Kanye West,Malik Yusef,Malik Yusef,Kanye West,featured,https://genius.com/Malik-yusef-magic-man-lyrics,,
29850,pending,Promise Land,2009,Kanye West,Malik Yusef,Malik Yusef,Kanye West,featured,https://genius.com/Malik-yusef-promise-land-lyrics,,
2473334,pending,Peace and Love (Two Words),,Kanye West,Mandrill,Kanye West,Mandrill,featured,https://genius.com/Kanye-west-and-a-trak-peace-and-love-two-words-lyrics,missing_release_year,
13357233,pending,One Hand in the Air,2014,Kanye West,Manfred Mann,Manfred Mann,Kanye West,featured,https://genius.com/Manfred-mann-one-hand-in-the-air-lyrics,,
10061177,pending,DREAMS,,Kanye West,Manuel #1,Manuel #1,Kanye West,featured,https://genius.com/Manuel-1-dreams-lyrics,missing_release_year,
2853269,pending,Intro (Get Well Soon),2002,Kanye West,Marie “Free” Wright,Kanye West,Marie “Free” Wright,featured,https://genius.com/Kanye-west-intro-get-well-soon-lyrics,,
7151165,pending,"Jail, Pt. 2",2021,Kanye West,Marilyn Manson,Kanye West,Marilyn Manson,featured,https://genius.com/Kanye-west-jail-pt-2-lyrics,,
25761,pending,No More For Me,,Kanye West,Mark Spitz,Kanye West,Mark Spitz,featured,https://genius.com/Kanye-west-no-more-for-me-lyrics,missing_release_year,
8335558,pending,Every Hour / Selah,,Kanye West,Marsha Ambrosius,Kanye West,Marsha Ambrosius,featured,https://genius.com/Kanye-west-and-dr-dre-every-hour-selah-lyrics,missing_release_year,
3039292,pending,Love Yourself,2017,Kanye West,Mary J. Blige,Mary J. Blige,Kanye West,featured,https://genius.com/Mary-j-blige-love-yourself-lyrics,,
32381,pending,Hold Me,2005,Kanye West,Mashonda,Mashonda,Kanye West,featured,https://genius.com/Mashonda-hold-me-lyrics,,
2421968,pending,Siiiiiiiiilver Surffffeeeeer Intermission,2016,Kanye West,Max B,Kanye West,Max B,featured,https://genius.com/Kanye-west-siiiiiiiiilver-surffffeeeeer-intermission-lyrics,,
1872935,pending,Oh Oh,2004,Kanye West,Melbeatz,Melbeatz,Kanye West,featured,https://genius.com/Melbeatz-oh-oh-lyrics,,
96627,pending,Billie Jean (2008 Kanye West Mix),2008,Kanye West,Michael Jackson,Michael Jackson,Kanye West,featured,https://genius.com/Michael-jackson-billie-jean-2008-kanye-west-mix-lyrics,,
3110203,pending,Hold Tight,,Kanye West,Migos,Kanye West,Migos,featured,https://genius.com/Kanye-west-hold-tight-lyrics,missing_release_year,
13381507,pending,WE DID IT KID,2022,Kanye West,Migos,Kanye West,Migos,featured,https://genius.com/Kanye-west-we-did-it-kid-lyrics,,
566572,pending,On Hurricane Katrina,2005,Kanye West,Mike Myers,Kanye West,Mike Myers,featured,https://genius.com/Kanye-west-on-hurricane-katrina-annotated,annotation_or_non_song_risk,
3560232,pending,Digital Thugz,,Kanye West,Mikkey Halsted,Kanye West,Mikkey Halsted,featured,https://genius.com/Kanye-west-digital-thugz-lyrics,missing_release_year,
40164,pending,Fight With the Best,1999,Kanye West,Mikkey Halsted,Kanye West,Mikkey Halsted,featured,https://genius.com/Kanye-west-fight-with-the-best-lyrics,,
8303401,pending,Rule The World,,Kanye West,Miley Cyrus,Kanye West,Miley Cyrus,featured,https://genius.com/Kanye-west-rule-the-world-lyrics,missing_release_year,
8610053,pending,Grace N Mercy,,Kanye West,Momo Boyd,Kanye West,Momo Boyd,featured,https://genius.com/Kanye-west-grace-n-mercy-lyrics,missing_release_year,
7653005,pending,Cold World,,Kanye West,Moneybagg Yo,Kanye West,Moneybagg Yo,featured,https://genius.com/Kanye-west-cold-world-lyrics,missing_release_year,
721589,pending,Clique.tv Interview,,Kanye West,Mouloud Achour,Kanye West,Mouloud Achour,featured,https://genius.com/Kanye-west-cliquetv-interview-lyrics,missing_release_year,
2416,pending,Paranoid,2008,Kanye West,Mr Hudson,Kanye West,Mr Hudson,featured,https://genius.com/Kanye-west-paranoid-lyrics,,
58252,pending,Anyone But Him,2009,Kanye West,Mr Hudson,Mr Hudson,Kanye West,featured,https://genius.com/Mr-hudson-anyone-but-him-lyrics,,
10776500,pending,No Parties In LA,2009,Kanye West,Mr Hudson,Kanye West,Mr Hudson,featured,https://genius.com/Kanye-west-no-parties-in-la-lyrics,,
32844,pending,Supernova,2009,Kanye West,Mr Hudson,Mr Hudson,Kanye West,featured,https://genius.com/Mr-hudson-supernova-lyrics,,
12092644,pending,Fuck My Fucking Pussy Nigga,,Kanye West,Mrdjsay,Mrdjsay,Kanye West,featured,https://genius.com/Mrdjsay-fuck-my-fucking-pussy-nigga-lyrics,missing_release_year,
2293451,pending,MTV VMAs 2015: Vanguard Acceptance Speech,2015,Kanye West,MTV,Kanye West,MTV,featured,https://genius.com/Kanye-west-mtv-vmas-2015-vanguard-acceptance-speech-annotated,annotation_or_non_song_risk,
10093722,pending,Drop Dead Gorgeous,2002,Kanye West,Murphy Lee,Kanye West,Murphy Lee,featured,https://genius.com/Kanye-west-drop-dead-gorgeous-lyrics,,
2658,pending,Christmas in Harlem (GOOD Fridays Version),2010,Kanye West,Musiq Soulchild,Kanye West,Musiq Soulchild,featured,https://genius.com/Kanye-west-christmas-in-harlem-good-fridays-version-lyrics,,
13530494,pending,Christmas In Harlem (UnCut 9 Min Version),2010,Kanye West,Musiq Soulchild,Kanye West,Musiq Soulchild,featured,https://genius.com/Kanye-west-christmas-in-harlem-uncut-9-min-version-lyrics,,
8759924,pending,Ghost house,,Kanye West,Myizz,Myizz,Kanye West,featured,https://genius.com/Myizz-ghost-house-lyrics,missing_release_year,
5101300,pending,Bye Bye Baby,,Kanye West,Mykki Blanco,Kanye West,Mykki Blanco,featured,https://genius.com/Kanye-west-bye-bye-baby-lyrics,missing_release_year,
2452,pending,We Major,2005,Kanye West,Nas,Kanye West,Nas,featured,https://genius.com/Kanye-west-we-major-lyrics,,
1818,pending,Still Dreaming,2006,Kanye West,Nas,Nas,Kanye West,featured,https://genius.com/Nas-still-dreaming-lyrics,,
3780016,pending,Cops Shot the Kid,2018,Kanye West,Nas,Nas,Kanye West,featured,https://genius.com/Nas-cops-shot-the-kid-lyrics,,
3780052,pending,everything,2018,Kanye West,Nas,Nas,Kanye West,featured,https://genius.com/Nas-everything-lyrics,,
9956423,pending,Fortnite edging,2022,Kanye West,Navethesigma,Navethesigma,Kanye West,featured,https://genius.com/Navethesigma-fortnite-edging-lyrics,,
218099,pending,Where U Should Be,,Kanye West,Ne-Yo,Kanye West,Ne-Yo,featured,https://genius.com/Kanye-west-where-u-should-be-lyrics,missing_release_year,
7712636,pending,Act I: Vision (Script),2022,Kanye West,Netflix,Netflix,Kanye West,featured,https://genius.com/Netflix-act-i-vision-script-annotated,annotation_or_non_song_risk,
13027943,pending,Whole Life,2005,Kanye West,Newz (USA),Newz (USA),Kanye West,featured,https://genius.com/Newz-usa-whole-life-lyrics,,
599117,pending,Big Spender,2011,Kanye West,Nick Cannon,Nick Cannon,Kanye West,featured,https://genius.com/Nick-cannon-big-spender-lyrics,,
9309567,pending,New Body (Donda Version),,Kanye West,Nicki Minaj,Kanye West,Nicki Minaj,featured,https://genius.com/Kanye-west-new-body-donda-version-lyrics,missing_release_year,
12468086,pending,New Body (Extended),,Kanye West,Nicki Minaj,Kanye West,Nicki Minaj,featured,https://genius.com/Kanye-west-new-body-extended-lyrics,missing_release_year,
2044,pending,Blazin,2010,Kanye West,Nicki Minaj,Nicki Minaj,Kanye West,featured,https://genius.com/Nicki-minaj-blazin-lyrics,,
1149,pending,Monster,2010,Kanye West,Nicki Minaj,Kanye West,Nicki Minaj,featured,https://genius.com/Kanye-west-monster-lyrics,,
7110702,pending,Runaway (Film),2010,Kanye West,Nicki Minaj,Kanye West,Nicki Minaj,featured,https://genius.com/Kanye-west-runaway-film-lyrics,,
13302053,pending,MAMA’S FAVORITE,2026,Kanye West,Nine Vicious,Kanye West,Nine Vicious,featured,https://genius.com/Kanye-west-mamas-favorite-lyrics,,
5913554,pending,Last Name (Nino Blu Reference),,Kanye West,Nino Blu,Kanye West,Nino Blu,featured,https://genius.com/Kanye-west-last-name-nino-blu-reference-lyrics,missing_release_year,
9831163,pending,Lord Save Us,2021,Kanye West,Nino Blu,Kanye West,Nino Blu,featured,https://genius.com/Kanye-west-lord-save-us-lyrics,,
12259123,pending,We Love You,,Kanye West,North West,Kanye West,North West,featured,https://genius.com/Kanye-west-james-blake-and-no-id-we-love-you-lyrics,missing_release_year,
5089884,pending,Alien (Quavo & Offset Version),,Kanye West,Offset,Kanye West,Offset,featured,https://genius.com/Kanye-west-alien-quavo-and-offset-version-lyrics,missing_release_year,
6376751,pending,Godzilla/Alien,,Kanye West,Offset,Kanye West,Offset,featured,https://genius.com/Kanye-west-godzilla-alien-lyrics,missing_release_year,
10860701,pending,10k HRS & A DREAM,2016,Kanye West,OG Maco,Kanye West,OG Maco,featured,https://genius.com/Kanye-west-10k-hrs-and-a-dream-lyrics,,
13102254,pending,Brigade Level Formation (2003),,Kanye West,Olskool Ice-Gre,Olskool Ice-Gre,Kanye West,featured,https://genius.com/Olskool-ice-gre-brigade-level-formation-2003-lyrics,missing_release_year,
509426,pending,Brigade Level Formation,2003,Kanye West,Olskool Ice-Gre,Olskool Ice-Gre,Kanye West,featured,https://genius.com/Olskool-ice-gre-brigade-level-formation-lyrics,,
25762,pending,Keep the Receipt,2003,Kanye West,Ol’ Dirty Bastard,Kanye West,Ol’ Dirty Bastard,featured,https://genius.com/Kanye-west-keep-the-receipt-lyrics,,
5918868,pending,Floatin,2021,Kanye West,Osbe Chill,Osbe Chill,Kanye West,featured,https://genius.com/Osbe-chill-floatin-lyrics,,
25778,pending,Dear Momma,2006,Kanye West,Papoose,Papoose,Kanye West,featured,https://genius.com/Papoose-dear-momma-lyrics,,
4944053,pending,Simulation Baptize,2019,Kanye West,Pardison Fontaine,Kanye West,Pardison Fontaine,featured,https://genius.com/Kanye-west-simulation-baptize-lyrics,,
3756523,pending,Ghost Town,2018,Kanye West,PARTYNEXTDOOR,Kanye West,PARTYNEXTDOOR,featured,https://genius.com/Kanye-west-ghost-town-lyrics,,
3756507,pending,Wouldn’t Leave,2018,Kanye West,PARTYNEXTDOOR,Kanye West,PARTYNEXTDOOR,featured,https://genius.com/Kanye-west-wouldnt-leave-lyrics,,
6067,pending,Anything,2006,Kanye West,Patti LaBelle,Patti LaBelle,Kanye West,featured,https://genius.com/Patti-labelle-anything-lyrics,,
3164090,pending,All Day (2 Chainz Version),,Kanye West,Paul McCartney,Kanye West,Paul McCartney,featured,https://genius.com/Kanye-west-all-day-2-chainz-version-lyrics,missing_release_year,
745685,pending,All Day (Kendrick Lamar Reference),,Kanye West,Paul McCartney,Kanye West,Paul McCartney,featured,https://genius.com/Kanye-west-all-day-kendrick-lamar-reference-lyrics,missing_release_year,
10937162,pending,Fall Into You / Trophy Wife,,Kanye West,Paul McCartney,Kanye West,Paul McCartney,featured,https://genius.com/Kanye-west-fall-into-you-trophy-wife-lyrics,missing_release_year,
10835724,pending,Never Wanted To Be / Idea 4,2014,Kanye West,Paul McCartney,Kanye West,Paul McCartney,featured,https://genius.com/Kanye-west-never-wanted-to-be-idea-4-lyrics,,
657936,pending,Only One,2014,Kanye West,Paul McCartney,Kanye West,Paul McCartney,featured,https://genius.com/Kanye-west-only-one-lyrics,,
482233,pending,All Day,2015,Kanye West,Paul McCartney,Kanye West,Paul McCartney,featured,https://genius.com/Kanye-west-all-day-lyrics,,
3612,pending,Drive Slow,2005,Kanye West,Paul Wall,Kanye West,Paul Wall,featured,https://genius.com/Kanye-west-drive-slow-lyrics,,
9803974,pending,Ярик и Лёня,2001,Kanye West,PD,PD,Kanye West,featured,https://genius.com/Pd--lyrics,,
13745437,pending,LAST BREATH (BULLY V1 Edition),,Kanye West,Peso Pluma,Kanye West,Peso Pluma,featured,https://genius.com/Kanye-west-last-breath-bully-v1-edition-lyrics,missing_release_year,
9532213,pending,In God’s Country (Pharrell Williams Reference),,Kanye West,Pharrell Williams,Kanye West,Pharrell Williams,featured,https://genius.com/Kanye-west-in-gods-country-pharrell-williams-reference-lyrics,missing_release_year,
371839,pending,Places And Spaces I’ve Been Excerpt,,Kanye West,Pharrell Williams,Pharrell Williams,Kanye West,featured,https://genius.com/Pharrell-williams-places-and-spaces-ive-been-excerpt-lyrics,missing_release_year,
9900395,pending,Fashion,,Kanye West,Playboi Carti,Kanye West,Playboi Carti,featured,https://genius.com/Kanye-west-fashion-lyrics,missing_release_year,
9334228,pending,FIRST ANGEL*,,Kanye West,Playboi Carti,Playboi Carti,Kanye West,featured,https://genius.com/Playboi-carti-first-angel-lyrics,missing_release_year,
9532373,pending,Go2DaMoon (Alternate),,Kanye West,Playboi Carti,Playboi Carti,Kanye West,featured,https://genius.com/Playboi-carti-go2damoon-alternate-lyrics,missing_release_year,
6309791,pending,Go2DaMoon (Original),,Kanye West,Playboi Carti,Playboi Carti,Kanye West,featured,https://genius.com/Playboi-carti-go2damoon-original-lyrics,unreleased_or_fan_edit_risk;missing_release_year,
11036156,pending,Heads Off (Version 2),,Kanye West,Playboi Carti,Kanye West,Playboi Carti,featured,https://genius.com/Kanye-west-heads-off-version-2-lyrics,missing_release_year,
13625378,pending,Heads Off (Version 3),,Kanye West,Playboi Carti,Kanye West,Playboi Carti,featured,https://genius.com/Kanye-west-heads-off-version-3-lyrics,missing_release_year,
9532399,pending,Junya (LP1),,Kanye West,Playboi Carti,Kanye West,Playboi Carti,featured,https://genius.com/Kanye-west-junya-lp1-lyrics,missing_release_year,
8451071,pending,Junya pt 2 (Explicit Version),,Kanye West,Playboi Carti,Kanye West,Playboi Carti,featured,https://genius.com/Kanye-west-junya-pt-2-explicit-version-lyrics,missing_release_year,
10633158,pending,MELROSE (Quavo Version),,Kanye West,Playboi Carti,Kanye West,Playboi Carti,featured,https://genius.com/Kanye-west-melrose-quavo-version-lyrics,missing_release_year,
8195812,pending,Off The Grid (Explicit),,Kanye West,Playboi Carti,Kanye West,Playboi Carti,featured,https://genius.com/Kanye-west-off-the-grid-explicit-lyrics,missing_release_year,
6204974,pending,Go2DaMoon,2020,Kanye West,Playboi Carti,Playboi Carti,Kanye West,featured,https://genius.com/Playboi-carti-go2damoon-lyrics,,
7016903,pending,Junya,2021,Kanye West,Playboi Carti,Kanye West,Playboi Carti,featured,https://genius.com/Kanye-west-junya-lyrics,,
7151075,pending,Junya pt 2,2021,Kanye West,Playboi Carti,Kanye West,Playboi Carti,featured,https://genius.com/Kanye-west-junya-pt-2-lyrics,,
6576850,pending,Off The Grid,2021,Kanye West,Playboi Carti,Kanye West,Playboi Carti,featured,https://genius.com/Kanye-west-off-the-grid-lyrics,,
12968058,pending,BULLY V1,2025,Kanye West,Playboi Carti,Kanye West,Playboi Carti,featured,https://genius.com/Kanye-west-bully-v1-lyrics,,
11614988,pending,MELROSE,2025,Kanye West,Playboi Carti,Kanye West,Playboi Carti,featured,https://genius.com/Kanye-west-melrose-lyrics,,
9512699,pending,Tell The Vision (Original),,Kanye West,Pop Smoke,Kanye West,Pop Smoke,featured,https://genius.com/Kanye-west-tell-the-vision-original-lyrics,unreleased_or_fan_edit_risk;missing_release_year,
7029976,pending,Tell The Vision,2021,Kanye West,Pop Smoke,Kanye West,Pop Smoke,featured,https://genius.com/Kanye-west-tell-the-vision-lyrics,,
7003254,pending,Tell the Vision,2021,Kanye West,Pop Smoke,Pop Smoke,Kanye West,featured,https://genius.com/Pop-smoke-tell-the-vision-lyrics,,
4023027,pending,100 Years Now,,Kanye West,Post Malone,Kanye West,Post Malone,featured,https://genius.com/Kanye-west-100-years-now-lyrics,missing_release_year,
4538538,pending,Don’t Act Like You Care,,Kanye West,Post Malone,Post Malone,Kanye West,featured,https://genius.com/Post-malone-dont-act-like-you-care-lyrics,missing_release_year,
4839301,pending,Fuck The Internet,,Kanye West,Post Malone,Post Malone,Kanye West,featured,https://genius.com/Post-malone-fuck-the-internet-lyrics,missing_release_year,
3133700,pending,No Reason (Version 1),,Kanye West,Post Malone,Post Malone,Kanye West,featured,https://genius.com/Post-malone-no-reason-version-1-lyrics,missing_release_year,
7817186,pending,The Mall,,Kanye West,Post Malone,Kanye West,Post Malone,featured,https://genius.com/Kanye-west-the-mall-lyrics,missing_release_year,
2307999,pending,Fade,2016,Kanye West,Post Malone,Kanye West,Post Malone,featured,https://genius.com/Kanye-west-fade-lyrics,,
4779269,pending,Piss on Your Grave (Reference),,Kanye West,PRICE,PRICE,Kanye West,featured,https://genius.com/Price-piss-on-your-grave-reference-lyrics,missing_release_year,
12504975,pending,Yam,,Kanye West,Prynce Geno,Prynce Geno,Kanye West,featured,https://genius.com/Prynce-geno-yam-annotated,annotation_or_non_song_risk;missing_release_year,
7125160,pending,310,,Kanye West,Pusha T,Pusha T,Kanye West,featured,https://genius.com/Pusha-t-310-lyrics,missing_release_year,
9194156,pending,Hard Piano (Original),,Kanye West,Pusha T,Pusha T,Kanye West,featured,https://genius.com/Pusha-t-hard-piano-original-lyrics,unreleased_or_fan_edit_risk;missing_release_year,
10764246,pending,Mind Power,,Kanye West,Pusha T,Kanye West,Pusha T,featured,https://genius.com/Kanye-west-mind-power-lyrics,missing_release_year,
9192528,pending,Mitus Touch (Pusha T Reference Track),,Kanye West,Pusha T,Kanye West,Pusha T,featured,https://genius.com/Kanye-west-mitus-touch-pusha-t-reference-track-lyrics,missing_release_year,
5780848,pending,Off the Grid (Pusha T Reference),,Kanye West,Pusha T,Kanye West,Pusha T,featured,https://genius.com/Kanye-west-off-the-grid-pusha-t-reference-lyrics,missing_release_year,
7087154,pending,Praise God (Pusha T & Travis Scott Reference),,Kanye West,Pusha T,Kanye West,Pusha T,featured,https://genius.com/Kanye-west-praise-god-pusha-t-and-travis-scott-reference-lyrics,missing_release_year,
5832801,pending,Runaway (HW Version),,Kanye West,Pusha T,Kanye West,Pusha T,featured,https://genius.com/Kanye-west-runaway-hw-version-lyrics,missing_release_year,
7151319,pending,South Carolina (Donda Original),,Kanye West,Pusha T,Kanye West,Pusha T,featured,https://genius.com/Kanye-west-south-carolina-donda-original-lyrics,unreleased_or_fan_edit_risk;missing_release_year,
7242554,pending,South Carolina (Las Vegas Version),,Kanye West,Pusha T,Kanye West,Pusha T,featured,https://genius.com/Kanye-west-south-carolina-las-vegas-version-lyrics,missing_release_year,
7134820,pending,Spaceships,,Kanye West,Pusha T,Pusha T,Kanye West,featured,https://genius.com/Pusha-t-spaceships-lyrics,missing_release_year,
1410,pending,Christian Dior Denim Flow,2010,Kanye West,Pusha T,Kanye West,Pusha T,featured,https://genius.com/Kanye-west-christian-dior-denim-flow-lyrics,,
2658,pending,Christmas in Harlem (GOOD Fridays Version),2010,Kanye West,Pusha T,Kanye West,Pusha T,featured,https://genius.com/Kanye-west-christmas-in-harlem-good-fridays-version-lyrics,,
13530494,pending,Christmas In Harlem (UnCut 9 Min Version),2010,Kanye West,Pusha T,Kanye West,Pusha T,featured,https://genius.com/Kanye-west-christmas-in-harlem-uncut-9-min-version-lyrics,,
1279,pending,G.O.O.D. Friday,2010,Kanye West,Pusha T,Kanye West,Pusha T,featured,https://genius.com/Kanye-west-good-friday-lyrics,,
1878,pending,Hot 97 Freestyle,2010,Kanye West,Pusha T,Kanye West,Pusha T,featured,https://genius.com/Kanye-west-hot-97-freestyle-lyrics,,
1811,pending,Looking for Trouble,2010,Kanye West,Pusha T,Kanye West,Pusha T,featured,https://genius.com/Kanye-west-looking-for-trouble-lyrics,,
1295,pending,Runaway,2010,Kanye West,Pusha T,Kanye West,Pusha T,featured,https://genius.com/Kanye-west-runaway-lyrics,,
7110702,pending,Runaway (Film),2010,Kanye West,Pusha T,Kanye West,Pusha T,featured,https://genius.com/Kanye-west-runaway-film-lyrics,,
9930240,pending,Runaway [V53],2010,Kanye West,Pusha T,Kanye West,Pusha T,featured,https://genius.com/Kanye-west-runaway-v53-lyrics,unreleased_or_fan_edit_risk,
1353,pending,So Appalled,2010,Kanye West,Pusha T,Kanye West,Pusha T,featured,https://genius.com/Kanye-west-so-appalled-lyrics,,
1527,pending,Take One For The Team,2010,Kanye West,Pusha T,Kanye West,Pusha T,featured,https://genius.com/Kanye-west-take-one-for-the-team-lyrics,,
54323,pending,Amen,2011,Kanye West,Pusha T,Pusha T,Kanye West,featured,https://genius.com/Pusha-t-amen-lyrics,,
5719,pending,Touch It,2011,Kanye West,Pusha T,Pusha T,Kanye West,featured,https://genius.com/Pusha-t-touch-it-lyrics,,
70324,pending,Mercy,2012,Kanye West,Pusha T,Kanye West,Pusha T,featured,https://genius.com/Kanye-west-mercy-lyrics,,
2389352,pending,M.P.A.,2015,Kanye West,Pusha T,Pusha T,Kanye West,featured,https://genius.com/Pusha-t-mpa-lyrics,,
3738940,pending,What Would Meek Do?,2018,Kanye West,Pusha T,Pusha T,Kanye West,featured,https://genius.com/Pusha-t-what-would-meek-do-lyrics,,
8603080,pending,Lord I Need You (Pusha T Reference),2021,Kanye West,Pusha T,Kanye West,Pusha T,featured,https://genius.com/Kanye-west-lord-i-need-you-pusha-t-reference-lyrics,,
7627286,pending,Dreamin Of The Past,2022,Kanye West,Pusha T,Pusha T,Kanye West,featured,https://genius.com/Pusha-t-dreamin-of-the-past-lyrics,,
7919053,pending,Rock N Roll,2022,Kanye West,Pusha T,Pusha T,Kanye West,featured,https://genius.com/Pusha-t-rock-n-roll-lyrics,,
9988579,pending,Dreamin Of The Past [Mixed],2023,Kanye West,Pusha T,Pusha T,Kanye West,featured,https://genius.com/Pusha-t-dreamin-of-the-past-mixed-lyrics,mix_or_compilation_risk,
13572862,pending,Last Row,,Kanye West,Q-Tip,Kanye West,Q-Tip,featured,https://genius.com/Kanye-west-last-row-lyrics,missing_release_year,
3400,pending,We Can Make It Better,2005,Kanye West,Q-Tip,Kanye West,Q-Tip,featured,https://genius.com/Kanye-west-we-can-make-it-better-lyrics,,
5089884,pending,Alien (Quavo & Offset Version),,Kanye West,Quavo,Kanye West,Quavo,featured,https://genius.com/Kanye-west-alien-quavo-and-offset-version-lyrics,missing_release_year,
13145474,pending,Alien / Godzilla,,Kanye West,Quavo,Kanye West,Quavo,featured,https://genius.com/Kanye-west-alien-godzilla-lyrics,missing_release_year,
3632697,pending,Face Down,,Kanye West,Quavo,Kanye West,Quavo,featured,https://genius.com/Kanye-west-face-down-lyrics,missing_release_year,
6376751,pending,Godzilla/Alien,,Kanye West,Quavo,Kanye West,Quavo,featured,https://genius.com/Kanye-west-godzilla-alien-lyrics,missing_release_year,
10633158,pending,MELROSE (Quavo Version),,Kanye West,Quavo,Kanye West,Quavo,featured,https://genius.com/Kanye-west-melrose-quavo-version-lyrics,missing_release_year,
12014122,pending,"Alien (ft. Ant Clemons,Young Thug,Quavo & Kid Cudi)",2018,Kanye West,Quavo,Kanye West,Quavo,featured,https://genius.com/Kanye-west-alien-ft-ant-clemonsyoung-thugquavo-and-kid-cudi-lyrics,,
1791,pending,Gorgeous,2010,Kanye West,Raekwon,Kanye West,Raekwon,featured,https://genius.com/Kanye-west-gorgeous-lyrics,,
1323,pending,"Lord, Lord, Lord",2010,Kanye West,Raekwon,Kanye West,Raekwon,featured,https://genius.com/Kanye-west-lord-lord-lord-lyrics,,
205974,pending,Raf Simons for Interview Magazine,,Kanye West,Raf Simons,Raf Simons,Kanye West,featured,https://genius.com/Raf-simons-raf-simons-for-interview-magazine-lyrics,missing_release_year,
2452,pending,We Major,2005,Kanye West,Really Doe,Kanye West,Really Doe,featured,https://genius.com/Kanye-west-we-major-lyrics,,
39774,pending,Plastic,2008,Kanye West,Really Doe,Really Doe,Kanye West,featured,https://genius.com/Really-doe-plastic-lyrics,,
200550,pending,Real Love,2004,Kanye West,Rell,Rell,Kanye West,featured,https://genius.com/Rell-real-love-lyrics,,
6708201,pending,Real Love (Mix Cut),2004,Kanye West,Rell,Rell,Kanye West,featured,https://genius.com/Rell-real-love-mix-cut-lyrics,,
1791165,pending,SAIC Commencement Lecture,2015,Kanye West,Rhona Hoffman,Kanye West,Rhona Hoffman,featured,https://genius.com/Kanye-west-saic-commencement-lecture-annotated,annotation_or_non_song_risk,
12918302,pending,Follow God (Rhymefest Reference),,Kanye West,Rhymefest,Kanye West,Rhymefest,featured,https://genius.com/Kanye-west-follow-god-rhymefest-reference-lyrics,missing_release_year,
8110140,pending,Showdown,,Kanye West,Rhymefest,Rhymefest,Kanye West,featured,https://genius.com/Rhymefest-showdown-lyrics,missing_release_year,
40164,pending,Fight With the Best,1999,Kanye West,Rhymefest,Kanye West,Rhymefest,featured,https://genius.com/Kanye-west-fight-with-the-best-lyrics,,
40171,pending,On 10 in a Benz,1999,Kanye West,Rhymefest,Rhymefest,Kanye West,featured,https://genius.com/Rhymefest-on-10-in-a-benz-lyrics,,
40166,pending,Good Ass Job,2001,Kanye West,Rhymefest,Rhymefest,Kanye West,featured,https://genius.com/Rhymefest-good-ass-job-lyrics,,
1604,pending,Brand New,2005,Kanye West,Rhymefest,Rhymefest,Kanye West,featured,https://genius.com/Rhymefest-brand-new-lyrics,,
3893226,pending,Chi-Town,2005,Kanye West,Rhymefest,Rhymefest,Kanye West,featured,https://genius.com/Rhymefest-chi-town-lyrics,,
3400,pending,We Can Make It Better,2005,Kanye West,Rhymefest,Kanye West,Rhymefest,featured,https://genius.com/Kanye-west-we-can-make-it-better-lyrics,,
40143,pending,More,2006,Kanye West,Rhymefest,Rhymefest,Kanye West,featured,https://genius.com/Rhymefest-more-lyrics,,
11000175,pending,Baby in the Club,2007,Kanye West,Rhymefest,Rhymefest,Kanye West,featured,https://genius.com/Rhymefest-baby-in-the-club-lyrics,,
10807980,pending,Be Aight,2010,Kanye West,Rich Kidz,Rich Kidz,Kanye West,featured,https://genius.com/Rich-kidz-be-aight-lyrics,,
11066525,pending,Bleed It,,Kanye West,Rich The Kid,Rich The Kid,Kanye West,featured,https://genius.com/Rich-the-kid-bleed-it-lyrics,missing_release_year,
7110702,pending,Runaway (Film),2010,Kanye West,Rick James,Kanye West,Rick James,featured,https://genius.com/Kanye-west-runaway-film-lyrics,,
720,pending,Maybach Music 2,2009,Kanye West,Rick Ross,Rick Ross,Kanye West,featured,https://genius.com/Rick-ross-maybach-music-2-lyrics,,
1207,pending,Devil In a New Dress,2010,Kanye West,Rick Ross,Kanye West,Rick Ross,featured,https://genius.com/Kanye-west-devil-in-a-new-dress-lyrics,,
1149,pending,Monster,2010,Kanye West,Rick Ross,Kanye West,Rick Ross,featured,https://genius.com/Kanye-west-monster-lyrics,,
360742,pending,Sanctified,2014,Kanye West,Rick Ross,Rick Ross,Kanye West,featured,https://genius.com/Rick-ross-sanctified-lyrics,,
2861193,pending,Famous (Original Version),,Kanye West,Rihanna,Kanye West,Rihanna,featured,https://genius.com/Kanye-west-famous-original-version-lyrics,unreleased_or_fan_edit_risk;missing_release_year,
10902050,pending,Mitus Touch (New Rihanna),,Kanye West,Rihanna,Rihanna,Kanye West,featured,https://genius.com/Rihanna-mitus-touch-new-rihanna-lyrics,missing_release_year,
6645933,pending,Nina Chop (Rihanna Version),,Kanye West,Rihanna,Kanye West,Rihanna,featured,https://genius.com/Kanye-west-nina-chop-rihanna-version-lyrics,missing_release_year,
7110702,pending,Runaway (Film),2010,Kanye West,Rihanna,Kanye West,Rihanna,featured,https://genius.com/Kanye-west-runaway-film-lyrics,,
2412662,pending,Famous,2016,Kanye West,Rihanna,Kanye West,Rihanna,featured,https://genius.com/Kanye-west-famous-lyrics,,
13155336,pending,Famous (Video Version),2016,Kanye West,Rihanna,Kanye West,Rihanna,featured,https://genius.com/Kanye-west-famous-video-version-lyrics,,
7029978,pending,Pure Souls,2021,Kanye West,Roddy Ricch,Kanye West,Roddy Ricch,featured,https://genius.com/Kanye-west-pure-souls-lyrics,,
8451029,pending,Pure Souls (Explicit),2021,Kanye West,Roddy Ricch,Kanye West,Roddy Ricch,featured,https://genius.com/Kanye-west-pure-souls-explicit-lyrics,,
8451109,pending,Ok Ok (Explicit),,Kanye West,Rooga,Kanye West,Rooga,featured,https://genius.com/Kanye-west-ok-ok-explicit-lyrics,missing_release_year,
10523163,pending,Problematic (Rooga Reference),,Kanye West,Rooga,Kanye West,Rooga,featured,https://genius.com/Kanye-west-problematic-rooga-reference-lyrics,missing_release_year,
7032169,pending,Ok Ok,2021,Kanye West,Rooga,Kanye West,Rooga,featured,https://genius.com/Kanye-west-ok-ok-lyrics,,
7151087,pending,Ok Ok pt 2,2021,Kanye West,Rooga,Kanye West,Rooga,featured,https://genius.com/Kanye-west-ok-ok-pt-2-lyrics,,
1410,pending,Christian Dior Denim Flow,2010,Kanye West,Ryan Leslie,Kanye West,Ryan Leslie,featured,https://genius.com/Kanye-west-christian-dior-denim-flow-lyrics,,
1353,pending,So Appalled,2010,Kanye West,RZA,Kanye West,RZA,featured,https://genius.com/Kanye-west-so-appalled-lyrics,,
9284967,pending,Smack DVD (Original),,Kanye West,SAINt JHN,SAINt JHN,Kanye West,featured,https://genius.com/Saint-jhn-smack-dvd-original-lyrics,unreleased_or_fan_edit_risk;missing_release_year,
6103844,pending,Pray 4 Me,2020,Kanye West,SAINt JHN,SAINt JHN,Kanye West,featured,https://genius.com/Saint-jhn-pray-4-me-lyrics,,
6031580,pending,Smack DVD,2020,Kanye West,SAINt JHN,SAINt JHN,Kanye West,featured,https://genius.com/Saint-jhn-smack-dvd-lyrics,,
8267778,pending,Stand United (Original),2020,Kanye West,SAINt JHN,Kanye West,SAINt JHN,featured,https://genius.com/Kanye-west-stand-united-original-lyrics,unreleased_or_fan_edit_risk,
8603080,pending,Lord I Need You (Pusha T Reference),2021,Kanye West,SAINt JHN,Kanye West,SAINt JHN,featured,https://genius.com/Kanye-west-lord-i-need-you-pusha-t-reference-lyrics,,
13275285,pending,HIGHS AND LOWS (Saintboy Reference),,Kanye West,Saintboy,Kanye West,Saintboy,featured,https://genius.com/Kanye-west-highs-and-lows-saintboy-reference-lyrics,missing_release_year,
13274398,pending,THIS ONE HERE (Saintboy Reference),,Kanye West,Saintboy,Kanye West,Saintboy,featured,https://genius.com/Kanye-west-this-one-here-saintboy-reference-lyrics,missing_release_year,
2428259,pending,Saint Pablo,2016,Kanye West,Sampha,Kanye West,Sampha,featured,https://genius.com/Kanye-west-saint-pablo-lyrics,,
4453845,pending,Shoot Up The Station,,Kanye West,Santigold,Kanye West,Santigold,featured,https://genius.com/Kanye-west-shoot-up-the-station-lyrics,missing_release_year,
2472238,pending,THat Part,2016,Kanye West,ScHoolboy Q,ScHoolboy Q,Kanye West,featured,https://genius.com/Schoolboy-q-that-part-lyrics,,
182396,pending,American Psycho (Short Film) [Yeezus commercial],2013,Kanye West,Scott Disick,Kanye West,Scott Disick,featured,https://genius.com/Kanye-west-american-psycho-short-film-yeezus-commercial-annotated,annotation_or_non_song_risk,
41699,pending,Ready to Go,2009,Kanye West,Scratch (Hip-Hop),Scratch (Hip-Hop),Kanye West,featured,https://genius.com/Scratch-hip-hop-ready-to-go-lyrics,,
11863044,pending,Flashlights,,Kanye West,Seal,Kanye West,Seal,featured,https://genius.com/Kanye-west-flashlights-lyrics,missing_release_year,
13086024,pending,SAME SHIT,,Kanye West,Sean Leon,Sean Leon,Kanye West,featured,https://genius.com/Sean-leon-same-shit-lyrics,missing_release_year,
12978143,pending,Alien (Sean Leon Reference),2019,Kanye West,Sean Leon,Kanye West,Sean Leon,featured,https://genius.com/Kanye-west-alien-sean-leon-reference-lyrics,,
9734166,pending,OXYGEN,2023,Kanye West,Sean Leon,Sean Leon,Kanye West,featured,https://genius.com/Sean-leon-oxygen-lyrics,,
7110702,pending,Runaway (Film),2010,Kanye West,Selita Ebanks,Kanye West,Selita Ebanks,featured,https://genius.com/Kanye-west-runaway-film-lyrics,,
370931,pending,On Creative Frustration,2014,Kanye West,Seth Meyers,Kanye West,Seth Meyers,featured,https://genius.com/Kanye-west-on-creative-frustration-annotated,annotation_or_non_song_risk,
7308974,pending,Chicago Shit,2006,Kanye West,Shawnna,Shawnna,Kanye West,featured,https://genius.com/Shawnna-chicago-shit-lyrics,,
5721309,pending,Eternal Life,,Kanye West,Sheck Wes,Kanye West,Sheck Wes,featured,https://genius.com/Kanye-west-eternal-life-lyrics,missing_release_year,
5050775,pending,Nebuchadnezzar*,,Kanye West,Sheck Wes,Kanye West,Sheck Wes,featured,https://genius.com/Kanye-west-nebuchadnezzar-lyrics,missing_release_year,
8273464,pending,Crash Landing,2020,Kanye West,Sheck Wes,Kanye West,Sheck Wes,featured,https://genius.com/Kanye-west-crash-landing-lyrics,,
8868589,pending,Selfish (Shenseea Reference),,Kanye West,Shenseea,Kanye West,Shenseea,featured,https://genius.com/Kanye-west-selfish-shenseea-reference-lyrics,missing_release_year,
7151087,pending,Ok Ok pt 2,2021,Kanye West,Shenseea,Kanye West,Shenseea,featured,https://genius.com/Kanye-west-ok-ok-pt-2-lyrics,,
7394477,pending,Ok Ok pt 2 (Deluxe),2021,Kanye West,Shenseea,Kanye West,Shenseea,featured,https://genius.com/Kanye-west-ok-ok-pt-2-deluxe-lyrics,,
7029978,pending,Pure Souls,2021,Kanye West,Shenseea,Kanye West,Shenseea,featured,https://genius.com/Kanye-west-pure-souls-lyrics,,
8451029,pending,Pure Souls (Explicit),2021,Kanye West,Shenseea,Kanye West,Shenseea,featured,https://genius.com/Kanye-west-pure-souls-explicit-lyrics,,
441182,pending,Not the Same,,Kanye West,Shire Sha-ray,Kanye West,Shire Sha-ray,featured,https://genius.com/Kanye-west-not-the-same-lyrics,missing_release_year,
9304449,pending,Not The Same (Black Bruce Wayne) [Original],,Kanye West,Shire Sha-ray,Kanye West,Shire Sha-ray,featured,https://genius.com/Kanye-west-not-the-same-black-bruce-wayne-original-lyrics,unreleased_or_fan_edit_risk;missing_release_year,
2424551,pending,Wolves (Original Version),,Kanye West,Sia,Kanye West,Sia,featured,https://genius.com/Kanye-west-wolves-original-version-lyrics,unreleased_or_fan_edit_risk;missing_release_year,
703628,pending,Wolves (SNL / Yeezy Season 1),2015,Kanye West,Sia,Kanye West,Sia,featured,https://genius.com/Kanye-west-wolves-snl-yeezy-season-1-lyrics,,
2421668,pending,Wolves,2016,Kanye West,Sia,Kanye West,Sia,featured,https://genius.com/Kanye-west-wolves-lyrics,,
10932455,pending,CASH COW,,Kanye West,Skepta,Kanye West,Skepta,featured,https://genius.com/Kanye-west-cash-cow-lyrics,missing_release_year,
10758570,pending,Cash Cow*,,Kanye West,Skepta,Skepta,Kanye West,featured,https://genius.com/Skepta-cash-cow-lyrics,missing_release_year,
7152959,pending,Peace of Mind Pt.2,,Kanye West,Skepta,Skepta,Kanye West,featured,https://genius.com/Skepta-peace-of-mind-pt2-lyrics,missing_release_year,
9556431,pending,Get Out Of Earth,,Kanye West,Skrillex,Kanye West,Skrillex,featured,https://genius.com/Kanye-west-get-out-of-earth-lyrics,missing_release_year,
1375,pending,Selfish,2004,Kanye West,Slum Village,Slum Village,Kanye West,featured,https://genius.com/Slum-village-selfish-lyrics,,
11005588,pending,Payback,,Kanye West,Sly Polaroid,Kanye West,Sly Polaroid,featured,https://genius.com/Kanye-west-payback-lyrics,missing_release_year,
5742,pending,Eyez Closed,2011,Kanye West,Snoop Dogg,Snoop Dogg,Kanye West,featured,https://genius.com/Snoop-dogg-eyez-closed-lyrics,,
13199453,pending,What Am I To Do?,1998,Kanye West,Solar Tha Rightchus,Solar Tha Rightchus,Kanye West,featured,https://genius.com/Solar-tha-rightchus-what-am-i-to-do-lyrics,,
10161195,pending,Blow it Up,1999,Kanye West,Solar Tha Rightchus,Solar Tha Rightchus,Kanye West,featured,https://genius.com/Solar-tha-rightchus-blow-it-up-lyrics,,
73078,pending,What It Is,2008,Kanye West,Sophia Fresh,Sophia Fresh,Kanye West,featured,https://genius.com/Sophia-fresh-what-it-is-lyrics,,
4707196,pending,Don’t Wanna Tell You,,Kanye West,Stack Bundles,Stack Bundles,Kanye West,featured,https://genius.com/Stack-bundles-dont-wanna-tell-you-lyrics,missing_release_year,
2936587,pending,Did It My Way,2012,Kanye West,Stack Bundles,Stack Bundles,Kanye West,featured,https://genius.com/Stack-bundles-did-it-my-way-lyrics,,
10255819,pending,DONDA PRAYER,,Kanye West,Stalone,Kanye West,Stalone,featured,https://genius.com/Kanye-west-donda-prayer-lyrics,missing_release_year,
11139805,pending,How Could U?,,Kanye West,Stalone,Kanye West,Stalone,featured,https://genius.com/Kanye-west-how-could-u-lyrics,missing_release_year,
7151319,pending,South Carolina (Donda Original),,Kanye West,Stalone,Kanye West,Stalone,featured,https://genius.com/Kanye-west-south-carolina-donda-original-lyrics,unreleased_or_fan_edit_risk;missing_release_year,
7242554,pending,South Carolina (Las Vegas Version),,Kanye West,Stalone,Kanye West,Stalone,featured,https://genius.com/Kanye-west-south-carolina-las-vegas-version-lyrics,missing_release_year,
7016680,pending,Donda,2021,Kanye West,Stalone,Kanye West,Stalone,featured,https://genius.com/Kanye-west-donda-lyrics,,
43788,pending,Ooh Drama,,Kanye West,Stat Quo,Stat Quo,Kanye West,featured,https://genius.com/Stat-quo-ooh-drama-lyrics,missing_release_year,
13402306,pending,Come to Life (Original),,Kanye West,Steve Lacy,Kanye West,Steve Lacy,featured,https://genius.com/Kanye-west-come-to-life-original-lyrics,unreleased_or_fan_edit_risk;missing_release_year,
8341791,pending,To The Light,,Kanye West,Steve Lacy,Kanye West,Steve Lacy,featured,https://genius.com/Kanye-west-to-the-light-lyrics,missing_release_year,
343393,pending,Interview Magazine: Cover Story Excerpt,,Kanye West,Steve McQueen,Kanye West,Steve McQueen,featured,https://genius.com/Kanye-west-interview-magazine-cover-story-excerpt-annotated,annotation_or_non_song_risk;missing_release_year,
187351,pending,Yeezus - Please Add Graffiti,,Kanye West,Steve “ESPO” Powers,Steve “ESPO” Powers,Kanye West,featured,https://genius.com/Steve-espo-powers-yeezus-please-add-graffiti-annotated,annotation_or_non_song_risk;missing_release_year,
139696,pending,White Dress (Alternate Version),2012,Kanye West,Stone Mecca,Kanye West,Stone Mecca,featured,https://genius.com/Kanye-west-white-dress-alternate-version-lyrics,,
5204844,pending,Cash to Burn (Reference),,Kanye West,Styles P,Kanye West,Styles P,featured,https://genius.com/Kanye-west-cash-to-burn-reference-lyrics,missing_release_year,
10509757,pending,Lost In Time,,Kanye West,Summer Walker,Kanye West,Summer Walker,featured,https://genius.com/Kanye-west-lost-in-time-lyrics,missing_release_year,
7365763,pending,24 (Las Vegas Version),,Kanye West,Sunday Service Choir,Kanye West,Sunday Service Choir,featured,https://genius.com/Kanye-west-24-las-vegas-version-lyrics,missing_release_year,
13105581,pending,Ashes [V1],,Kanye West,Sunday Service Choir,Kanye West,Sunday Service Choir,featured,https://genius.com/Kanye-west-ashes-v1-lyrics,unreleased_or_fan_edit_risk;missing_release_year,
13402306,pending,Come to Life (Original),,Kanye West,Sunday Service Choir,Kanye West,Sunday Service Choir,featured,https://genius.com/Kanye-west-come-to-life-original-lyrics,unreleased_or_fan_edit_risk;missing_release_year,
5998883,pending,Eternal Rest,,Kanye West,Sunday Service Choir,Kanye West,Sunday Service Choir,featured,https://genius.com/Kanye-west-eternal-rest-lyrics,missing_release_year,
8335558,pending,Every Hour / Selah,,Kanye West,Sunday Service Choir,Kanye West,Sunday Service Choir,featured,https://genius.com/Kanye-west-and-dr-dre-every-hour-selah-lyrics,missing_release_year,
7613436,pending,He Gave It All,,Kanye West,Sunday Service Choir,Kanye West,Sunday Service Choir,featured,https://genius.com/Kanye-west-he-gave-it-all-lyrics,missing_release_year,
7075395,pending,Hurricane (Sunday Service Choir Version),,Kanye West,Sunday Service Choir,Kanye West,Sunday Service Choir,featured,https://genius.com/Kanye-west-hurricane-sunday-service-choir-version-lyrics,missing_release_year,
7008761,pending,In The Morning,,Kanye West,Sunday Service Choir,Kanye West,Sunday Service Choir,featured,https://genius.com/Kanye-west-in-the-morning-lyrics,missing_release_year,
12841402,pending,Law Of Attraction (Clipse Version),,Kanye West,Sunday Service Choir,Kanye West,Sunday Service Choir,featured,https://genius.com/Kanye-west-and-clipse-law-of-attraction-clipse-version-lyrics,missing_release_year,
8067659,pending,Lord I Need You [FV Edit V1],,Kanye West,Sunday Service Choir,Kanye West,Sunday Service Choir,featured,https://genius.com/Kanye-west-lord-i-need-you-fv-edit-v1-lyrics,missing_release_year,
5047867,pending,My All (Performed by The Sunday Service Choir),,Kanye West,Sunday Service Choir,Kanye West,Sunday Service Choir,featured,https://genius.com/Kanye-west-my-all-performed-by-the-sunday-service-choir-lyrics,missing_release_year,
5123896,pending,Paradise (Jeremih Cover),,Kanye West,Sunday Service Choir,Sunday Service Choir,Kanye West,featured,https://genius.com/Sunday-service-choir-paradise-jeremih-cover-lyrics,missing_release_year,
11447971,pending,Sweet Jesus,,Kanye West,Sunday Service Choir,Kanye West,Sunday Service Choir,featured,https://genius.com/Kanye-west-sweet-jesus-lyrics,missing_release_year,
4969021,pending,Every Hour,2019,Kanye West,Sunday Service Choir,Kanye West,Sunday Service Choir,featured,https://genius.com/Kanye-west-every-hour-lyrics,,
5712029,pending,Can’t Tell Me Nothing (Sunday Service Choir),2020,Kanye West,Sunday Service Choir,Kanye West,Sunday Service Choir,featured,https://genius.com/Kanye-west-cant-tell-me-nothing-sunday-service-choir-lyrics,,
7955306,pending,Stronger than Hulk,2008,Kanye West,Supershirt,Supershirt,Kanye West,featured,https://genius.com/Supershirt-stronger-than-hulk-lyrics,,
2293995,pending,Kanye West Sway Freestyle,2013,Kanye West,Sway in the Morning,Sway in the Morning,Kanye West,featured,https://genius.com/Sway-in-the-morning-kanye-west-sway-freestyle-lyrics,,
283507,pending,Sway in the Morning interview with Kanye West (Excerpts),2013,Kanye West,Sway in the Morning,Sway in the Morning,Kanye West,featured,https://genius.com/Sway-in-the-morning-sway-in-the-morning-interview-with-kanye-west-excerpts-annotated,annotation_or_non_song_risk,
2861193,pending,Famous (Original Version),,Kanye West,Swizz Beatz,Kanye West,Swizz Beatz,featured,https://genius.com/Kanye-west-famous-original-version-lyrics,unreleased_or_fan_edit_risk;missing_release_year,
7084154,pending,Jesus Lord (Lil Yachty & Vory Reference),,Kanye West,Swizz Beatz,Kanye West,Swizz Beatz,featured,https://genius.com/Kanye-west-jesus-lord-lil-yachty-and-vory-reference-lyrics,missing_release_year,
6645933,pending,Nina Chop (Rihanna Version),,Kanye West,Swizz Beatz,Kanye West,Swizz Beatz,featured,https://genius.com/Kanye-west-nina-chop-rihanna-version-lyrics,missing_release_year,
1323,pending,"Lord, Lord, Lord",2010,Kanye West,Swizz Beatz,Kanye West,Swizz Beatz,featured,https://genius.com/Kanye-west-lord-lord-lord-lyrics,,
1353,pending,So Appalled,2010,Kanye West,Swizz Beatz,Kanye West,Swizz Beatz,featured,https://genius.com/Kanye-west-so-appalled-lyrics,,
86,pending,All Falls Down,2004,Kanye West,Syleena Johnson,Kanye West,Syleena Johnson,featured,https://genius.com/Kanye-west-all-falls-down-lyrics,,
8808775,pending,All Falls Down (Instrumental),2005,Kanye West,Syleena Johnson,Kanye West,Syleena Johnson,featured,https://genius.com/Kanye-west-all-falls-down-instrumental-lyrics,,
7032166,pending,Donda Chant,2021,Kanye West,Syleena Johnson,Kanye West,Syleena Johnson,featured,https://genius.com/Kanye-west-donda-chant-lyrics,,
1043,pending,Good Life,2007,Kanye West,T-Pain,Kanye West,T-Pain,featured,https://genius.com/Kanye-west-good-life-lyrics,,
12418815,pending,Kanye West Vodaphone Mixtape,2007,Kanye West,T-Pain,Kanye West,T-Pain,featured,https://genius.com/Kanye-west-kanye-west-vodaphone-mixtape-lyrics,,
44398,pending,Therapy,2008,Kanye West,T-Pain,T-Pain,Kanye West,featured,https://genius.com/T-pain-therapy-lyrics,,
12132666,pending,Anthem,2019,Kanye West,T-Pain,Kanye West,T-Pain,featured,https://genius.com/Kanye-west-anthem-lyrics,,
182,pending,Swagga Like Us,2008,Kanye West,T.I.,T.I.,Kanye West,featured,https://genius.com/Ti-swagga-like-us-lyrics,,
9947533,pending,Real Love (Welcome to the World Original),2010,Kanye West,T.I.,T.I.,Kanye West,featured,https://genius.com/Ti-real-love-welcome-to-the-world-original-lyrics,unreleased_or_fan_edit_risk,
2144,pending,Welcome to the World,2010,Kanye West,T.I.,T.I.,Kanye West,featured,https://genius.com/Ti-welcome-to-the-world-lyrics,,
3688680,pending,kanye west / t.i.,2018,Kanye West,T.I.,Kanye West,T.I.,featured,https://genius.com/Kanye-west-kanye-west-ti-annotated,annotation_or_non_song_risk,
3681512,pending,Ye vs. the People (starring TI as the People),2018,Kanye West,T.I.,Kanye West,T.I.,featured,https://genius.com/Kanye-west-ye-vs-the-people-starring-ti-as-the-people-lyrics,,
1731,pending,Guerrilla Monsoon Rap,2002,Kanye West,Talib Kweli,Talib Kweli,Kanye West,featured,https://genius.com/Talib-kweli-guerrilla-monsoon-rap-lyrics,,
3550,pending,Wack Niggas,2003,Kanye West,Talib Kweli,Kanye West,Talib Kweli,featured,https://genius.com/Kanye-west-wack-niggas-lyrics,,
1083,pending,Get Em High,2004,Kanye West,Talib Kweli,Kanye West,Talib Kweli,featured,https://genius.com/Kanye-west-get-em-high-lyrics,,
3400,pending,We Can Make It Better,2005,Kanye West,Talib Kweli,Kanye West,Talib Kweli,featured,https://genius.com/Kanye-west-we-can-make-it-better-lyrics,,
44467,pending,In the Mood,2007,Kanye West,Talib Kweli,Talib Kweli,Kanye West,featured,https://genius.com/Talib-kweli-in-the-mood-lyrics,,
5798084,pending,In the Mood (Snippet),2007,Kanye West,Talib Kweli,Talib Kweli,Kanye West,featured,https://genius.com/Talib-kweli-in-the-mood-snippet-lyrics,,
1964,pending,Chain Heavy,2010,Kanye West,Talib Kweli,Kanye West,Talib Kweli,featured,https://genius.com/Kanye-west-chain-heavy-lyrics,,
44453,pending,"Wack Niggaz, Pt. 2",2015,Kanye West,Talib Kweli,Talib Kweli,Kanye West,featured,https://genius.com/Talib-kweli-wack-niggaz-pt-2-lyrics,,
8220828,pending,Survive (Tee Grizzley Reference),,Kanye West,Tee Grizzley,Kanye West,Tee Grizzley,featured,https://genius.com/Kanye-west-survive-tee-grizzley-reference-lyrics,missing_release_year,
221293,pending,Rock The Mic Freestyle,,Kanye West,Teefa,Kanye West,Teefa,featured,https://genius.com/Kanye-west-rock-the-mic-freestyle-lyrics,missing_release_year,
9499901,pending,"Draper (feat. Jay-Z, Kanye West)",,Kanye West,Tenoutoftenmiddlepart,Tenoutoftenmiddlepart,Kanye West,featured,https://genius.com/Tenoutoftenmiddlepart-draper-feat-jay-z-kanye-west-lyrics,missing_release_year,
31755,pending,I Still Love H.E.R.,2007,Kanye West,Teriyaki Boyz,Teriyaki Boyz,Kanye West,featured,https://genius.com/Teriyaki-boyz-i-still-love-her-lyrics,,
6836494,pending,I Still Love H.E.R. (Instrumental),2007,Kanye West,Teriyaki Boyz,Teriyaki Boyz,Kanye West,featured,https://genius.com/Teriyaki-boyz-i-still-love-her-instrumental-lyrics,,
31863,pending,TERIYA-KING,2009,Kanye West,Teriyaki Boyz,Teriyaki Boyz,Kanye West,featured,https://genius.com/Teriyaki-boyz-teriya-king-lyrics,,
450498,pending,Everything I Got,,Kanye West,Termanology,Kanye West,Termanology,featured,https://genius.com/Kanye-west-everything-i-got-lyrics,missing_release_year,
13105581,pending,Ashes [V1],,Kanye West,Terrace Martin,Kanye West,Terrace Martin,featured,https://genius.com/Kanye-west-ashes-v1-lyrics,unreleased_or_fan_edit_risk;missing_release_year,
13250432,pending,Christmas In Harlem (Original),,Kanye West,Teyana Taylor,Kanye West,Teyana Taylor,featured,https://genius.com/Kanye-west-christmas-in-harlem-original-lyrics,unreleased_or_fan_edit_risk;missing_release_year,
5030863,pending,The Garden,,Kanye West,Teyana Taylor,Kanye West,Teyana Taylor,featured,https://genius.com/Kanye-west-the-garden-lyrics,missing_release_year,
62182,pending,Christmas In Harlem,2010,Kanye West,Teyana Taylor,Kanye West,Teyana Taylor,featured,https://genius.com/Kanye-west-christmas-in-harlem-lyrics,,
2658,pending,Christmas in Harlem (GOOD Fridays Version),2010,Kanye West,Teyana Taylor,Kanye West,Teyana Taylor,featured,https://genius.com/Kanye-west-christmas-in-harlem-good-fridays-version-lyrics,,
13530494,pending,Christmas In Harlem (UnCut 9 Min Version),2010,Kanye West,Teyana Taylor,Kanye West,Teyana Taylor,featured,https://genius.com/Kanye-west-christmas-in-harlem-uncut-9-min-version-lyrics,,
3796403,pending,Hurry,2018,Kanye West,Teyana Taylor,Teyana Taylor,Kanye West,featured,https://genius.com/Teyana-taylor-hurry-lyrics,,
6374689,pending,Whipped Cream,,Kanye West,TGOD808,TGOD808,Kanye West,featured,https://genius.com/Tgod808-whipped-cream-lyrics,missing_release_year,
6374694,pending,Words From Ye,,Kanye West,TGOD808,TGOD808,Kanye West,featured,https://genius.com/Tgod808-words-from-ye-lyrics,missing_release_year,
800,pending,Two Words,2003,Kanye West,The Boys Choir of Harlem,Kanye West,The Boys Choir of Harlem,featured,https://genius.com/Kanye-west-two-words-lyrics,,
1042882,pending,Two Words (Cinematic),2005,Kanye West,The Boys Choir of Harlem,Kanye West,The Boys Choir of Harlem,featured,https://genius.com/Kanye-west-two-words-cinematic-lyrics,,
709141,pending,2015 The Breakfast Club Interview,2015,Kanye West,The Breakfast Club (Power 105.1),The Breakfast Club (Power 105.1),Kanye West,featured,https://genius.com/The-breakfast-club-power-1051-2015-the-breakfast-club-interview-annotated,annotation_or_non_song_risk,
99948,pending,Kenny West vs. Cleveland Brown Jr. Rap Battle,,Kanye West,The Cleveland Show,The Cleveland Show,Kanye West,featured,https://genius.com/The-cleveland-show-kenny-west-vs-cleveland-brown-jr-rap-battle-lyrics,missing_release_year,
87281,pending,Be-Cleve in Yourself,2010,Kanye West,The Cleveland Show,The Cleveland Show,Kanye West,featured,https://genius.com/The-cleveland-show-be-cleve-in-yourself-lyrics,,
2386727,pending,Ta-ra-ra Ay!,2012,Kanye West,The Cleveland Show,The Cleveland Show,Kanye West,featured,https://genius.com/The-cleveland-show-ta-ra-ra-ay-lyrics,,
2386770,pending,Trend Starters,2012,Kanye West,The Cleveland Show,The Cleveland Show,Kanye West,featured,https://genius.com/The-cleveland-show-trend-starters-lyrics,,
8399615,pending,Chrome Slugs and Harmony (Original),,Kanye West,The Game,The Game,Kanye West,featured,https://genius.com/The-game-chrome-slugs-and-harmony-original-lyrics,unreleased_or_fan_edit_risk;missing_release_year,
11667524,pending,Free Suge,,Kanye West,The Game,The Game,Kanye West,featured,https://genius.com/The-game-free-suge-lyrics,missing_release_year,
8870987,pending,KEEP IT BURNIN (The Game Reference),,Kanye West,The Game,Kanye West,The Game,featured,https://genius.com/Kanye-west-keep-it-burnin-the-game-reference-lyrics,missing_release_year,
9195155,pending,LOUIE BAGS (The Game Reference),,Kanye West,The Game,Kanye West,The Game,featured,https://genius.com/Kanye-west-louie-bags-the-game-reference-lyrics,missing_release_year,
5442361,pending,The Whole City Behind Us,2004,Kanye West,The Game,The Game,Kanye West,featured,https://genius.com/The-game-the-whole-city-behind-us-lyrics,,
25771,pending,Where You At? (The Whole City Behind Us),2004,Kanye West,The Game,Kanye West,The Game,featured,https://genius.com/Kanye-west-where-you-at-the-whole-city-behind-us-lyrics,,
3254,pending,Crack Music,2005,Kanye West,The Game,Kanye West,The Game,featured,https://genius.com/Kanye-west-crack-music-lyrics,,
1515,pending,Wouldn’t Get Far,2006,Kanye West,The Game,The Game,Kanye West,featured,https://genius.com/The-game-wouldnt-get-far-lyrics,,
97994,pending,Jesus Piece,2012,Kanye West,The Game,The Game,Kanye West,featured,https://genius.com/The-game-jesus-piece-lyrics,,
100715,pending,Rollin’,2012,Kanye West,The Game,The Game,Kanye West,featured,https://genius.com/The-game-rollin-lyrics,,
2309337,pending,Mula,2015,Kanye West,The Game,The Game,Kanye West,featured,https://genius.com/The-game-mula-lyrics,,
8277376,pending,Fortunate,2022,Kanye West,The Game,The Game,Kanye West,featured,https://genius.com/The-game-fortunate-lyrics,,
13232346,pending,40 Nights,2025,Kanye West,The Game,The Game,Kanye West,featured,https://genius.com/The-game-40-nights-lyrics,,
7151073,pending,Jesus Lord pt 2,2021,Kanye West,The LOX,Kanye West,The LOX,featured,https://genius.com/Kanye-west-jesus-lord-pt-2-lyrics,,
8222005,pending,Can’t Stop My Love,2013,Kanye West,The Madd Rapper,The Madd Rapper,Kanye West,featured,https://genius.com/The-madd-rapper-cant-stop-my-love-lyrics,,
7084730,pending,Hurricane (Lil Yachty Reference),,Kanye West,The Weeknd,Kanye West,The Weeknd,featured,https://genius.com/Kanye-west-hurricane-lil-yachty-reference-lyrics,missing_release_year,
7445784,pending,Why Feel Bad,,Kanye West,The Weeknd,Kanye West,The Weeknd,featured,https://genius.com/Kanye-west-why-feel-bad-lyrics,missing_release_year,
11789784,pending,I Only Have Eyes,2013,Kanye West,The Weeknd,Kanye West,The Weeknd,featured,https://genius.com/Kanye-west-i-only-have-eyes-lyrics,,
11789772,pending,Lost Bicycle,2013,Kanye West,The Weeknd,Kanye West,The Weeknd,featured,https://genius.com/Kanye-west-lost-bicycle-lyrics,,
12457143,pending,Look In My Eyes Do You See it?,2014,Kanye West,The Weeknd,Kanye West,The Weeknd,featured,https://genius.com/Kanye-west-look-in-my-eyes-do-you-see-it-lyrics,,
2421661,pending,FML,2016,Kanye West,The Weeknd,Kanye West,The Weeknd,featured,https://genius.com/Kanye-west-fml-lyrics,,
12132666,pending,Anthem,2019,Kanye West,The Weeknd,Kanye West,The Weeknd,featured,https://genius.com/Kanye-west-anthem-lyrics,,
13721593,pending,Cold Winds (DONDA LEAK),2021,Kanye West,The Weeknd,Kanye West,The Weeknd,featured,https://genius.com/Kanye-west-cold-winds-donda-leak-lyrics,,
12667764,pending,Ain’t No Tellin’ [V2],,Kanye West,The World Famous Tony Williams,Kanye West,The World Famous Tony Williams,featured,https://genius.com/Kanye-west-aint-no-tellin-v2-lyrics,unreleased_or_fan_edit_risk;missing_release_year,
11687244,pending,Hurricane (The WRLDFMS Tony Williams Version),,Kanye West,The World Famous Tony Williams,Kanye West,The World Famous Tony Williams,featured,https://genius.com/Kanye-west-hurricane-the-wrldfms-tony-williams-version-lyrics,missing_release_year,
6163994,pending,I Feel Like That (Album Version),,Kanye West,The World Famous Tony Williams,Kanye West,The World Famous Tony Williams,featured,https://genius.com/Kanye-west-i-feel-like-that-album-version-lyrics,missing_release_year,
10512331,pending,I Feel Like That (KIRBY Reference Track),,Kanye West,The World Famous Tony Williams,Kanye West,The World Famous Tony Williams,featured,https://genius.com/Kanye-west-i-feel-like-that-kirby-reference-track-lyrics,missing_release_year,
11043690,pending,See Me Again [V10],,Kanye West,The World Famous Tony Williams,Kanye West,The World Famous Tony Williams,featured,https://genius.com/Kanye-west-see-me-again-v10-lyrics,unreleased_or_fan_edit_risk;missing_release_year,
8438585,pending,See Me Again [V4],,Kanye West,The World Famous Tony Williams,Kanye West,The World Famous Tony Williams,featured,https://genius.com/Kanye-west-see-me-again-v4-lyrics,unreleased_or_fan_edit_risk;missing_release_year,
8326206,pending,Serving God (Tony Williams Reference),,Kanye West,The World Famous Tony Williams,Kanye West,The World Famous Tony Williams,featured,https://genius.com/Kanye-west-serving-god-tony-williams-reference-lyrics,missing_release_year,
13681728,pending,SHE LOVE YE AND TRAV,,Kanye West,The World Famous Tony Williams,Kanye West,The World Famous Tony Williams,featured,https://genius.com/Kanye-west-and-ye-she-love-ye-and-trav-lyrics,missing_release_year,
5111321,pending,Shoot It,,Kanye West,The World Famous Tony Williams,Kanye West,The World Famous Tony Williams,featured,https://genius.com/Kanye-west-shoot-it-lyrics,missing_release_year,
7151319,pending,South Carolina (Donda Original),,Kanye West,The World Famous Tony Williams,Kanye West,The World Famous Tony Williams,featured,https://genius.com/Kanye-west-south-carolina-donda-original-lyrics,unreleased_or_fan_edit_risk;missing_release_year,
7242554,pending,South Carolina (Las Vegas Version),,Kanye West,The World Famous Tony Williams,Kanye West,The World Famous Tony Williams,featured,https://genius.com/Kanye-west-south-carolina-las-vegas-version-lyrics,missing_release_year,
10713614,pending,You Again (We Major Reference Track),,Kanye West,The World Famous Tony Williams,Kanye West,The World Famous Tony Williams,featured,https://genius.com/Kanye-west-you-again-we-major-reference-track-lyrics,missing_release_year,
12035654,pending,Ain’t No Tellin’,2009,Kanye West,The World Famous Tony Williams,Kanye West,The World Famous Tony Williams,featured,https://genius.com/Kanye-west-aint-no-tellin-lyrics,,
9280890,pending,Ghetto University,2009,Kanye West,The World Famous Tony Williams,Kanye West,The World Famous Tony Williams,featured,https://genius.com/Kanye-west-ghetto-university-lyrics,,
7158401,pending,A Star is Born,2010,Kanye West,The World Famous Tony Williams,The World Famous Tony Williams,Kanye West,featured,https://genius.com/The-world-famous-tony-williams-a-star-is-born-lyrics,,
9930240,pending,Runaway [V53],2010,Kanye West,The World Famous Tony Williams,Kanye West,The World Famous Tony Williams,featured,https://genius.com/Kanye-west-runaway-v53-lyrics,unreleased_or_fan_edit_risk,
63556,pending,Another You,2012,Kanye West,The World Famous Tony Williams,The World Famous Tony Williams,Kanye West,featured,https://genius.com/The-world-famous-tony-williams-another-you-lyrics,,
11617666,pending,Another You [Snippet],2012,Kanye West,The World Famous Tony Williams,The World Famous Tony Williams,Kanye West,featured,https://genius.com/The-world-famous-tony-williams-another-you-snippet-lyrics,,
7016680,pending,Donda,2021,Kanye West,The World Famous Tony Williams,Kanye West,The World Famous Tony Williams,featured,https://genius.com/Kanye-west-donda-lyrics,,
12016113,pending,MISSION CONTROL,2026,Kanye West,The World Famous Tony Williams,Kanye West,The World Famous Tony Williams,featured,https://genius.com/Kanye-west-mission-control-lyrics,,
6413598,pending,The Sexiest,,Kanye West,The Zandigo,The Zandigo,Kanye West,featured,https://genius.com/The-zandigo-the-sexiest-lyrics,missing_release_year,
8434392,pending,333,,Kanye West,The-Dream,Kanye West,The-Dream,featured,https://genius.com/Kanye-west-333-lyrics,missing_release_year,
8394138,pending,Can’t Get Over Me,,Kanye West,The-Dream,Kanye West,The-Dream,featured,https://genius.com/Kanye-west-cant-get-over-me-lyrics,missing_release_year,
4984295,pending,Chakras,,Kanye West,The-Dream,Kanye West,The-Dream,featured,https://genius.com/Kanye-west-chakras-lyrics,missing_release_year,
6251854,pending,Chakras (Dreezy Reference),,Kanye West,The-Dream,Kanye West,The-Dream,featured,https://genius.com/Kanye-west-chakras-dreezy-reference-lyrics,missing_release_year,
6376768,pending,Chakras/We Free,,Kanye West,The-Dream,Kanye West,The-Dream,featured,https://genius.com/Kanye-west-chakras-we-free-lyrics,missing_release_year,
10764246,pending,Mind Power,,Kanye West,The-Dream,Kanye West,The-Dream,featured,https://genius.com/Kanye-west-mind-power-lyrics,missing_release_year,
9655097,pending,No No No No (Travis Scott Reference),,Kanye West,The-Dream,Kanye West,The-Dream,featured,https://genius.com/Kanye-west-no-no-no-no-travis-scott-reference-lyrics,missing_release_year,
10501130,pending,Star Time [version 2],,Kanye West,The-Dream,Kanye West,The-Dream,featured,https://genius.com/Kanye-west-star-time-version-2-lyrics,missing_release_year,
10598206,pending,Start Time (Star Time),,Kanye West,The-Dream,Kanye West,The-Dream,featured,https://genius.com/Kanye-west-start-time-star-time-lyrics,missing_release_year,
5030863,pending,The Garden,,Kanye West,The-Dream,Kanye West,The-Dream,featured,https://genius.com/Kanye-west-the-garden-lyrics,missing_release_year,
11825776,pending,The Mind Is Powerful (Aasim Ref 2),,Kanye West,The-Dream,Kanye West,The-Dream,featured,https://genius.com/Kanye-west-the-mind-is-powerful-aasim-ref-2-lyrics,missing_release_year,
33015,pending,Walkin’ on the Moon,2009,Kanye West,The-Dream,The-Dream,Kanye West,featured,https://genius.com/The-dream-walkin-on-the-moon-lyrics,,
8387513,pending,Walkin’ On the Moon [Seamus Haji & Paul Emanuel Radio Edit (Bonus Track)],2009,Kanye West,The-Dream,The-Dream,Kanye West,featured,https://genius.com/The-dream-walkin-on-the-moon-seamus-haji-and-paul-emanuel-radio-edit-bonus-track-lyrics,,
2412664,pending,Highlights,2016,Kanye West,The-Dream,Kanye West,The-Dream,featured,https://genius.com/Kanye-west-highlights-lyrics,,
2413549,pending,Ultralight Beam,2016,Kanye West,The-Dream,Kanye West,The-Dream,featured,https://genius.com/Kanye-west-ultralight-beam-lyrics,,
3005522,pending,BED YEEZY SEASON 5,2017,Kanye West,The-Dream,Kanye West,The-Dream,featured,https://genius.com/Kanye-west-bed-yeezy-season-5-lyrics,,
13739331,pending,Everything (LOVE EVERYONE),2018,Kanye West,The-Dream,Kanye West,The-Dream,featured,https://genius.com/Kanye-west-everything-love-everyone-lyrics,,
12132666,pending,Anthem,2019,Kanye West,The-Dream,Kanye West,The-Dream,featured,https://genius.com/Kanye-west-anthem-lyrics,,
3164090,pending,All Day (2 Chainz Version),,Kanye West,Theophilus London,Kanye West,Theophilus London,featured,https://genius.com/Kanye-west-all-day-2-chainz-version-lyrics,missing_release_year,
745685,pending,All Day (Kendrick Lamar Reference),,Kanye West,Theophilus London,Kanye West,Theophilus London,featured,https://genius.com/Kanye-west-all-day-kendrick-lamar-reference-lyrics,missing_release_year,
8434349,pending,Enya,,Kanye West,Theophilus London,Kanye West,Theophilus London,featured,https://genius.com/Kanye-west-enya-lyrics,missing_release_year,
515519,pending,Can’t Stop,2014,Kanye West,Theophilus London,Theophilus London,Kanye West,featured,https://genius.com/Theophilus-london-cant-stop-lyrics,,
482233,pending,All Day,2015,Kanye West,Theophilus London,Kanye West,Theophilus London,featured,https://genius.com/Kanye-west-all-day-lyrics,,
78524,pending,Hurricane 2.0,2010,Kanye West,Thirty Seconds to Mars,Thirty Seconds to Mars,Kanye West,featured,https://genius.com/Thirty-seconds-to-mars-hurricane-20-lyrics,,
11005588,pending,Payback,,Kanye West,Timmy G,Kanye West,Timmy G,featured,https://genius.com/Kanye-west-payback-lyrics,missing_release_year,
2148983,pending,I Can’t Say No,2009,Kanye West,Trick Daddy,Trick Daddy,Kanye West,featured,https://genius.com/Trick-daddy-i-cant-say-no-lyrics,,
81,pending,Slow Jamz,2003,Kanye West,Twista,Twista,Kanye West,featured,https://genius.com/Twista-slow-jamz-lyrics,,
46549,pending,Overnight Celebrity,2004,Kanye West,Twista,Twista,Kanye West,featured,https://genius.com/Twista-overnight-celebrity-lyrics,,
12491952,pending,Slow Jamz - Collipark,2004,Kanye West,Twista,Twista,Kanye West,featured,https://genius.com/Twista-slow-jamz-collipark-lyrics,,
25790,pending,Impossible,2006,Kanye West,Twista,Kanye West,Twista,featured,https://genius.com/Kanye-west-impossible-lyrics,,
46532,pending,Alright,2009,Kanye West,Twista,Twista,Kanye West,featured,https://genius.com/Twista-alright-lyrics,,
8434447,pending,Awesome,,Kanye West,Ty Dolla $ign,Kanye West,Ty Dolla $ign,featured,https://genius.com/Kanye-west-awesome-lyrics,missing_release_year,
12961900,pending,City In The Sky (Freestyle),,Kanye West,Ty Dolla $ign,Kanye West,Ty Dolla $ign,featured,https://genius.com/Kanye-west-city-in-the-sky-freestyle-lyrics,missing_release_year,
10144848,pending,Everything We Need [Leaked Version],,Kanye West,Ty Dolla $ign,Kanye West,Ty Dolla $ign,featured,https://genius.com/Kanye-west-everything-we-need-leaked-version-lyrics,missing_release_year,
8306668,pending,Hurricane (Big Sean & Ty Dolla $ign Version),,Kanye West,Ty Dolla $ign,Kanye West,Ty Dolla $ign,featured,https://genius.com/Kanye-west-hurricane-big-sean-and-ty-dolla-sign-version-lyrics,missing_release_year,
4938171,pending,Hurricane (Young Thug & Ty Dolla $ign Version),,Kanye West,Ty Dolla $ign,Kanye West,Ty Dolla $ign,featured,https://genius.com/Kanye-west-hurricane-young-thug-and-ty-dolla-sign-version-lyrics,missing_release_year,
6163994,pending,I Feel Like That (Album Version),,Kanye West,Ty Dolla $ign,Kanye West,Ty Dolla $ign,featured,https://genius.com/Kanye-west-i-feel-like-that-album-version-lyrics,missing_release_year,
10512331,pending,I Feel Like That (KIRBY Reference Track),,Kanye West,Ty Dolla $ign,Kanye West,Ty Dolla $ign,featured,https://genius.com/Kanye-west-i-feel-like-that-kirby-reference-track-lyrics,missing_release_year,
8451071,pending,Junya pt 2 (Explicit Version),,Kanye West,Ty Dolla $ign,Kanye West,Ty Dolla $ign,featured,https://genius.com/Kanye-west-junya-pt-2-explicit-version-lyrics,missing_release_year,
12807746,pending,Love Love Love (Ty Dolla $ign Reference),,Kanye West,Ty Dolla $ign,Kanye West,Ty Dolla $ign,featured,https://genius.com/Kanye-west-love-love-love-ty-dolla-sign-reference-lyrics,missing_release_year,
10633158,pending,MELROSE (Quavo Version),,Kanye West,Ty Dolla $ign,Kanye West,Ty Dolla $ign,featured,https://genius.com/Kanye-west-melrose-quavo-version-lyrics,missing_release_year,
9309567,pending,New Body (Donda Version),,Kanye West,Ty Dolla $ign,Kanye West,Ty Dolla $ign,featured,https://genius.com/Kanye-west-new-body-donda-version-lyrics,missing_release_year,
12468086,pending,New Body (Extended),,Kanye West,Ty Dolla $ign,Kanye West,Ty Dolla $ign,featured,https://genius.com/Kanye-west-new-body-extended-lyrics,missing_release_year,
12509195,pending,New Body [V8],,Kanye West,Ty Dolla $ign,Kanye West,Ty Dolla $ign,featured,https://genius.com/Kanye-west-new-body-v8-lyrics,unreleased_or_fan_edit_risk;missing_release_year,
12899752,pending,Real Thing,,Kanye West,Ty Dolla $ign,Kanye West,Ty Dolla $ign,featured,https://genius.com/Kanye-west-real-thing-lyrics,missing_release_year,
4911632,pending,Sky City,,Kanye West,Ty Dolla $ign,Kanye West,Ty Dolla $ign,featured,https://genius.com/Kanye-west-sky-city-lyrics,missing_release_year,
5030863,pending,The Garden,,Kanye West,Ty Dolla $ign,Kanye West,Ty Dolla $ign,featured,https://genius.com/Kanye-west-the-garden-lyrics,missing_release_year,
4128285,pending,The Storm,,Kanye West,Ty Dolla $ign,Kanye West,Ty Dolla $ign,featured,https://genius.com/Kanye-west-the-storm-lyrics,missing_release_year,
4938212,pending,The Storm (Original),,Kanye West,Ty Dolla $ign,Kanye West,Ty Dolla $ign,featured,https://genius.com/Kanye-west-the-storm-original-lyrics,unreleased_or_fan_edit_risk;missing_release_year,
11410601,pending,Woke Up,,Kanye West,Ty Dolla $ign,Ty Dolla $ign,Kanye West,featured,https://genius.com/Ty-dolla-sign-woke-up-lyrics,missing_release_year,
10096322,pending,XTCY (OG),,Kanye West,Ty Dolla $ign,Kanye West,Ty Dolla $ign,featured,https://genius.com/Kanye-west-xtcy-og-lyrics,missing_release_year,
2368106,pending,Guard Down,2015,Kanye West,Ty Dolla $ign,Ty Dolla $ign,Kanye West,featured,https://genius.com/Ty-dolla-sign-guard-down-lyrics,,
2307999,pending,Fade,2016,Kanye West,Ty Dolla $ign,Kanye West,Ty Dolla $ign,featured,https://genius.com/Kanye-west-fade-lyrics,,
2403628,pending,Real Friends,2016,Kanye West,Ty Dolla $ign,Kanye West,Ty Dolla $ign,featured,https://genius.com/Kanye-west-real-friends-lyrics,,
9893404,pending,Calm (Interlude),2018,Kanye West,Ty Dolla $ign,Kanye West,Ty Dolla $ign,featured,https://genius.com/Kanye-west-calm-interlude-lyrics,,
9926713,pending,I Feel Free [Version 10],2018,Kanye West,Ty Dolla $ign,Kanye West,Ty Dolla $ign,featured,https://genius.com/Kanye-west-i-feel-free-version-10-lyrics,,
4966857,pending,Everything We Need,2019,Kanye West,Ty Dolla $ign,Kanye West,Ty Dolla $ign,featured,https://genius.com/Kanye-west-everything-we-need-lyrics,,
4908142,pending,New Body,2019,Kanye West,Ty Dolla $ign,Kanye West,Ty Dolla $ign,featured,https://genius.com/Kanye-west-new-body-lyrics,,
4546692,pending,Ego Death,2020,Kanye West,Ty Dolla $ign,Ty Dolla $ign,Kanye West,featured,https://genius.com/Ty-dolla-sign-ego-death-lyrics,,
6077487,pending,Track 6,2020,Kanye West,Ty Dolla $ign,Ty Dolla $ign,Kanye West,featured,https://genius.com/Ty-dolla-sign-track-6-lyrics,,
5780844,pending,Welcome To My Life,2020,Kanye West,Ty Dolla $ign,Kanye West,Ty Dolla $ign,featured,https://genius.com/Kanye-west-welcome-to-my-life-lyrics,,
7151075,pending,Junya pt 2,2021,Kanye West,Ty Dolla $ign,Kanye West,Ty Dolla $ign,featured,https://genius.com/Kanye-west-junya-pt-2-lyrics,,
12325916,pending,Everybody’s,2023,Kanye West,Ty Dolla $ign,Kanye West,Ty Dolla $ign,featured,https://genius.com/Kanye-west-everybodys-lyrics,,
12968058,pending,BULLY V1,2025,Kanye West,Ty Dolla $ign,Kanye West,Ty Dolla $ign,featured,https://genius.com/Kanye-west-bully-v1-lyrics,,
11614988,pending,MELROSE,2025,Kanye West,Ty Dolla $ign,Kanye West,Ty Dolla $ign,featured,https://genius.com/Kanye-west-melrose-lyrics,,
11429780,pending,WFO-01,2025,Kanye West,Ty Dolla $ign,Ty Dolla $ign,Kanye West,featured,https://genius.com/Ty-dolla-sign-wfo-01-lyrics,,
11451747,pending,Wheels Fall Off,2025,Kanye West,Ty Dolla $ign,Ty Dolla $ign,Kanye West,featured,https://genius.com/Ty-dolla-sign-wheels-fall-off-lyrics,,
3796275,pending,Bad Night (Tyga Reference),,Kanye West,Tyga,Kanye West,Tyga,featured,https://genius.com/Kanye-west-bad-night-tyga-reference-lyrics,missing_release_year,
3202989,pending,Rich Nigga Drunk,,Kanye West,Tyga,Kanye West,Tyga,featured,https://genius.com/Kanye-west-rich-nigga-drunk-lyrics,missing_release_year,
2944823,pending,Feel Me,2017,Kanye West,Tyga,Tyga,Kanye West,featured,https://genius.com/Tyga-feel-me-lyrics,,
13402306,pending,Come to Life (Original),,Kanye West,"Tyler, The Creator",Kanye West,"Tyler, The Creator",featured,https://genius.com/Kanye-west-come-to-life-original-lyrics,unreleased_or_fan_edit_risk;missing_release_year,
6248219,pending,You Was Right,,Kanye West,"Tyler, The Creator",Kanye West,"Tyler, The Creator",featured,https://genius.com/Kanye-west-you-was-right-lyrics,missing_release_year,
748243,pending,SMUCKERS,2015,Kanye West,"Tyler, The Creator","Tyler, The Creator",Kanye West,featured,https://genius.com/Tyler-the-creator-smuckers-lyrics,,
4544034,pending,PUPPET,2019,Kanye West,"Tyler, The Creator","Tyler, The Creator",Kanye West,featured,https://genius.com/Tyler-the-creator-puppet-lyrics,,
7238403,pending,Come to Life (Deluxe),2021,Kanye West,"Tyler, The Creator",Kanye West,"Tyler, The Creator",featured,https://genius.com/Kanye-west-come-to-life-deluxe-lyrics,,
2658,pending,Christmas in Harlem (GOOD Fridays Version),2010,Kanye West,Vado,Kanye West,Vado,featured,https://genius.com/Kanye-west-christmas-in-harlem-good-fridays-version-lyrics,,
13530494,pending,Christmas In Harlem (UnCut 9 Min Version),2010,Kanye West,Vado,Kanye West,Vado,featured,https://genius.com/Kanye-west-christmas-in-harlem-uncut-9-min-version-lyrics,,
3691026,pending,"Slavery Was a Choice Pt. 1 [May 1, 2018]",2018,Kanye West,Van Lathan,Kanye West,Van Lathan,featured,https://genius.com/Kanye-west-slavery-was-a-choice-pt-1-may-1-2018-annotated,annotation_or_non_song_risk,
9118180,pending,Stop Looking For This,,Kanye West,VIC MENSA,Kanye West,VIC MENSA,featured,https://genius.com/Kanye-west-stop-looking-for-this-lyrics,missing_release_year,
9118162,pending,Stop Looking For This (VIC MENSA Reference),,Kanye West,VIC MENSA,Kanye West,VIC MENSA,featured,https://genius.com/Kanye-west-stop-looking-for-this-vic-mensa-reference-lyrics,missing_release_year,
2424551,pending,Wolves (Original Version),,Kanye West,VIC MENSA,Kanye West,VIC MENSA,featured,https://genius.com/Kanye-west-wolves-original-version-lyrics,unreleased_or_fan_edit_risk;missing_release_year,
716981,pending,U Mad,2015,Kanye West,VIC MENSA,VIC MENSA,Kanye West,featured,https://genius.com/Vic-mensa-u-mad-lyrics,,
703628,pending,Wolves (SNL / Yeezy Season 1),2015,Kanye West,VIC MENSA,Kanye West,VIC MENSA,featured,https://genius.com/Kanye-west-wolves-snl-yeezy-season-1-lyrics,,
2421668,pending,Wolves,2016,Kanye West,VIC MENSA,Kanye West,VIC MENSA,featured,https://genius.com/Kanye-west-wolves-lyrics,,
12132596,pending,Pharoah,2019,Kanye West,VIC MENSA,Kanye West,VIC MENSA,featured,https://genius.com/Kanye-west-pharoah-lyrics,,
13171214,pending,Free (Rhymefest Reference Track),,Kanye West,Victory,Kanye West,Victory,featured,https://genius.com/Kanye-west-and-rhymefest-free-rhymefest-reference-track-lyrics,missing_release_year,
4966863,pending,Glory (Sierra Canyon),,Kanye West,Victory,Kanye West,Victory,featured,https://genius.com/Kanye-west-glory-sierra-canyon-lyrics,missing_release_year,
8069407,pending,Let It Go,,Kanye West,Victory,Kanye West,Victory,featured,https://genius.com/Kanye-west-let-it-go-lyrics,missing_release_year,
10509757,pending,Lost In Time,,Kanye West,Vince Staples,Kanye West,Vince Staples,featured,https://genius.com/Kanye-west-lost-in-time-lyrics,missing_release_year,
8416694,pending,Always*,,Kanye West,Vory,Kanye West,Vory,featured,https://genius.com/Kanye-west-always-lyrics,missing_release_year,
13085331,pending,Hefe Jefe,,Kanye West,Vory,Kanye West,Vory,featured,https://genius.com/Kanye-west-hefe-jefe-lyrics,missing_release_year,
7084154,pending,Jesus Lord (Lil Yachty & Vory Reference),,Kanye West,Vory,Kanye West,Vory,featured,https://genius.com/Kanye-west-jesus-lord-lil-yachty-and-vory-reference-lyrics,missing_release_year,
9380868,pending,Where Do We Go (Reference Track),,Kanye West,Vory,Kanye West,Vory,featured,https://genius.com/Kanye-west-where-do-we-go-reference-track-lyrics,missing_release_year,
5351763,pending,God Breathed,2021,Kanye West,Vory,Kanye West,Vory,featured,https://genius.com/Kanye-west-god-breathed-lyrics,,
7033287,pending,Jonah,2021,Kanye West,Vory,Kanye West,Vory,featured,https://genius.com/Kanye-west-jonah-lyrics,,
7026648,pending,No Child Left Behind,2021,Kanye West,Vory,Kanye West,Vory,featured,https://genius.com/Kanye-west-no-child-left-behind-lyrics,,
9637303,pending,No Child Left Behind (Vory Reference),2021,Kanye West,Vory,Kanye West,Vory,featured,https://genius.com/Kanye-west-no-child-left-behind-vory-reference-lyrics,,
7016906,pending,Daylight,2022,Kanye West,Vory,Vory,Kanye West,featured,https://genius.com/Vory-daylight-lyrics,,
11437408,pending,ISLORD,2022,Kanye West,VRITRA,VRITRA,Kanye West,featured,https://genius.com/Vritra-islord-lyrics,,
178444,pending,Kanye West: The Transformer,,Kanye West,W Magazine,W Magazine,Kanye West,featured,https://genius.com/W-magazine-kanye-west-the-transformer-lyrics,missing_release_year,
729675,pending,The Summer League,,Kanye West,Wale,Wale,Kanye West,featured,https://genius.com/Wale-the-summer-league-lyrics,missing_release_year,
47681,pending,U Know,2004,Kanye West,White Boy (USA),White Boy (USA),Kanye West,featured,https://genius.com/White-boy-usa-u-know-lyrics,,
191178,pending,You Know,2004,Kanye West,White Boy (USA),Kanye West,White Boy (USA),featured,https://genius.com/Kanye-west-you-know-lyrics,,
8300157,pending,Impatient Boy (Benzi Refix),2008,Kanye West,will.i.am,Kanye West,will.i.am,featured,https://genius.com/Kanye-west-dj-benzi-and-plain-pat-impatient-boy-benzi-refix-lyrics,,
8855903,pending,Selfish (will.i.am Reference),2023,Kanye West,will.i.am,Kanye West,will.i.am,featured,https://genius.com/Kanye-west-selfish-william-reference-lyrics,,
7869554,pending,Wock pock,,Kanye West,Wocklations,Wocklations,Kanye West,featured,https://genius.com/Wocklations-wock-pock-lyrics,missing_release_year,
13312361,pending,Convenience (Feat: Kanye West),2025,Kanye West,WYATTbeats,WYATTbeats,Kanye West,featured,https://genius.com/Wyattbeats-convenience-feat-kanye-west-lyrics,,
13015480,pending,WELCOME TO THE CARNIVAL,2025,Kanye West,WYATTbeats,WYATTbeats,Kanye West,featured,https://genius.com/Wyattbeats-welcome-to-the-carnival-lyrics,,
8868562,pending,Selfish (Jack Harlow Reference),,Kanye West,XXXTENTACION,Kanye West,XXXTENTACION,featured,https://genius.com/Kanye-west-selfish-jack-harlow-reference-lyrics,missing_release_year,
8868589,pending,Selfish (Shenseea Reference),,Kanye West,XXXTENTACION,Kanye West,XXXTENTACION,featured,https://genius.com/Kanye-west-selfish-shenseea-reference-lyrics,missing_release_year,
4128285,pending,The Storm,,Kanye West,XXXTENTACION,Kanye West,XXXTENTACION,featured,https://genius.com/Kanye-west-the-storm-lyrics,missing_release_year,
4938212,pending,The Storm (Original),,Kanye West,XXXTENTACION,Kanye West,XXXTENTACION,featured,https://genius.com/Kanye-west-the-storm-original-lyrics,unreleased_or_fan_edit_risk;missing_release_year,
3800901,pending,One Minute,2018,Kanye West,XXXTENTACION,XXXTENTACION,Kanye West,featured,https://genius.com/Xxxtentacion-one-minute-lyrics,,
8855903,pending,Selfish (will.i.am Reference),2023,Kanye West,XXXTENTACION,Kanye West,XXXTENTACION,featured,https://genius.com/Kanye-west-selfish-william-reference-lyrics,,
5806493,pending,Sweat on My Face,,Kanye West,Yasiin Bey,Kanye West,Yasiin Bey,featured,https://genius.com/Kanye-west-sweat-on-my-face-lyrics,missing_release_year,
800,pending,Two Words,2003,Kanye West,Yasiin Bey,Kanye West,Yasiin Bey,featured,https://genius.com/Kanye-west-two-words-lyrics,,
3187721,pending,18 Years,2005,Kanye West,Yasiin Bey,Kanye West,Yasiin Bey,featured,https://genius.com/Kanye-west-18-years-lyrics,,
471,pending,Drunk and Hot Girls,2007,Kanye West,Yasiin Bey,Kanye West,Yasiin Bey,featured,https://genius.com/Kanye-west-drunk-and-hot-girls-lyrics,,
3401,pending,Good Night,2007,Kanye West,Yasiin Bey,Kanye West,Yasiin Bey,featured,https://genius.com/Kanye-west-good-night-lyrics,,
1611,pending,Don’t Look Down,2010,Kanye West,Yasiin Bey,Kanye West,Yasiin Bey,featured,https://genius.com/Kanye-west-dont-look-down-lyrics,,
1323,pending,"Lord, Lord, Lord",2010,Kanye West,Yasiin Bey,Kanye West,Yasiin Bey,featured,https://genius.com/Kanye-west-lord-lord-lord-lyrics,,
4953,pending,Blue Note NYC Freestyle,2011,Kanye West,Yasiin Bey,Kanye West,Yasiin Bey,featured,https://genius.com/Kanye-west-blue-note-nyc-freestyle-lyrics,,
12263045,pending,CALL ME TRAVIS SCOTT THE WAY I JACKBOYS,,Kanye West,Yeezy Travis,Yeezy Travis,Kanye West,featured,https://genius.com/Yeezy-travis-call-me-travis-scott-the-way-i-jackboys-lyrics,missing_release_year,
4815807,pending,I Kill For Fun,2019,Kanye West,YNW Melly,YNW Melly,Kanye West,featured,https://genius.com/Ynw-melly-i-kill-for-fun-lyrics,,
4230193,pending,Mixed Personalities,2019,Kanye West,YNW Melly,YNW Melly,Kanye West,featured,https://genius.com/Ynw-melly-mixed-personalities-lyrics,mix_or_compilation_risk,
2932773,pending,Castro,2016,Kanye West,Yo Gotti,Yo Gotti,Kanye West,featured,https://genius.com/Yo-gotti-castro-lyrics,,
1808913,pending,Grown Man Pt. 2,2005,Kanye West,Young Gunz,Young Gunz,Kanye West,featured,https://genius.com/Young-gunz-grown-man-pt-2-lyrics,,
12325945,pending,Not Inclusived,2023,Kanye West,Young Moose,Kanye West,Young Moose,featured,https://genius.com/Kanye-west-not-inclusived-lyrics,,
4738604,pending,Bad Night,,Kanye West,Young Thug,Kanye West,Young Thug,featured,https://genius.com/Kanye-west-bad-night-lyrics,missing_release_year,
3796275,pending,Bad Night (Tyga Reference),,Kanye West,Young Thug,Kanye West,Young Thug,featured,https://genius.com/Kanye-west-bad-night-tyga-reference-lyrics,missing_release_year,
5945302,pending,Bad Night / Rap Tarantino,,Kanye West,Young Thug,Kanye West,Young Thug,featured,https://genius.com/Kanye-west-bad-night-rap-tarantino-lyrics,missing_release_year,
11056333,pending,Big Boody Bitch (RIVER Business Is Business Version),,Kanye West,Young Thug,Young Thug,Kanye West,featured,https://genius.com/Young-thug-big-boody-bitch-river-business-is-business-version-lyrics,missing_release_year,
6376751,pending,Godzilla/Alien,,Kanye West,Young Thug,Kanye West,Young Thug,featured,https://genius.com/Kanye-west-godzilla-alien-lyrics,missing_release_year,
3110203,pending,Hold Tight,,Kanye West,Young Thug,Kanye West,Young Thug,featured,https://genius.com/Kanye-west-hold-tight-lyrics,missing_release_year,
4938171,pending,Hurricane (Young Thug & Ty Dolla $ign Version),,Kanye West,Young Thug,Kanye West,Young Thug,featured,https://genius.com/Kanye-west-hurricane-young-thug-and-ty-dolla-sign-version-lyrics,missing_release_year,
5945334,pending,Man Up,,Kanye West,Young Thug,Kanye West,Young Thug,featured,https://genius.com/Kanye-west-man-up-lyrics,missing_release_year,
2423974,pending,Nina Chop (Young Thug Version),,Kanye West,Young Thug,Kanye West,Young Thug,featured,https://genius.com/Kanye-west-nina-chop-young-thug-version-lyrics,missing_release_year,
9133130,pending,Remote Control (LP2 Version),,Kanye West,Young Thug,Kanye West,Young Thug,featured,https://genius.com/Kanye-west-remote-control-lp2-version-lyrics,missing_release_year,
11056270,pending,RIVER (Ty Dolla $ign Reference),,Kanye West,Young Thug,Kanye West,Young Thug,featured,https://genius.com/Kanye-west-river-ty-dolla-sign-reference-lyrics,missing_release_year,
2412664,pending,Highlights,2016,Kanye West,Young Thug,Kanye West,Young Thug,featured,https://genius.com/Kanye-west-highlights-lyrics,,
12014122,pending,"Alien (ft. Ant Clemons,Young Thug,Quavo & Kid Cudi)",2018,Kanye West,Young Thug,Kanye West,Young Thug,featured,https://genius.com/Kanye-west-alien-ft-ant-clemonsyoung-thugquavo-and-kid-cudi-lyrics,,
7016780,pending,Remote Control,2021,Kanye West,Young Thug,Kanye West,Young Thug,featured,https://genius.com/Kanye-west-remote-control-lyrics,,
7149703,pending,Remote Control pt 2,2021,Kanye West,Young Thug,Kanye West,Young Thug,featured,https://genius.com/Kanye-west-remote-control-pt-2-lyrics,,
224216,pending,2013 Zane Lowe BBC Radio Interview Part 1,2013,Kanye West,Zane Lowe,Zane Lowe,Kanye West,featured,https://genius.com/Zane-lowe-2013-zane-lowe-bbc-radio-interview-part-1-annotated,annotation_or_non_song_risk,
229778,pending,2013 Zane Lowe BBC Radio Interview Part 2,2013,Kanye West,Zane Lowe,Zane Lowe,Kanye West,featured,https://genius.com/Zane-lowe-2013-zane-lowe-bbc-radio-interview-part-2-annotated,annotation_or_non_song_risk,
2873627,pending,Kanye West. Zane Lowe. Full Interview,2013,Kanye West,Zane Lowe,Zane Lowe,Kanye West,featured,https://genius.com/Zane-lowe-kanye-west-zane-lowe-full-interview-annotated,annotation_or_non_song_risk,
713373,pending,2015 Zane Lowe BBC Radio Interview,2015,Kanye West,Zane Lowe,Zane Lowe,Kanye West,featured,https://genius.com/Zane-lowe-2015-zane-lowe-bbc-radio-interview-annotated,annotation_or_non_song_risk,
13311502,pending,Kanye West: ‘Jesus Is King’ and Iconic Sunday Service,2019,Kanye West,Zane Lowe,Zane Lowe,Kanye West,featured,https://genius.com/Zane-lowe-kanye-west-jesus-is-king-and-iconic-sunday-service-annotated,annotation_or_non_song_risk,
8953103,pending,XYZ,,Kanye West,Zix (ESP),Zix (ESP),Kanye West,featured,https://genius.com/Zix-esp-xyz-lyrics,missing_release_year,
10669084,pending,PRAY,,Kanye West,"¥$, Kanye West & Ty Dolla $ign","¥$, Kanye West & Ty Dolla $ign",Kanye West,featured,https://genius.com/Kanye-west-and-ty-dolla-sign-pray-lyrics,missing_release_year,
11513276,pending,Strength of A Song,,Lonnie Holley,Alabaster dePlume,Lonnie Holley,Alabaster dePlume,featured,https://genius.com/Lonnie-holley-strength-of-a-song-lyrics,missing_release_year,
11513273,pending,The Burden (I Turned Nothing Into Something),,Lonnie Holley,Angel Bat Dawid,Lonnie Holley,Angel Bat Dawid,featured,https://genius.com/Lonnie-holley-the-burden-i-turned-nothing-into-something-lyrics,missing_release_year,
11513279,pending,I Looked Over My Shoulder,,Lonnie Holley,billy woods,Lonnie Holley,billy woods,featured,https://genius.com/Lonnie-holley-i-looked-over-my-shoulder-lyrics,missing_release_year,
11513277,pending,What’s Going On?,,Lonnie Holley,Isaac Brock,Lonnie Holley,Isaac Brock,featured,https://genius.com/Lonnie-holley-whats-going-on-lyrics,missing_release_year,
8840366,pending,I Can’t Hush,2023,Lonnie Holley,Jeff Parker,Lonnie Holley,Jeff Parker,featured,https://genius.com/Lonnie-holley-i-cant-hush-lyrics,,
11513280,pending,Did I Do Enough?,2025,Lonnie Holley,Jesca Hoop,Lonnie Holley,Jesca Hoop,featured,https://genius.com/Lonnie-holley-did-i-do-enough-lyrics,,
11513274,pending,The Same Stars,,Lonnie Holley,Joe Minter,Lonnie Holley,Joe Minter,featured,https://genius.com/Lonnie-holley-the-same-stars-lyrics,missing_release_year,
11513271,pending,Life,,Lonnie Holley,Mary Lattimore,Lonnie Holley,Mary Lattimore,featured,https://genius.com/Lonnie-holley-life-lyrics,missing_release_year,
8377966,pending,Only in America: It Feels Like This,2022,Lonnie Holley,Matthew E. White,Matthew E. White,Lonnie Holley,featured,https://genius.com/Matthew-e-white-only-in-america-it-feels-like-this-lyrics,,
8839917,pending,"Oh Me, Oh My",2023,Lonnie Holley,Michael Stipe,Lonnie Holley,Michael Stipe,featured,https://genius.com/Lonnie-holley-oh-me-oh-my-lyrics,,
8840359,pending,I Am a Part of the Wonder,2023,Lonnie Holley,Moor Mother,Lonnie Holley,Moor Mother,featured,https://genius.com/Lonnie-holley-i-am-a-part-of-the-wonder-lyrics,,
9956490,pending,GUILTY,2024,Lonnie Holley,Moor Mother,Moor Mother,Lonnie Holley,featured,https://genius.com/Moor-mother-guilty-lyrics,,
11513274,pending,The Same Stars,,Lonnie Holley,Open Mike Eagle,Lonnie Holley,Open Mike Eagle,featured,https://genius.com/Lonnie-holley-the-same-stars-lyrics,missing_release_year,
8840365,pending,If We Get Lost They Will Find Us,2023,Lonnie Holley,Rokia Koné,Lonnie Holley,Rokia Koné,featured,https://genius.com/Lonnie-holley-if-we-get-lost-they-will-find-us-lyrics,,
11513281,pending,Those Stars Are Still Shining,,Lonnie Holley,Saul Williams,Lonnie Holley,Saul Williams,featured,https://genius.com/Lonnie-holley-those-stars-are-still-shining-lyrics,missing_release_year,
3307246,pending,You Care,2017,Rob Moose,Aero Flynn,Aero Flynn,Rob Moose,featured,https://genius.com/Aero-flynn-you-care-lyrics,,
6322303,pending,Apogee,2020,Rob Moose,Aero Flynn,Aero Flynn,Rob Moose,featured,https://genius.com/Aero-flynn-apogee-lyrics,,
6322307,pending,Driftless,2020,Rob Moose,Aero Flynn,Aero Flynn,Rob Moose,featured,https://genius.com/Aero-flynn-driftless-lyrics,,
6322308,pending,Find Me Love,2020,Rob Moose,Aero Flynn,Aero Flynn,Rob Moose,featured,https://genius.com/Aero-flynn-find-me-love-lyrics,,
6322304,pending,Holy Water,2020,Rob Moose,Aero Flynn,Aero Flynn,Rob Moose,featured,https://genius.com/Aero-flynn-holy-water-lyrics,,
6322291,pending,Inlet,2020,Rob Moose,Aero Flynn,Aero Flynn,Rob Moose,featured,https://genius.com/Aero-flynn-inlet-lyrics,,
6322306,pending,Make It With Mine,2020,Rob Moose,Aero Flynn,Aero Flynn,Rob Moose,featured,https://genius.com/Aero-flynn-make-it-with-mine-lyrics,,
6322305,pending,Two Step,2020,Rob Moose,Aero Flynn,Aero Flynn,Rob Moose,featured,https://genius.com/Aero-flynn-two-step-lyrics,,
6825861,pending,The Rat King,,Rob Moose,Bruce Hornsby,Bruce Hornsby,Rob Moose,featured,https://genius.com/Bruce-hornsby-the-rat-king-lyrics,missing_release_year,
4414032,pending,Meds,2019,Rob Moose,Bruce Hornsby,Bruce Hornsby,Rob Moose,featured,https://genius.com/Bruce-hornsby-meds-lyrics,,
7860199,pending,Simple Prayer II,2022,Rob Moose,Bruce Hornsby,Bruce Hornsby,Rob Moose,featured,https://genius.com/Bruce-hornsby-simple-prayer-ii-lyrics,,
7299970,pending,"I Was, I Was",2018,Rob Moose,Ellayo,Ellayo,Rob Moose,featured,https://genius.com/Ellayo-i-was-i-was-lyrics,,
9110414,pending,Wasted,2023,Rob Moose,Phoebe Bridgers,Rob Moose,Phoebe Bridgers,featured,https://genius.com/Rob-moose-wasted-lyrics,,
9336069,pending,Extract,2023,Rob Moose,Sara Bareilles,Rob Moose,Sara Bareilles,featured,https://genius.com/Rob-moose-and-gabriel-cabezas-extract-lyrics,,
7882756,pending,I Have Been Watching,2022,Rob Moose,Son Lux,Son Lux,Rob Moose,featured,https://genius.com/Son-lux-i-have-been-watching-lyrics,,
11202937,pending,Don’t Say It’s Too Late,2024,Rob Moose,Son Lux,Son Lux,Rob Moose,featured,https://genius.com/Son-lux-dont-say-its-too-late-lyrics,,
11663556,pending,The Fourth Appendix,,Rob Moose,Theodore Shapiro,Theodore Shapiro,Rob Moose,featured,https://genius.com/Theodore-shapiro-the-fourth-appendix-lyrics,missing_release_year,
9755286,pending,Little Lungs,2024,Rob Moose,Thomas Powers,Thomas Powers,Rob Moose,featured,https://genius.com/Thomas-powers-little-lungs-lyrics,,
2449342,pending,TAYLOR vs. TREADMILL,2016,Taylor Swift,Apple Music,Apple Music,Taylor Swift,featured,https://genius.com/Apple-music-taylor-vs-treadmill-annotated,annotation_or_non_song_risk,
10817765,pending,Need (ft. Ariana Grande),2024,Taylor Swift,Ariana Grande,Taylor Swift,Ariana Grande,featured,https://genius.com/Taylor-swift-need-ft-ariana-grande-lyrics,,
6959849,pending,Birch,2021,Taylor Swift,Big Red Machine,Big Red Machine,Taylor Swift,featured,https://genius.com/Big-red-machine-birch-lyrics,,
6959851,pending,Renegade,2021,Taylor Swift,Big Red Machine,Big Red Machine,Taylor Swift,featured,https://genius.com/Big-red-machine-renegade-lyrics,,
7112963,pending,Renegade (Pop Version),2021,Taylor Swift,Big Red Machine,Big Red Machine,Taylor Swift,featured,https://genius.com/Big-red-machine-renegade-pop-version-lyrics,,
642957,pending,Two Is Better Than One,2009,Taylor Swift,BOYS LIKE GIRLS,BOYS LIKE GIRLS,Taylor Swift,featured,https://genius.com/Boys-like-girls-two-is-better-than-one-lyrics,,
4472545,pending,ME!,2019,Taylor Swift,Brendon Urie,Taylor Swift,Brendon Urie,featured,https://genius.com/Taylor-swift-me-lyrics,,
5058385,pending,AMAs Artist of the Decade Performance,2019,Taylor Swift,Camila Cabello,Taylor Swift,Camila Cabello,featured,https://genius.com/Taylor-swift-amas-artist-of-the-decade-performance-lyrics,,
4499978,pending,I Bet You Think About Me (Taylor’s Version) [From the Vault],2021,Taylor Swift,Chris Stapleton,Taylor Swift,Chris Stapleton,featured,https://genius.com/Taylor-swift-i-bet-you-think-about-me-taylors-version-from-the-vault-lyrics,,
98894,pending,Breathe,2008,Taylor Swift,Colbie Caillat,Taylor Swift,Colbie Caillat,featured,https://genius.com/Taylor-swift-breathe-lyrics,,
6478843,pending,Breathe (Taylor’s Version),2021,Taylor Swift,Colbie Caillat,Taylor Swift,Colbie Caillat,featured,https://genius.com/Taylor-swift-breathe-taylors-version-lyrics,,
5264451,pending,Colors in Taylor Swift Songs,,Taylor Swift,Community Lists,Community Lists,Taylor Swift,featured,https://genius.com/Community-lists-colors-in-taylor-swift-songs-annotated,annotation_or_non_song_risk;missing_release_year,
10420023,pending,Months in Taylor Swift Songs,,Taylor Swift,Community Lists,Community Lists,Taylor Swift,featured,https://genius.com/Community-lists-months-in-taylor-swift-songs-annotated,annotation_or_non_song_risk;missing_release_year,
11678415,pending,Ages in Taylor Swift Songs,2025,Taylor Swift,Community Lists,Community Lists,Taylor Swift,featured,https://genius.com/Community-lists-ages-in-taylor-swift-songs-annotated,annotation_or_non_song_risk,
12844372,pending,Drugs/Alcohol in Taylor Swift Songs,2025,Taylor Swift,Community Lists,Community Lists,Taylor Swift,featured,https://genius.com/Community-lists-drugs-alcohol-in-taylor-swift-songs-annotated,annotation_or_non_song_risk,
12712264,pending,Locations in Taylor Swift Songs,2025,Taylor Swift,Community Lists,Community Lists,Taylor Swift,featured,https://genius.com/Community-lists-locations-in-taylor-swift-songs-annotated,annotation_or_non_song_risk,
12788177,pending,Seasons in Taylor Swift Songs,2025,Taylor Swift,Community Lists,Community Lists,Taylor Swift,featured,https://genius.com/Community-lists-seasons-in-taylor-swift-songs-annotated,annotation_or_non_song_risk,
12842371,pending,Times in Taylor Swift Songs,2025,Taylor Swift,Community Lists,Community Lists,Taylor Swift,featured,https://genius.com/Community-lists-times-in-taylor-swift-songs-annotated,annotation_or_non_song_risk,
11795446,pending,You’re Losing Me X Cornelia Street,,Taylor Swift,DylanGLC,DylanGLC,Taylor Swift,featured,https://genius.com/Dylanglc-youre-losing-me-x-cornelia-street-lyrics,missing_release_year,
102730,pending,Everything Has Changed,2013,Taylor Swift,Ed Sheeran,Taylor Swift,Ed Sheeran,featured,https://genius.com/Taylor-swift-everything-has-changed-lyrics,,
3281773,pending,End Game,2017,Taylor Swift,Ed Sheeran,Taylor Swift,Ed Sheeran,featured,https://genius.com/Taylor-swift-end-game-lyrics,,
11324992,pending,End Game (Karaoke Version),2018,Taylor Swift,Ed Sheeran,Taylor Swift,Ed Sheeran,featured,https://genius.com/Taylor-swift-end-game-karaoke-version-lyrics,,
6688208,pending,Everything Has Changed (Taylor’s Version),2021,Taylor Swift,Ed Sheeran,Taylor Swift,Ed Sheeran,featured,https://genius.com/Taylor-swift-everything-has-changed-taylors-version-lyrics,,
7076623,pending,Run (Taylor’s Version) [From the Vault],2021,Taylor Swift,Ed Sheeran,Taylor Swift,Ed Sheeran,featured,https://genius.com/Taylor-swift-run-taylors-version-from-the-vault-lyrics,,
4541388,pending,"New Reputation: Taylor Swift shares intel on TS7, fan theories, and her next era",2019,Taylor Swift,Entertainment Weekly,Entertainment Weekly,Taylor Swift,featured,https://genius.com/Entertainment-weekly-new-reputation-taylor-swift-shares-intel-on-ts7-fan-theories-and-her-next-era-annotated,annotation_or_non_song_risk,
9199814,pending,Electric Touch (Taylor’s Version) [From the Vault],2023,Taylor Swift,Fall Out Boy,Taylor Swift,Fall Out Boy,featured,https://genius.com/Taylor-swift-electric-touch-taylors-version-from-the-vault-lyrics,,
10291434,pending,Florida!!!,2024,Taylor Swift,Florence + the Machine,Taylor Swift,Florence + the Machine,featured,https://genius.com/Taylor-swift-florida-lyrics,,
3281773,pending,End Game,2017,Taylor Swift,Future,Taylor Swift,Future,featured,https://genius.com/Taylor-swift-end-game-lyrics,,
11324992,pending,End Game (Karaoke Version),2018,Taylor Swift,Future,Taylor Swift,Future,featured,https://genius.com/Taylor-swift-end-game-karaoke-version-lyrics,,
102711,pending,The Last Time,2012,Taylor Swift,Gary Lightbody,Taylor Swift,Gary Lightbody,featured,https://genius.com/Taylor-swift-the-last-time-lyrics,,
3304092,pending,The Last Time (VEVO Version),2013,Taylor Swift,Gary Lightbody,Taylor Swift,Gary Lightbody,featured,https://genius.com/Taylor-swift-the-last-time-vevo-version-lyrics,,
6688204,pending,The Last Time (Taylor’s Version),2021,Taylor Swift,Gary Lightbody,Taylor Swift,Gary Lightbody,featured,https://genius.com/Taylor-swift-the-last-time-taylors-version-lyrics,,
5729704,pending,"Taylor Swift on “Bad Blood,” Kanye West, and How People Interpret Her Lyrics",2015,Taylor Swift,GQ Magazine,GQ Magazine,Taylor Swift,featured,https://genius.com/Gq-magazine-taylor-swift-on-bad-blood-kanye-west-and-how-people-interpret-her-lyrics-annotated,annotation_or_non_song_risk,
5058385,pending,AMAs Artist of the Decade Performance,2019,Taylor Swift,Halsey,Taylor Swift,Halsey,featured,https://genius.com/Taylor-swift-amas-artist-of-the-decade-performance-lyrics,,
3830257,pending,"Taylor Swift Interviews Rock ’n’ Roll Icon Pattie Boyd on Songwriting, Beatlemania, & the Power of Being a Muse",2018,Taylor Swift,Harper’s Bazaar,Harper’s Bazaar,Taylor Swift,featured,https://genius.com/Harpers-bazaar-taylor-swift-interviews-rock-n-roll-icon-pattie-boyd-on-songwriting-beatlemania-and-the-power-of-being-a-muse-annotated,annotation_or_non_song_risk,
3024514,pending,That’s What You Get,2011,Taylor Swift,Hayley Williams,Taylor Swift,Hayley Williams,featured,https://genius.com/Taylor-swift-thats-what-you-get-lyrics,,
4499925,pending,Castles Crumbling (Taylor’s Version) [From The Vault],2023,Taylor Swift,Hayley Williams,Taylor Swift,Hayley Williams,featured,https://genius.com/Taylor-swift-castles-crumbling-taylors-version-from-the-vault-lyrics,,
5114093,pending,Macavity,2019,Taylor Swift,IDRIS,Taylor Swift,IDRIS,featured,https://genius.com/Taylor-swift-macavity-lyrics,,
12847199,pending,monkey shit,,Taylor Swift,Jonathan the bum,Jonathan the bum,Taylor Swift,featured,https://genius.com/Jonathan-the-bum-monkey-shit-lyrics,missing_release_year,
7747405,pending,Cannon Balls,,Taylor Swift,Justin Bieber,Justin Bieber,Taylor Swift,featured,https://genius.com/Justin-bieber-cannon-balls-lyrics,missing_release_year,
3024543,pending,Baby,2011,Taylor Swift,Justin Bieber,Taylor Swift,Justin Bieber,featured,https://genius.com/Taylor-swift-baby-lyrics,,
2973355,pending,That’s When (Taylor’s Version) [From the Vault],2021,Taylor Swift,Keith Urban,Taylor Swift,Keith Urban,featured,https://genius.com/Taylor-swift-thats-when-taylors-version-from-the-vault-lyrics,,
8445376,pending,Snow On The Beach,2022,Taylor Swift,Lana Del Rey,Taylor Swift,Lana Del Rey,featured,https://genius.com/Taylor-swift-snow-on-the-beach-lyrics,,
10269936,pending,No hay Tiempo,2009,Taylor Swift,Leandro Carnarios,Leandro Carnarios,Taylor Swift,featured,https://genius.com/Leandro-carnarios-no-hay-tiempo-lyrics,,
13083193,pending,The show must go on,2025,Taylor Swift,Madison Beer,Taylor Swift,Madison Beer,featured,https://genius.com/Taylor-swift-the-show-must-go-on-lyrics,,
2975370,pending,You All Over Me (Taylor’s Version) [From the Vault],2021,Taylor Swift,Maren Morris,Taylor Swift,Maren Morris,featured,https://genius.com/Taylor-swift-you-all-over-me-taylors-version-from-the-vault-lyrics,,
3404069,pending,The Making Of A Song - ‘King of My Heart’,2017,Taylor Swift,Max Martin,Taylor Swift,Max Martin,featured,https://genius.com/Taylor-swift-the-making-of-a-song-king-of-my-heart-lyrics,,
3024697,pending,Just A Dream,2011,Taylor Swift,Nelly,Taylor Swift,Nelly,featured,https://genius.com/Taylor-swift-just-a-dream-lyrics,,
3820840,pending,1989 Interview with Paul McGuire,2014,Taylor Swift,Paul McGuire (CMT),Taylor Swift,Paul McGuire (CMT),featured,https://genius.com/Taylor-swift-1989-interview-with-paul-mcguire-annotated,annotation_or_non_song_risk,
4809175,pending,Nothing New (Taylor’s Version) [From the Vault],2021,Taylor Swift,Phoebe Bridgers,Taylor Swift,Phoebe Bridgers,featured,https://genius.com/Taylor-swift-nothing-new-taylors-version-from-the-vault-lyrics,,
7389298,pending,Three Sad Virgins,2021,Taylor Swift,Please Don’t Destroy,Please Don’t Destroy,Taylor Swift,featured,https://genius.com/Please-dont-destroy-three-sad-virgins-lyrics,,
10024009,pending,Fortnight,2024,Taylor Swift,Post Malone,Taylor Swift,Post Malone,featured,https://genius.com/Taylor-swift-fortnight-lyrics,,
9241923,pending,The World We Need,2023,Taylor Swift,Rob Adcock,Rob Adcock,Taylor Swift,featured,https://genius.com/Rob-adcock-the-world-we-need-lyrics,,
9273065,pending,NONONONONO,2023,Taylor Swift,Robert Henrik Williams Jr.,Robert Henrik Williams Jr.,Taylor Swift,featured,https://genius.com/Robert-henrik-williams-jr-nonononono-lyrics,,
4880400,pending,October 2019 Cover: Taylor Swift,2019,Taylor Swift,Rolling Stone,Rolling Stone,Taylor Swift,featured,https://genius.com/Rolling-stone-october-2019-cover-taylor-swift-annotated,annotation_or_non_song_risk,
6166233,pending,Musicians on Musicians: Paul McCartney & Taylor Swift,2020,Taylor Swift,Rolling Stone,Rolling Stone,Taylor Swift,featured,https://genius.com/Rolling-stone-musicians-on-musicians-paul-mccartney-and-taylor-swift-annotated,annotation_or_non_song_risk,
12498554,pending,The Life of a Showgirl,2025,Taylor Swift,Sabrina Carpenter,Taylor Swift,Sabrina Carpenter,featured,https://genius.com/Taylor-swift-the-life-of-a-showgirl-lyrics,,
12508342,pending,The Life of a Showgirl (Dressing Room Rehearsal Version),2025,Taylor Swift,Sabrina Carpenter,Taylor Swift,Sabrina Carpenter,featured,https://genius.com/Taylor-swift-the-life-of-a-showgirl-dressing-room-rehearsal-version-lyrics,,
13277215,pending,Clarity X Wildest Dreams X Really Don’t Care (SadBois Edit),2026,Taylor Swift,SadBois,SadBois,Taylor Swift,featured,https://genius.com/Sadbois-clarity-x-wildest-dreams-x-really-dont-care-sadbois-edit-lyrics,,
3404069,pending,The Making Of A Song - ‘King of My Heart’,2017,Taylor Swift,Shellback,Taylor Swift,Shellback,featured,https://genius.com/Taylor-swift-the-making-of-a-song-king-of-my-heart-lyrics,,
3646550,pending,Babe,2018,Taylor Swift,Sugarland,Sugarland,Taylor Swift,featured,https://genius.com/Sugarland-babe-lyrics,,
49025,pending,Thug Story,2009,Taylor Swift,T-Pain,Taylor Swift,T-Pain,featured,https://genius.com/Taylor-swift-thug-story-lyrics,,
4765961,pending,Soon You’ll Get Better,2019,Taylor Swift,The Chicks,Taylor Swift,The Chicks,featured,https://genius.com/Taylor-swift-soon-youll-get-better-lyrics,,
62236,pending,Safe & Sound,2011,Taylor Swift,The Civil Wars,Taylor Swift,The Civil Wars,featured,https://genius.com/Taylor-swift-safe-and-sound-lyrics,,
9709450,pending,The Anti-Anti-Hero,2023,Taylor Swift,There I Ruined It,There I Ruined It,Taylor Swift,featured,https://genius.com/There-i-ruined-it-the-anti-anti-hero-lyrics,,
1026515,pending,Taylor Swift’s First Phone Call With Tim McGraw,2007,Taylor Swift,Tim McGraw,Taylor Swift,Tim McGraw,featured,https://genius.com/Taylor-swift-taylor-swifts-first-phone-call-with-tim-mcgraw-annotated,annotation_or_non_song_risk,
154241,pending,Highway Don’t Care,2013,Taylor Swift,Tim McGraw,Tim McGraw,Taylor Swift,featured,https://genius.com/Tim-mcgraw-highway-dont-care-lyrics,,
4312602,pending,‘I Was Angry.’ Taylor Swift on What Powered Her Sexual Assault Testimony,2017,Taylor Swift,TIME Magazine,TIME Magazine,Taylor Swift,featured,https://genius.com/Time-magazine-i-was-angry-taylor-swift-on-what-powered-her-sexual-assault-testimony-annotated,annotation_or_non_song_risk,
4482344,pending,TIME 100: Taylor Swift (2019),2019,Taylor Swift,TIME Magazine,TIME Magazine,Taylor Swift,featured,https://genius.com/Time-magazine-time-100-taylor-swift-2019-annotated,annotation_or_non_song_risk,
9810450,pending,Person of the Year 2023: Taylor Swift,2023,Taylor Swift,TIME Magazine,TIME Magazine,Taylor Swift,featured,https://genius.com/Time-magazine-person-of-the-year-2023-taylor-swift-annotated,annotation_or_non_song_risk,
7687311,pending,good 4 u is a new and original song which doesn’t plagiarize at all,2022,Taylor Swift,Triple-Q,Triple-Q,Taylor Swift,featured,https://genius.com/Triple-q-good-4-u-is-a-new-and-original-song-which-doesnt-plagiarize-at-all-lyrics,unreleased_or_fan_edit_risk,
4766261,pending,"Taylor Swift on Sexism, Scrutiny, and Standing Up for Herself",2019,Taylor Swift,Vogue,Vogue,Taylor Swift,featured,https://genius.com/Vogue-taylor-swift-on-sexism-scrutiny-and-standing-up-for-herself-annotated,annotation_or_non_song_risk,
3791697,pending,Taylor Swift’s Solo Act,2010,Taylor Swift,Wall Street Journal,Wall Street Journal,Taylor Swift,featured,https://genius.com/Wall-street-journal-taylor-swifts-solo-act-annotated,annotation_or_non_song_risk,
2117051,pending,Molly Bán (Bawn),2002,The Chieftains,Alison Krauss,The Chieftains,Alison Krauss,featured,https://genius.com/The-chieftains-molly-ban-bawn-lyrics,,
822256,pending,Long Journey Home (Anthem),,The Chieftains,Anna (USA),The Chieftains,Anna (USA),featured,https://genius.com/The-chieftains-long-journey-home-anthem-lyrics,missing_release_year,
5673206,pending,The Fiddling Ladies,1999,The Chieftains,Annbjørg Lien,The Chieftains,Annbjørg Lien,featured,https://genius.com/The-chieftains-the-fiddling-ladies-lyrics,,
1638442,pending,Never Give All the Heart,1999,The Chieftains,Anuna,The Chieftains,Anuna,featured,https://genius.com/The-chieftains-never-give-all-the-heart-lyrics,,
1035298,pending,A Stór Mo Chroí,1999,The Chieftains,Bonnie Raitt,The Chieftains,Bonnie Raitt,featured,https://genius.com/The-chieftains-a-stor-mo-chroi-lyrics,,
1638442,pending,Never Give All the Heart,1999,The Chieftains,Brenda Fricker,The Chieftains,Brenda Fricker,featured,https://genius.com/The-chieftains-never-give-all-the-heart-lyrics,,
907060,pending,Country Blues,,The Chieftains,Buddy,The Chieftains,Buddy,featured,https://genius.com/The-chieftains-country-blues-lyrics,missing_release_year,
9795431,pending,Down The Old Plank Road,2002,The Chieftains,Béla Fleck,The Chieftains,Béla Fleck,featured,https://genius.com/The-chieftains-down-the-old-plank-road-lyrics,,
9795912,pending,Medley: “Ladies Pantalettes; Belles of Blackville; First House in Connaught”,2002,The Chieftains,Béla Fleck,The Chieftains,Béla Fleck,featured,https://genius.com/The-chieftains-medley-ladies-pantalettes-belles-of-blackville-first-house-in-connaught-lyrics,,
5673503,pending,Sailing to Mexico,2010,The Chieftains,Carlos Núñez,The Chieftains,Carlos Núñez,featured,https://genius.com/The-chieftains-sailing-to-mexico-lyrics,,
2086093,pending,San Campio,2010,The Chieftains,Carlos Núñez,The Chieftains,Carlos Núñez,featured,https://genius.com/The-chieftains-san-campio-lyrics,,
6445390,pending,Lundu,2012,The Chieftains,Carlos Núñez,The Chieftains,Carlos Núñez,featured,https://genius.com/The-chieftains-lundu-lyrics,,
1849701,pending,Pretty Little Girl,2012,The Chieftains,Carolina Chocolate Drops,The Chieftains,Carolina Chocolate Drops,featured,https://genius.com/The-chieftains-pretty-little-girl-lyrics,,
6445389,pending,The Chieftains in Orbit,2012,The Chieftains,Catherine Coleman,The Chieftains,Catherine Coleman,featured,https://genius.com/The-chieftains-the-chieftains-in-orbit-lyrics,,
5673426,pending,Luz de Luna,2010,The Chieftains,Chavela Vargas,The Chieftains,Chavela Vargas,featured,https://genius.com/The-chieftains-luz-de-luna-lyrics,,
5673270,pending,An Poc Ar Buile,,The Chieftains,Daithí Ó Sé,The Chieftains,Daithí Ó Sé,featured,https://genius.com/The-chieftains-an-poc-ar-buile-lyrics,missing_release_year,
1818861,pending,Katie Dear,2002,The Chieftains,David Rawlings,The Chieftains,David Rawlings,featured,https://genius.com/The-chieftains-katie-dear-lyrics,,
1796402,pending,Danny Boy,1999,The Chieftains,Diana Krall,The Chieftains,Diana Krall,featured,https://genius.com/The-chieftains-danny-boy-lyrics,,
1310643,pending,Wild Mountain Thyme,,The Chieftains,Don Williams,The Chieftains,Don Williams,featured,https://genius.com/The-chieftains-wild-mountain-thyme-lyrics,missing_release_year,
5673206,pending,The Fiddling Ladies,1999,The Chieftains,Eileen Ivers,The Chieftains,Eileen Ivers,featured,https://genius.com/The-chieftains-the-fiddling-ladies-lyrics,,
1262985,pending,Uomini col borsello (Ragazza che limoni sola),1992,The Chieftains,Elio e le Storie Tese,Elio e le Storie Tese,The Chieftains,featured,https://genius.com/Elio-e-le-storie-tese-uomini-col-borsello-ragazza-che-limoni-sola-lyrics,,
822256,pending,Long Journey Home (Anthem),,The Chieftains,Elvis Costello,The Chieftains,Elvis Costello,featured,https://genius.com/The-chieftains-long-journey-home-anthem-lyrics,missing_release_year,
1972612,pending,St. Stephen’s Day Murders,,The Chieftains,Elvis Costello,The Chieftains,Elvis Costello,featured,https://genius.com/The-chieftains-st-stephens-day-murders-lyrics,missing_release_year,
1182492,pending,Nobody’s Darlin’ but Mine,,The Chieftains,Emmylou Harris,The Chieftains,Emmylou Harris,featured,https://genius.com/The-chieftains-nobodys-darlin-but-mine-lyrics,missing_release_year,
5673252,pending,Jack of All Trades,,The Chieftains,Frankie Laine,The Chieftains,Frankie Laine,featured,https://genius.com/The-chieftains-jack-of-all-trades-lyrics,missing_release_year,
1818861,pending,Katie Dear,2002,The Chieftains,Gillian Welch,The Chieftains,Gillian Welch,featured,https://genius.com/The-chieftains-katie-dear-lyrics,,
1173696,pending,My Song,1988,The Chieftains,Glass Tiger,Glass Tiger,The Chieftains,featured,https://genius.com/Glass-tiger-my-song-lyrics,,
6445387,pending,Carolina Rua / The Ladies Pantalettes,2012,The Chieftains,Imelda May,The Chieftains,Imelda May,featured,https://genius.com/The-chieftains-carolina-rua-the-ladies-pantalettes-lyrics,,
1847480,pending,The Rebel Jesus,,The Chieftains,Jackson Browne,The Chieftains,Jackson Browne,featured,https://genius.com/The-chieftains-the-rebel-jesus-lyrics,missing_release_year,
9795431,pending,Down The Old Plank Road,2002,The Chieftains,Jeff White,The Chieftains,Jeff White,featured,https://genius.com/The-chieftains-down-the-old-plank-road-lyrics,,
9795792,pending,Tennessee Stud,2002,The Chieftains,Jeff White,The Chieftains,Jeff White,featured,https://genius.com/The-chieftains-tennessee-stud-lyrics,,
1731344,pending,Raglan Road,1999,The Chieftains,Joan Osborne,The Chieftains,Joan Osborne,featured,https://genius.com/The-chieftains-raglan-road-lyrics,,
9795431,pending,Down The Old Plank Road,2002,The Chieftains,John Hiatt,The Chieftains,John Hiatt,featured,https://genius.com/The-chieftains-down-the-old-plank-road-lyrics,,
13259453,pending,End Credits,1992,The Chieftains,John Williams,John Williams,The Chieftains,featured,https://genius.com/John-williams-end-credits-lyrics,,
13259442,pending,Fighting For Dough,1992,The Chieftains,John Williams,John Williams,The Chieftains,featured,https://genius.com/John-williams-fighting-for-dough-lyrics,,
13259438,pending,The Fighting Donellys,1992,The Chieftains,John Williams,John Williams,The Chieftains,featured,https://genius.com/John-williams-the-fighting-donellys-lyrics,,
1312146,pending,The Magdalene Laundries,1999,The Chieftains,Joni Mitchell,The Chieftains,Joni Mitchell,featured,https://genius.com/The-chieftains-the-magdalene-laundries-lyrics,,
907060,pending,Country Blues,,The Chieftains,Julie Miller,The Chieftains,Julie Miller,featured,https://genius.com/The-chieftains-country-blues-lyrics,missing_release_year,
12968302,pending,Brafferton Village/Walsh’s Hornpipe,,The Chieftains,Kathryn Tickell,The Chieftains,Kathryn Tickell,featured,https://genius.com/The-chieftains-brafferton-village-walshs-hornpipe-lyrics,missing_release_year,
9795625,pending,Cindy,2002,The Chieftains,Kentucky Thunder,The Chieftains,Kentucky Thunder,featured,https://genius.com/The-chieftains-cindy-lyrics,,
5673270,pending,An Poc Ar Buile,,The Chieftains,Laurence Courtney,The Chieftains,Laurence Courtney,featured,https://genius.com/The-chieftains-an-poc-ar-buile-lyrics,missing_release_year,
2038425,pending,March To Battle (Across The Rio Grande),2010,The Chieftains,Liam Neeson,The Chieftains,Liam Neeson,featured,https://genius.com/The-chieftains-march-to-battle-across-the-rio-grande-lyrics,,
5673552,pending,El Relampago,2010,The Chieftains,Lila Downs,The Chieftains,Lila Downs,featured,https://genius.com/The-chieftains-el-relampago-lyrics,,
5673365,pending,La Iguana,2010,The Chieftains,Lila Downs,The Chieftains,Lila Downs,featured,https://genius.com/The-chieftains-la-iguana-lyrics,,
1850158,pending,A La Orilla De Un Palmar,2010,The Chieftains,Linda Ronstadt,The Chieftains,Linda Ronstadt,featured,https://genius.com/The-chieftains-a-la-orilla-de-un-palmar-lyrics,,
1851839,pending,My Lagan Love,2012,The Chieftains,Lisa Hannigan,The Chieftains,Lisa Hannigan,featured,https://genius.com/The-chieftains-my-lagan-love-lyrics,,
5673203,pending,Ye Rambling Boys of Pleasure,1999,The Chieftains,Loreena McKennitt,The Chieftains,Loreena McKennitt,featured,https://genius.com/The-chieftains-ye-rambling-boys-of-pleasure-lyrics,,
5673504,pending,El Caballo,2010,The Chieftains,Los Camperos de Valles,The Chieftains,Los Camperos de Valles,featured,https://genius.com/The-chieftains-el-caballo-lyrics,,
5673390,pending,El Chivo,2010,The Chieftains,Los Cenzontles,The Chieftains,Los Cenzontles,featured,https://genius.com/The-chieftains-el-chivo-lyrics,,
5673500,pending,Danza de Concheros,2010,The Chieftains,Los Folkloristas,The Chieftains,Los Folkloristas,featured,https://genius.com/The-chieftains-danza-de-concheros-lyrics,,
5673493,pending,La Golondrina,2010,The Chieftains,Los Folkloristas,The Chieftains,Los Folkloristas,featured,https://genius.com/The-chieftains-la-golondrina-lyrics,,
2048472,pending,Canción Mixteca,2010,The Chieftains,Los Tigres Del Norte,The Chieftains,Los Tigres Del Norte,featured,https://genius.com/The-chieftains-cancion-mixteca-lyrics,,
9795704,pending,Don’t Let Your Deal Go Down,2002,The Chieftains,Lyle Lovett,The Chieftains,Lyle Lovett,featured,https://genius.com/The-chieftains-dont-let-your-deal-go-down-lyrics,,
5673432,pending,Persecución de Villa,2010,The Chieftains,Mariachi Santa Fe de Jesus Guzman,The Chieftains,Mariachi Santa Fe de Jesus Guzman,featured,https://genius.com/The-chieftains-persecucion-de-villa-lyrics,,
2004886,pending,I Saw Three Ships A Sailing,,The Chieftains,Marianne Faithfull,The Chieftains,Marianne Faithfull,featured,https://genius.com/The-chieftains-i-saw-three-ships-a-sailing-lyrics,missing_release_year,
1607652,pending,Love Is Teasin’,,The Chieftains,Marianne Faithfull,The Chieftains,Marianne Faithfull,featured,https://genius.com/The-chieftains-love-is-teasin-lyrics,missing_release_year,
1293029,pending,The Lily of the West,,The Chieftains,Mark Knopfler,The Chieftains,Mark Knopfler,featured,https://genius.com/The-chieftains-the-lily-of-the-west-lyrics,missing_release_year,
1295651,pending,I’ll Be All Smiles Tonight,,The Chieftains,Martina McBride,The Chieftains,Martina McBride,featured,https://genius.com/The-chieftains-ill-be-all-smiles-tonight-lyrics,missing_release_year,
5673202,pending,Deserted Soldier (An Saighdiúir Tréigthe),1999,The Chieftains,Mary Chapin Carpenter,The Chieftains,Mary Chapin Carpenter,featured,https://genius.com/The-chieftains-deserted-soldier-an-saighdiuir-treigthe-lyrics,,
6445388,pending,The Chieftains Reunion,2012,The Chieftains,Michael Tubridy,The Chieftains,Michael Tubridy,featured,https://genius.com/The-chieftains-the-chieftains-reunion-lyrics,,
903176,pending,The Long Black Veil,,The Chieftains,Mick Jagger,The Chieftains,Mick Jagger,featured,https://genius.com/The-chieftains-the-long-black-veil-lyrics,missing_release_year,
3928143,pending,Lullaby for the Dead,2010,The Chieftains,Moya Brennan,The Chieftains,Moya Brennan,featured,https://genius.com/The-chieftains-lullaby-for-the-dead-lyrics,,
5673206,pending,The Fiddling Ladies,1999,The Chieftains,Máire Breatnach,The Chieftains,Máire Breatnach,featured,https://genius.com/The-chieftains-the-fiddling-ladies-lyrics,,
1727005,pending,The Wexford Carol,,The Chieftains,Nanci Griffith,The Chieftains,Nanci Griffith,featured,https://genius.com/The-chieftains-the-wexford-carol-lyrics,missing_release_year,
5315458,pending,Little Love Affairs,1988,The Chieftains,Nanci Griffith,Nanci Griffith,The Chieftains,featured,https://genius.com/Nanci-griffith-little-love-affairs-lyrics,,
5673206,pending,The Fiddling Ladies,1999,The Chieftains,Natalie MacMaster,The Chieftains,Natalie MacMaster,featured,https://genius.com/The-chieftains-the-fiddling-ladies-lyrics,,
747268,pending,The Lowlands Of Holland,,The Chieftains,Natalie Merchant,Natalie Merchant,The Chieftains,featured,https://genius.com/Natalie-merchant-the-lowlands-of-holland-lyrics,missing_release_year,
1574377,pending,The Lowlands of Holland,1999,The Chieftains,Natalie Merchant,The Chieftains,Natalie Merchant,featured,https://genius.com/The-chieftains-the-lowlands-of-holland-lyrics,,
971336,pending,A Breton Carol,,The Chieftains,Nolwen Monjarret,The Chieftains,Nolwen Monjarret,featured,https://genius.com/The-chieftains-a-breton-carol-lyrics,missing_release_year,
1848535,pending,Hard Times Come Again No More,2012,The Chieftains,Paolo Nutini,The Chieftains,Paolo Nutini,featured,https://genius.com/The-chieftains-hard-times-come-again-no-more-lyrics,,
1805861,pending,Whole Heap of Little Horses,2002,The Chieftains,Patty Griffin,The Chieftains,Patty Griffin,featured,https://genius.com/The-chieftains-whole-heap-of-little-horses-lyrics,,
1846122,pending,Come All Ye Fair and Tender Ladies,2012,The Chieftains,Pistol Annies,The Chieftains,Pistol Annies,featured,https://genius.com/The-chieftains-come-all-ye-fair-and-tender-ladies-lyrics,,
1850144,pending,The Frost Is All Over,2012,The Chieftains,Punch Brothers,The Chieftains,Punch Brothers,featured,https://genius.com/The-chieftains-the-frost-is-all-over-lyrics,,
2011184,pending,The Lark in the Clear Air / Olam Punch,2012,The Chieftains,Punch Brothers,The Chieftains,Punch Brothers,featured,https://genius.com/The-chieftains-the-lark-in-the-clear-air-olam-punch-lyrics,,
4195780,pending,Wabash Cannonball / Morning Dew / Father Kelly’s Reels,1992,The Chieftains,Ricky Skaggs,The Chieftains,Ricky Skaggs,featured,https://genius.com/The-chieftains-wabash-cannonball-morning-dew-father-kellys-reels-lyrics,,
9795625,pending,Cindy,2002,The Chieftains,Ricky Skaggs,The Chieftains,Ricky Skaggs,featured,https://genius.com/The-chieftains-cindy-lyrics,,
1796424,pending,Coast of Malabar,,The Chieftains,Ry Cooder,The Chieftains,Ry Cooder,featured,https://genius.com/The-chieftains-coast-of-malabar-lyrics,missing_release_year,
2463652,pending,Dunmore Lassies,,The Chieftains,Ry Cooder,The Chieftains,Ry Cooder,featured,https://genius.com/The-chieftains-dunmore-lassies-lyrics,missing_release_year,
1850158,pending,A La Orilla De Un Palmar,2010,The Chieftains,Ry Cooder,The Chieftains,Ry Cooder,featured,https://genius.com/The-chieftains-a-la-orilla-de-un-palmar-lyrics,,
2048472,pending,Canción Mixteca,2010,The Chieftains,Ry Cooder,The Chieftains,Ry Cooder,featured,https://genius.com/The-chieftains-cancion-mixteca-lyrics,,
5673511,pending,Canción Mixteca (Intro),2010,The Chieftains,Ry Cooder,The Chieftains,Ry Cooder,featured,https://genius.com/The-chieftains-cancion-mixteca-intro-lyrics,,
5673406,pending,The Sands of Mexico,2010,The Chieftains,Ry Cooder,The Chieftains,Ry Cooder,featured,https://genius.com/The-chieftains-the-sands-of-mexico-lyrics,,
5673270,pending,An Poc Ar Buile,,The Chieftains,Seamus Begley,The Chieftains,Seamus Begley,featured,https://genius.com/The-chieftains-an-poc-ar-buile-lyrics,missing_release_year,
6445388,pending,The Chieftains Reunion,2012,The Chieftains,Seán Potts,The Chieftains,Seán Potts,featured,https://genius.com/The-chieftains-the-chieftains-reunion-lyrics,,
784613,pending,Baba O’Riley,,The Chieftains,Sinéad O’Connor,Sinéad O’Connor,The Chieftains,featured,https://genius.com/Sinead-oconnor-baba-oriley-lyrics,missing_release_year,
2015439,pending,He Moved Through the Fair,1995,The Chieftains,Sinéad O’Connor,The Chieftains,Sinéad O’Connor,featured,https://genius.com/The-chieftains-he-moved-through-the-fair-lyrics,,
420138,pending,The Foggy Dew,1995,The Chieftains,Sinéad O’Connor,The Chieftains,Sinéad O’Connor,featured,https://genius.com/The-chieftains-the-foggy-dew-lyrics,,
1805699,pending,Factory Girl,1999,The Chieftains,Sinéad O’Connor,The Chieftains,Sinéad O’Connor,featured,https://genius.com/The-chieftains-factory-girl-lyrics,,
5673205,pending,Siúil a Rún,1999,The Chieftains,Sissel,The Chieftains,Sissel,featured,https://genius.com/The-chieftains-siuil-a-run-lyrics,,
908815,pending,Mo Ghile Mear (Our Hero),,The Chieftains,Sting,The Chieftains,Sting,featured,https://genius.com/The-chieftains-mo-ghile-mear-our-hero-lyrics,missing_release_year,
1133990,pending,Sisters of Mercy,1995,The Chieftains,Sting,Sting,The Chieftains,featured,https://genius.com/Sting-sisters-of-mercy-lyrics,,
12109145,pending,Carolan’s Concerto (The Celtic Harp version),1993,The Chieftains,The Belfast Harp Orchestra,The Chieftains,The Belfast Harp Orchestra,featured,https://genius.com/The-chieftains-carolans-concerto-the-celtic-harp-version-lyrics,,
1858189,pending,Lily Love,2012,The Chieftains,The Civil Wars,The Chieftains,The Civil Wars,featured,https://genius.com/The-chieftains-lily-love-lyrics,,
1819044,pending,I Know My Love,2006,The Chieftains,The Corrs,The Corrs,The Chieftains,featured,https://genius.com/The-corrs-i-know-my-love-lyrics,,
1852974,pending,When the Ship Comes In,2012,The Chieftains,The Decemberists,The Chieftains,The Decemberists,featured,https://genius.com/The-chieftains-when-the-ship-comes-in-lyrics,,
1795647,pending,Rain And Snow,,The Chieftains,The Del McCoury Band,The Chieftains,The Del McCoury Band,featured,https://genius.com/The-chieftains-rain-and-snow-lyrics,missing_release_year,
1227660,pending,Red Is the Rose,,The Chieftains,The Ennis Sisters,The Chieftains,The Ennis Sisters,featured,https://genius.com/The-chieftains-red-is-the-rose-lyrics,missing_release_year,
1851229,pending,School Days Over,2012,The Chieftains,The Low Anthem,The Chieftains,The Low Anthem,featured,https://genius.com/The-chieftains-school-days-over-lyrics,,
939360,pending,Jimmy Mó Mhíle Stór,1999,The Chieftains,The Rankin Family,The Chieftains,The Rankin Family,featured,https://genius.com/The-chieftains-jimmy-mo-mhile-stor-lyrics,,
1989414,pending,Past Three O’Clock,,The Chieftains,The Renaissance Singers,The Chieftains,The Renaissance Singers,featured,https://genius.com/The-chieftains-past-three-oclock-lyrics,missing_release_year,
1634992,pending,The Rocky Road to Dublin,,The Chieftains,The Rolling Stones,The Chieftains,The Rolling Stones,featured,https://genius.com/The-chieftains-the-rocky-road-to-dublin-lyrics,missing_release_year,
1861991,pending,Peggy Gordon,2012,The Chieftains,The Secret Sisters,The Chieftains,The Secret Sisters,featured,https://genius.com/The-chieftains-peggy-gordon-lyrics,,
9795431,pending,Down The Old Plank Road,2002,The Chieftains,Tim O’Brien,The Chieftains,Tim O’Brien,featured,https://genius.com/The-chieftains-down-the-old-plank-road-lyrics,,
941330,pending,Tennessee Waltz / Tennessee Mazurka,,The Chieftains,Tom Jones,The Chieftains,Tom Jones,featured,https://genius.com/The-chieftains-tennessee-waltz-tennessee-mazurka-lyrics,missing_release_year,
428189,pending,I Saw Three Ships,2013,The Chieftains,Trace Adkins,Trace Adkins,The Chieftains,featured,https://genius.com/Trace-adkins-i-saw-three-ships-lyrics,,
1132733,pending,All Fall Down,1986,The Chieftains,Ultravox,Ultravox,The Chieftains,featured,https://genius.com/Ultravox-all-fall-down-lyrics,,
5673511,pending,Canción Mixteca (Intro),2010,The Chieftains,Van Dyke Parks,The Chieftains,Van Dyke Parks,featured,https://genius.com/The-chieftains-cancion-mixteca-intro-lyrics,,
5673177,pending,Have I Told You Lately That I Love You?,,The Chieftains,Van Morrison,The Chieftains,Van Morrison,featured,https://genius.com/The-chieftains-have-i-told-you-lately-that-i-love-you-lyrics,missing_release_year,
1511457,pending,Shenandoah,,The Chieftains,Van Morrison,Van Morrison,The Chieftains,featured,https://genius.com/Van-morrison-shenandoah-lyrics,missing_release_year,
4985601,pending,Be Thou My Vision,1991,The Chieftains,Van Morrison,Van Morrison,The Chieftains,featured,https://genius.com/Van-morrison-be-thou-my-vision-lyrics,,
1299245,pending,I Can’t Stop Loving You,1991,The Chieftains,Van Morrison,Van Morrison,The Chieftains,featured,https://genius.com/Van-morrison-i-cant-stop-loving-you-lyrics,,
1236410,pending,High Spirits,1998,The Chieftains,Van Morrison,Van Morrison,The Chieftains,featured,https://genius.com/Van-morrison-high-spirits-lyrics,,
1065512,pending,Dark as a Dungeon,,The Chieftains,Vince Gill,The Chieftains,Vince Gill,featured,https://genius.com/The-chieftains-dark-as-a-dungeon-lyrics,missing_release_year,
1232764,pending,Goodnight Irene,,The Chieftains,Willie Nelson,The Chieftains,Willie Nelson,featured,https://genius.com/The-chieftains-goodnight-irene-lyrics,missing_release_year,
5673204,pending,Sake in the Jar,1999,The Chieftains,矢野顕子 (Akiko Yano),The Chieftains,矢野顕子 (Akiko Yano),featured,https://genius.com/The-chieftains-sake-in-the-jar-lyrics,,
1848211,pending,Tasered and Maced,2012,The Flaming Lips,Aaron Behrens,The Flaming Lips,Aaron Behrens,featured,https://genius.com/The-flaming-lips-tasered-and-maced-lyrics,,
212280,pending,All You Need Is Love,2013,The Flaming Lips,Alex Ebert,The Flaming Lips,Alex Ebert,featured,https://genius.com/The-flaming-lips-all-you-need-is-love-lyrics,,
911244,pending,Sgt. Pepper’s Lonely Hearts Club Band (Reprise),2014,The Flaming Lips,Ben Goldwasser,The Flaming Lips,Ben Goldwasser,featured,https://genius.com/The-flaming-lips-sgt-peppers-lonely-hearts-club-band-reprise-lyrics,,
9485334,pending,Killer Bee,2023,The Flaming Lips,Ben Kweller,Ben Kweller,The Flaming Lips,featured,https://genius.com/Ben-kweller-killer-bee-lyrics,,
911237,pending,Within You Without You,2014,The Flaming Lips,Birdflower,The Flaming Lips,Birdflower,featured,https://genius.com/The-flaming-lips-within-you-without-you-lyrics,,
596932,pending,2012 (You Must Be Upgraded),2012,The Flaming Lips,Biz Markie,The Flaming Lips,Biz Markie,featured,https://genius.com/The-flaming-lips-2012-you-must-be-upgraded-lyrics,,
911226,pending,With a Little Help from My Friends,2014,The Flaming Lips,Brian Chippendale,The Flaming Lips,Brian Chippendale,featured,https://genius.com/The-flaming-lips-with-a-little-help-from-my-friends-lyrics,,
862635,pending,I Don’t Want You to Die,2011,The Flaming Lips,Chris Martin,The Flaming Lips,Chris Martin,featured,https://genius.com/The-flaming-lips-i-dont-want-you-to-die-lyrics,,
911227,pending,Getting Better,2014,The Flaming Lips,Chuck Inglish,The Flaming Lips,Chuck Inglish,featured,https://genius.com/The-flaming-lips-getting-better-lyrics,,
705719,pending,Revenge,2010,The Flaming Lips,Danger Mouse,Danger Mouse,The Flaming Lips,featured,https://genius.com/Danger-mouse-and-sparklehorse-revenge-lyrics,,
911240,pending,When I’m Sixty-Four,2014,The Flaming Lips,Def Rain,The Flaming Lips,Def Rain,featured,https://genius.com/The-flaming-lips-when-im-sixty-four-lyrics,,
911227,pending,Getting Better,2014,The Flaming Lips,Dr. Dog,The Flaming Lips,Dr. Dog,featured,https://genius.com/The-flaming-lips-getting-better-lyrics,,
212298,pending,Gemini Syringes,2009,The Flaming Lips,Dr. Thorsten Wörmann,The Flaming Lips,Dr. Thorsten Wörmann,featured,https://genius.com/The-flaming-lips-gemini-syringes-lyrics,,
1295867,pending,Helping the Retarded to Know God,2012,The Flaming Lips,Edward Sharpe & The Magnetic Zeros,The Flaming Lips,Edward Sharpe & The Magnetic Zeros,featured,https://genius.com/The-flaming-lips-helping-the-retarded-to-know-god-lyrics,,
911228,pending,Fixing a Hole,2014,The Flaming Lips,Electric Würms,The Flaming Lips,Electric Würms,featured,https://genius.com/The-flaming-lips-fixing-a-hole-lyrics,,
1810232,pending,The First Time Ever I Saw Your Face,2011,The Flaming Lips,Erykah Badu,The Flaming Lips,Erykah Badu,featured,https://genius.com/The-flaming-lips-the-first-time-ever-i-saw-your-face-lyrics,,
553589,pending,Sgt. Pepper’s Lonely Hearts Club Band,2014,The Flaming Lips,Fever the Ghost,The Flaming Lips,Fever the Ghost,featured,https://genius.com/The-flaming-lips-sgt-peppers-lonely-hearts-club-band-lyrics,,
528076,pending,Everyone Needs Love,2014,The Flaming Lips,Foxygen,Foxygen,The Flaming Lips,featured,https://genius.com/Foxygen-everyone-needs-love-lyrics,,
911244,pending,Sgt. Pepper’s Lonely Hearts Club Band (Reprise),2014,The Flaming Lips,Foxygen,The Flaming Lips,Foxygen,featured,https://genius.com/The-flaming-lips-sgt-peppers-lonely-hearts-club-band-reprise-lyrics,,
2859712,pending,Smoke on the Water,,The Flaming Lips,Gibby Haynes,The Flaming Lips,Gibby Haynes,featured,https://genius.com/The-flaming-lips-smoke-on-the-water-lyrics,missing_release_year,
1550763,pending,My Mechanical Friend,2012,The Flaming Lips,Grace Potter,Grace Potter,The Flaming Lips,featured,https://genius.com/Grace-potter-my-mechanical-friend-lyrics,,
911242,pending,Good Morning Good Morning,2014,The Flaming Lips,Grace Potter,The Flaming Lips,Grace Potter,featured,https://genius.com/The-flaming-lips-good-morning-good-morning-lyrics,,
13301879,pending,Chemicals Make You Small,2026,The Flaming Lips,Hammock,Hammock,The Flaming Lips,featured,https://genius.com/Hammock-chemicals-make-you-small-lyrics,,
839614,pending,On the Run,2009,The Flaming Lips,Henry Rollins,The Flaming Lips,Henry Rollins,featured,https://genius.com/The-flaming-lips-on-the-run-lyrics,,
212229,pending,Us and Them,2009,The Flaming Lips,Henry Rollins,The Flaming Lips,Henry Rollins,featured,https://genius.com/The-flaming-lips-us-and-them-lyrics,,
596932,pending,2012 (You Must Be Upgraded),2012,The Flaming Lips,HOTT MT,The Flaming Lips,HOTT MT,featured,https://genius.com/The-flaming-lips-2012-you-must-be-upgraded-lyrics,,
553589,pending,Sgt. Pepper’s Lonely Hearts Club Band,2014,The Flaming Lips,J Mascis,The Flaming Lips,J Mascis,featured,https://genius.com/The-flaming-lips-sgt-peppers-lonely-hearts-club-band-lyrics,,
212280,pending,All You Need Is Love,2013,The Flaming Lips,Jade Castrinos,The Flaming Lips,Jade Castrinos,featured,https://genius.com/The-flaming-lips-all-you-need-is-love-lyrics,,
1318799,pending,That Ain’t My Trip,2012,The Flaming Lips,Jim James,The Flaming Lips,Jim James,featured,https://genius.com/The-flaming-lips-that-aint-my-trip-lyrics,,
911230,pending,She’s Leaving Home,2014,The Flaming Lips,Julianna Barwick,The Flaming Lips,Julianna Barwick,featured,https://genius.com/The-flaming-lips-shes-leaving-home-lyrics,,
5708885,pending,God and the Policeman,2020,The Flaming Lips,Kacey Musgraves,The Flaming Lips,Kacey Musgraves,featured,https://genius.com/The-flaming-lips-god-and-the-policeman-lyrics,,
5708876,pending,Watching the Lightbugs Glow,2020,The Flaming Lips,Kacey Musgraves,The Flaming Lips,Kacey Musgraves,featured,https://genius.com/The-flaming-lips-watching-the-lightbugs-glow-lyrics,,
212333,pending,I Can Be a Frog,2009,The Flaming Lips,Karen O,The Flaming Lips,Karen O,featured,https://genius.com/The-flaming-lips-i-can-be-a-frog-lyrics,,
212359,pending,Watching the Planets,2009,The Flaming Lips,Karen O,The Flaming Lips,Karen O,featured,https://genius.com/The-flaming-lips-watching-the-planets-lyrics,,
2016891,pending,Futuristic Sex Toys,,The Flaming Lips,Kesha,Kesha,The Flaming Lips,featured,https://genius.com/Kesha-futuristic-sex-toys-lyrics,missing_release_year,
596932,pending,2012 (You Must Be Upgraded),2012,The Flaming Lips,Kesha,The Flaming Lips,Kesha,featured,https://genius.com/The-flaming-lips-2012-you-must-be-upgraded-lyrics,,
6631797,pending,Elizabeth My Dear,2013,The Flaming Lips,Kesha,The Flaming Lips,Kesha,featured,https://genius.com/The-flaming-lips-elizabeth-my-dear-lyrics,,
2016903,pending,You Control My Heart,2016,The Flaming Lips,Kesha,Kesha,The Flaming Lips,featured,https://genius.com/Kesha-you-control-my-heart-lyrics,,
7618452,pending,Ya Love (Flaming Lips’ Fascinating Haircut Re-Do),2022,The Flaming Lips,King Gizzard & The Lizard Wizard,King Gizzard & The Lizard Wizard,The Flaming Lips,featured,https://genius.com/King-gizzard-and-the-lizard-wizard-ya-love-flaming-lips-fascinating-haircut-re-do-lyrics,,
1802342,pending,I’m Working at NASA on Acid,2012,The Flaming Lips,Lightning Bolt,The Flaming Lips,Lightning Bolt,featured,https://genius.com/The-flaming-lips-im-working-at-nasa-on-acid-lyrics,,
7220761,pending,Epitaph,2012,The Flaming Lips,Linear Downfall,Linear Downfall,The Flaming Lips,featured,https://genius.com/Linear-downfall-epitaph-lyrics,,
13373153,pending,Logic,2026,The Flaming Lips,Logic,Logic,The Flaming Lips,featured,https://genius.com/Logic-logic-lyrics,,
911234,pending,Being for the Benefit of Mr. Kite!,2014,The Flaming Lips,Maynard James Keenan,The Flaming Lips,Maynard James Keenan,featured,https://genius.com/The-flaming-lips-being-for-the-benefit-of-mr-kite-lyrics,,
212350,pending,Worm Mountain,2009,The Flaming Lips,MGMT,The Flaming Lips,MGMT,featured,https://genius.com/The-flaming-lips-worm-mountain-lyrics,,
5708875,pending,Will You Return / When You Come Down,2020,The Flaming Lips,Micah Nelson,The Flaming Lips,Micah Nelson,featured,https://genius.com/The-flaming-lips-will-you-return-when-you-come-down-lyrics,,
4458267,pending,All for the Life of the City,2019,The Flaming Lips,Mick Jones,The Flaming Lips,Mick Jones,featured,https://genius.com/The-flaming-lips-all-for-the-life-of-the-city-lyrics,,
4458259,pending,Dipped in Steel,2019,The Flaming Lips,Mick Jones,The Flaming Lips,Mick Jones,featured,https://genius.com/The-flaming-lips-dipped-in-steel-lyrics,,
4458266,pending,Electric Fire,2019,The Flaming Lips,Mick Jones,The Flaming Lips,Mick Jones,featured,https://genius.com/The-flaming-lips-electric-fire-lyrics,,
4458268,pending,Feedaloodum Beedle Dot,2019,The Flaming Lips,Mick Jones,The Flaming Lips,Mick Jones,featured,https://genius.com/The-flaming-lips-feedaloodum-beedle-dot-lyrics,,
4458269,pending,Funeral Parade,2019,The Flaming Lips,Mick Jones,The Flaming Lips,Mick Jones,featured,https://genius.com/The-flaming-lips-funeral-parade-lyrics,,
4458263,pending,Giant Baby,2019,The Flaming Lips,Mick Jones,The Flaming Lips,Mick Jones,featured,https://genius.com/The-flaming-lips-giant-baby-lyrics,,
4458271,pending,How Can a Head,2019,The Flaming Lips,Mick Jones,The Flaming Lips,Mick Jones,featured,https://genius.com/The-flaming-lips-how-can-a-head-lyrics,,
4458270,pending,Mouth of the King,2019,The Flaming Lips,Mick Jones,The Flaming Lips,Mick Jones,featured,https://genius.com/The-flaming-lips-mouth-of-the-king-lyrics,,
4458261,pending,We Don’t Know How and We Don’t Know Why,2019,The Flaming Lips,Mick Jones,The Flaming Lips,Mick Jones,featured,https://genius.com/The-flaming-lips-we-dont-know-how-and-we-dont-know-why-lyrics,,
911248,pending,A Day in the Life,2014,The Flaming Lips,Miley Cyrus,The Flaming Lips,Miley Cyrus,featured,https://genius.com/The-flaming-lips-a-day-in-the-life-lyrics,,
432971,pending,Lucy in the Sky with Diamonds,2014,The Flaming Lips,Miley Cyrus,The Flaming Lips,Miley Cyrus,featured,https://genius.com/The-flaming-lips-lucy-in-the-sky-with-diamonds-lyrics,,
2894398,pending,We a Famly,2017,The Flaming Lips,Miley Cyrus,The Flaming Lips,Miley Cyrus,featured,https://genius.com/The-flaming-lips-we-a-famly-lyrics,,
432971,pending,Lucy in the Sky with Diamonds,2014,The Flaming Lips,Moby,The Flaming Lips,Moby,featured,https://genius.com/The-flaming-lips-lucy-in-the-sky-with-diamonds-lyrics,,
911227,pending,Getting Better,2014,The Flaming Lips,Morgan Delt,The Flaming Lips,Morgan Delt,featured,https://genius.com/The-flaming-lips-getting-better-lyrics,,
911237,pending,Within You Without You,2014,The Flaming Lips,Morgan Delt,The Flaming Lips,Morgan Delt,featured,https://genius.com/The-flaming-lips-within-you-without-you-lyrics,,
553589,pending,Sgt. Pepper’s Lonely Hearts Club Band,2014,The Flaming Lips,My Morning Jacket,The Flaming Lips,My Morning Jacket,featured,https://genius.com/The-flaming-lips-sgt-peppers-lonely-hearts-club-band-lyrics,,
871860,pending,Is David Bowie Dying?,2011,The Flaming Lips,Neon Indian,The Flaming Lips,Neon Indian,featured,https://genius.com/The-flaming-lips-is-david-bowie-dying-lyrics,,
7220639,pending,You Don’t Respond,2011,The Flaming Lips,Neon Indian,The Flaming Lips,Neon Indian,featured,https://genius.com/The-flaming-lips-you-dont-respond-lyrics,,
1793737,pending,"Girl, You’re So Weird",2011,The Flaming Lips,New Fumes,The Flaming Lips,New Fumes,featured,https://genius.com/The-flaming-lips-girl-youre-so-weird-lyrics,,
7220842,pending,Assassin Beetle / The Dream Is Ending,2013,The Flaming Lips,New Fumes,The Flaming Lips,New Fumes,featured,https://genius.com/The-flaming-lips-assassin-beetle-the-dream-is-ending-lyrics,,
1128146,pending,Wolf Child,2013,The Flaming Lips,New Fumes,The Flaming Lips,New Fumes,featured,https://genius.com/The-flaming-lips-wolf-child-lyrics,,
911248,pending,A Day in the Life,2014,The Flaming Lips,New Fumes,The Flaming Lips,New Fumes,featured,https://genius.com/The-flaming-lips-a-day-in-the-life-lyrics,,
1802351,pending,"You, Man? Human???",2011,The Flaming Lips,Nick Cave & The Bad Seeds,The Flaming Lips,Nick Cave & The Bad Seeds,featured,https://genius.com/The-flaming-lips-you-man-human-lyrics,,
1429640,pending,The Great Gig in the Sky,2009,The Flaming Lips,Peaches,The Flaming Lips,Peaches,featured,https://genius.com/The-flaming-lips-the-great-gig-in-the-sky-lyrics,,
212264,pending,You Lust,2013,The Flaming Lips,Phantogram,The Flaming Lips,Phantogram,featured,https://genius.com/The-flaming-lips-you-lust-lyrics,,
911230,pending,She’s Leaving Home,2014,The Flaming Lips,Phantogram,The Flaming Lips,Phantogram,featured,https://genius.com/The-flaming-lips-shes-leaving-home-lyrics,,
911240,pending,When I’m Sixty-Four,2014,The Flaming Lips,Pitchwafuzz,The Flaming Lips,Pitchwafuzz,featured,https://genius.com/The-flaming-lips-when-im-sixty-four-lyrics,,
1802595,pending,Supermoon Made Me Want to Pee,2012,The Flaming Lips,Prefuse 73,The Flaming Lips,Prefuse 73,featured,https://genius.com/The-flaming-lips-supermoon-made-me-want-to-pee-lyrics,,
911234,pending,Being for the Benefit of Mr. Kite!,2014,The Flaming Lips,Puscifer,The Flaming Lips,Puscifer,featured,https://genius.com/The-flaming-lips-being-for-the-benefit-of-mr-kite-lyrics,,
2894383,pending,There Should Be Unicorns,2017,The Flaming Lips,Reggie Watts,The Flaming Lips,Reggie Watts,featured,https://genius.com/The-flaming-lips-there-should-be-unicorns-lyrics,,
4729030,pending,6 Hour Song (Found a Star on the Ground),2011,The Flaming Lips,Sean Lennon,The Flaming Lips,Sean Lennon,featured,https://genius.com/The-flaming-lips-6-hour-song-found-a-star-on-the-ground-lyrics,,
911230,pending,She’s Leaving Home,2014,The Flaming Lips,Spaceface,The Flaming Lips,Spaceface,featured,https://genius.com/The-flaming-lips-shes-leaving-home-lyrics,,
4931572,pending,Any Colour You Like,2009,The Flaming Lips,Stardeath And White Dwarfs,The Flaming Lips,Stardeath And White Dwarfs,featured,https://genius.com/The-flaming-lips-any-colour-you-like-lyrics,,
212241,pending,Eclipse,2009,The Flaming Lips,Stardeath And White Dwarfs,The Flaming Lips,Stardeath And White Dwarfs,featured,https://genius.com/The-flaming-lips-eclipse-lyrics,,
839614,pending,On the Run,2009,The Flaming Lips,Stardeath And White Dwarfs,The Flaming Lips,Stardeath And White Dwarfs,featured,https://genius.com/The-flaming-lips-on-the-run-lyrics,,
212199,pending,Speak to Me/Breathe,2009,The Flaming Lips,Stardeath And White Dwarfs,The Flaming Lips,Stardeath And White Dwarfs,featured,https://genius.com/The-flaming-lips-speak-to-me-breathe-lyrics,,
7220842,pending,Assassin Beetle / The Dream Is Ending,2013,The Flaming Lips,Stardeath And White Dwarfs,The Flaming Lips,Stardeath And White Dwarfs,featured,https://genius.com/The-flaming-lips-assassin-beetle-the-dream-is-ending-lyrics,,
7220841,pending,"If They Move, Shoot ’Em",2013,The Flaming Lips,Stardeath And White Dwarfs,The Flaming Lips,Stardeath And White Dwarfs,featured,https://genius.com/The-flaming-lips-if-they-move-shoot-em-lyrics,,
911241,pending,Lovely Rita,2014,The Flaming Lips,Stardeath And White Dwarfs,The Flaming Lips,Stardeath And White Dwarfs,featured,https://genius.com/The-flaming-lips-lovely-rita-lyrics,,
1663605,pending,Time Travel?? Yes!!,2006,The Flaming Lips,Steve Burns,The Flaming Lips,Steve Burns,featured,https://genius.com/The-flaming-lips-time-travel-yes-lyrics,,
911234,pending,Being for the Benefit of Mr. Kite!,2014,The Flaming Lips,Sunbears!,The Flaming Lips,Sunbears!,featured,https://genius.com/The-flaming-lips-being-for-the-benefit-of-mr-kite-lyrics,,
1155412,pending,Children of the Moon,2012,The Flaming Lips,Tame Impala,The Flaming Lips,Tame Impala,featured,https://genius.com/The-flaming-lips-children-of-the-moon-lyrics,,
1964001,pending,Crystal Meth Christian,,The Flaming Lips,Teddybears,Teddybears,The Flaming Lips,featured,https://genius.com/Teddybears-crystal-meth-christian-lyrics,missing_release_year,
2126912,pending,Chrystal Meth Christian,2010,The Flaming Lips,Teddybears,Teddybears,The Flaming Lips,featured,https://genius.com/Teddybears-chrystal-meth-christian-lyrics,,
911241,pending,Lovely Rita,2014,The Flaming Lips,Tegan and Sara,The Flaming Lips,Tegan and Sara,featured,https://genius.com/The-flaming-lips-lovely-rita-lyrics,,
911226,pending,With a Little Help from My Friends,2014,The Flaming Lips,The Autumn Defense,The Flaming Lips,The Autumn Defense,featured,https://genius.com/The-flaming-lips-with-a-little-help-from-my-friends-lyrics,,
1830604,pending,The Golden Path (Edit),,The Flaming Lips,The Chemical Brothers,The Chemical Brothers,The Flaming Lips,featured,https://genius.com/The-chemical-brothers-the-golden-path-edit-lyrics,missing_release_year,
1710794,pending,The Golden Path (Ewan Pearson extended vocal),,The Flaming Lips,The Chemical Brothers,The Chemical Brothers,The Flaming Lips,featured,https://genius.com/The-chemical-brothers-the-golden-path-ewan-pearson-extended-vocal-lyrics,missing_release_year,
1196574,pending,The Golden Path,2003,The Flaming Lips,The Chemical Brothers,The Chemical Brothers,The Flaming Lips,featured,https://genius.com/The-chemical-brothers-the-golden-path-lyrics,,
1167282,pending,Marching the Hate Machines (Into the Sun),,The Flaming Lips,Thievery Corporation,Thievery Corporation,The Flaming Lips,featured,https://genius.com/Thievery-corporation-marching-the-hate-machines-into-the-sun-lyrics,missing_release_year,
506939,pending,Peace Sword (Open Your Heart),2013,The Flaming Lips,TOBACCO,The Flaming Lips,TOBACCO,featured,https://genius.com/The-flaming-lips-peace-sword-open-your-heart-lyrics,,
1270080,pending,"Think Like a Machine, Not a Boy",2013,The Flaming Lips,TOBACCO,The Flaming Lips,TOBACCO,featured,https://genius.com/The-flaming-lips-think-like-a-machine-not-a-boy-lyrics,,
911242,pending,Good Morning Good Morning,2014,The Flaming Lips,Treasure Mammal,The Flaming Lips,Treasure Mammal,featured,https://genius.com/The-flaming-lips-good-morning-good-morning-lyrics,,
3257566,pending,Deflect The Light,2017,The Flaming Lips,Vessels,Vessels,The Flaming Lips,featured,https://genius.com/Vessels-deflect-the-light-lyrics,,
1813164,pending,Do It!,2011,The Flaming Lips,Yoko Ono,The Flaming Lips,Yoko Ono,featured,https://genius.com/The-flaming-lips-do-it-lyrics,,
911242,pending,Good Morning Good Morning,2014,The Flaming Lips,Zorch,The Flaming Lips,Zorch,featured,https://genius.com/The-flaming-lips-good-morning-good-morning-lyrics,,
4367455,pending,You Had Your Soul with You,2019,The National,Gail Ann Dorsey,The National,Gail Ann Dorsey,featured,https://genius.com/The-national-you-had-your-soul-with-you-lyrics,,
9733102,pending,Sea of Love (From “Norah Jones is Playing Along” Podcast),2023,The National,Norah Jones,Norah Jones,The National,featured,https://genius.com/Norah-jones-sea-of-love-from-norah-jones-is-playing-along-podcast-lyrics,,
9526230,pending,Laugh Track,2023,The National,Phoebe Bridgers,The National,Phoebe Bridgers,featured,https://genius.com/The-national-laugh-track-lyrics,,
8223123,pending,This Isn’t Helping,2023,The National,Phoebe Bridgers,The National,Phoebe Bridgers,featured,https://genius.com/The-national-this-isnt-helping-lyrics,,
8714087,pending,Your Mind Is Not Your Friend,2023,The National,Phoebe Bridgers,The National,Phoebe Bridgers,featured,https://genius.com/The-national-your-mind-is-not-your-friend-lyrics,,
9526231,pending,Crumble,2023,The National,Rosanne Cash,The National,Rosanne Cash,featured,https://genius.com/The-national-crumble-lyrics,,
738074,pending,Sunshine on My Back,2015,The National,Sharon Van Etten,The National,Sharon Van Etten,featured,https://genius.com/The-national-sunshine-on-my-back-lyrics,,
4018146,pending,Le violon blanc de Monsieur Souris,2018,The National,Sophie Calle,Sophie Calle,The National,featured,https://genius.com/Sophie-calle-le-violon-blanc-de-monsieur-souris-lyrics,,
2829126,pending,Prom Song 13th Century (Frankie & Johnny),,The National,St. Vincent,The National,St. Vincent,featured,https://genius.com/The-national-prom-song-13th-century-frankie-and-johnny-lyrics,missing_release_year,
3879595,pending,Memories,2016,The National,Sufjan Stevens,The National,Sufjan Stevens,featured,https://genius.com/The-national-memories-lyrics,,
8714082,pending,Once Upon a Poolside,2023,The National,Sufjan Stevens,The National,Sufjan Stevens,featured,https://genius.com/The-national-once-upon-a-poolside-lyrics,,
134772,pending,Upper Echelon,2013,Travis Scott,2 Chainz,Travis Scott,2 Chainz,featured,https://genius.com/Travis-scott-upper-echelon-lyrics,,
2027385,pending,3500,2015,Travis Scott,2 Chainz,Travis Scott,2 Chainz,featured,https://genius.com/Travis-scott-3500-lyrics,,
3105427,pending,4 AM,2017,Travis Scott,2 Chainz,2 Chainz,Travis Scott,featured,https://genius.com/2-chainz-4-am-lyrics,,
4327641,pending,Whip,2019,Travis Scott,2 Chainz,2 Chainz,Travis Scott,featured,https://genius.com/2-chainz-whip-lyrics,,
10003184,pending,No Vacancy,,Travis Scott,21 Savage,Travis Scott,21 Savage,featured,https://genius.com/Travis-scott-no-vacancy-lyrics,missing_release_year,
2849776,pending,outside,2016,Travis Scott,21 Savage,Travis Scott,21 Savage,featured,https://genius.com/Travis-scott-outside-lyrics,,
3296791,pending,Ghostface Killers,2017,Travis Scott,21 Savage,21 Savage,Travis Scott,featured,https://genius.com/21-savage-offset-and-metro-boomin-ghostface-killers-lyrics,,
3876942,pending,NC-17,2018,Travis Scott,21 Savage,Travis Scott,21 Savage,featured,https://genius.com/Travis-scott-nc-17-lyrics,,
4179855,pending,"out for the night, pt. 2",2018,Travis Scott,21 Savage,21 Savage,Travis Scott,featured,https://genius.com/21-savage-out-for-the-night-pt-2-lyrics,,
9354764,pending,TIL FURTHER NOTICE,2023,Travis Scott,21 Savage,Travis Scott,21 Savage,featured,https://genius.com/Travis-scott-til-further-notice-lyrics,,
9368460,pending,TOPIA TWINS,2023,Travis Scott,21 Savage,Travis Scott,21 Savage,featured,https://genius.com/Travis-scott-topia-twins-lyrics,,
9117022,pending,Goosebumps Freestyle,,Travis Scott,4n Way,4n Way,Travis Scott,featured,https://genius.com/4n-way-goosebumps-freestyle-lyrics,missing_release_year,
153015,pending,Uptown,2013,Travis Scott,A$AP Ferg,Travis Scott,A$AP Ferg,featured,https://genius.com/Travis-scott-uptown-lyrics,,
3769126,pending,Limits,,Travis Scott,AFROJACK,AFROJACK,Travis Scott,featured,https://genius.com/Afrojack-limits-lyrics,missing_release_year,
11775588,pending,RUN THAT,,Travis Scott,Aj that block,Aj that block,Travis Scott,featured,https://genius.com/Aj-that-block-run-that-lyrics,missing_release_year,
2826952,pending,the ends,2016,Travis Scott,André 3000,Travis Scott,André 3000,featured,https://genius.com/Travis-scott-the-ends-lyrics,,
88670,pending,Old English,2013,Travis Scott,Ashton Travis,Travis Scott,Ashton Travis,featured,https://genius.com/Travis-scott-old-english-lyrics,,
396697,pending,Yes Lord,2012,Travis Scott,Audio Push,Audio Push,Travis Scott,featured,https://genius.com/Audio-push-yes-lord-lyrics,,
2312407,pending,Party 101,2015,Travis Scott,Audio Push,Audio Push,Travis Scott,featured,https://genius.com/Audio-push-party-101-lyrics,,
9175638,pending,K-POP,2023,Travis Scott,Bad Bunny,Travis Scott,Bad Bunny,featured,https://genius.com/Travis-scott-k-pop-lyrics,,
6059819,pending,Takeoff,,Travis Scott,BBY GOYARD,BBY GOYARD,Travis Scott,featured,https://genius.com/Bby-goyard-takeoff-lyrics,missing_release_year,
2376665,pending,Money Go,2015,Travis Scott,Belly,Belly,Travis Scott,featured,https://genius.com/Belly-money-go-lyrics,,
1786415,pending,White Girls,2015,Travis Scott,Belly,Belly,Travis Scott,featured,https://genius.com/Belly-white-girls-lyrics,,
239736,pending,2013 BET Hip Hop Awards - Cypher 3,2013,Travis Scott,BET,BET,Travis Scott,featured,https://genius.com/Bet-2013-bet-hip-hop-awards-cypher-3-lyrics,,
11416569,pending,Poet (DAYS BEFORE BIRDS),2016,Travis Scott,Bibi Bourelly,Travis Scott,Bibi Bourelly,featured,https://genius.com/Travis-scott-poet-days-before-birds-lyrics,,
10494874,pending,Mummified,,Travis Scott,Big Sean,Big Sean,Travis Scott,featured,https://genius.com/Big-sean-mummified-lyrics,missing_release_year,
389895,pending,Don’t Play,2014,Travis Scott,Big Sean,Travis Scott,Big Sean,featured,https://genius.com/Travis-scott-dont-play-lyrics,,
3187524,pending,Go Legend,2017,Travis Scott,Big Sean,Big Sean,Travis Scott,featured,https://genius.com/Big-sean-and-metro-boomin-go-legend-lyrics,,
5786444,pending,Lithuania,2020,Travis Scott,Big Sean,Big Sean,Travis Scott,featured,https://genius.com/Big-sean-lithuania-lyrics,,
10671892,pending,RAID,,Travis Scott,Blac Youngsta,Travis Scott,Blac Youngsta,featured,https://genius.com/Travis-scott-raid-lyrics,missing_release_year,
5038120,pending,Raid,,Travis Scott,Blac Youngsta,Blac Youngsta,Travis Scott,featured,https://genius.com/Blac-youngsta-raid-lyrics,missing_release_year,
2829213,pending,coordinate,2016,Travis Scott,Blac Youngsta,Travis Scott,Blac Youngsta,featured,https://genius.com/Travis-scott-coordinate-lyrics,,
3083252,pending,Heavy Camp,2018,Travis Scott,Blac Youngsta,Blac Youngsta,Travis Scott,featured,https://genius.com/Blac-youngsta-heavy-camp-lyrics,,
6894488,pending,Knife,,Travis Scott,Bobby Raps,Travis Scott,Bobby Raps,featured,https://genius.com/Travis-scott-knife-lyrics,missing_release_year,
9826302,pending,Talk To Me Nice*,,Travis Scott,Brent Faiyaz,Travis Scott,Brent Faiyaz,featured,https://genius.com/Travis-scott-talk-to-me-nice-lyrics,missing_release_year,
2849774,pending,first take,2016,Travis Scott,Bryson Tiller,Travis Scott,Bryson Tiller,featured,https://genius.com/Travis-scott-first-take-lyrics,,
11881509,pending,TaTaTa,2025,Travis Scott,Burna Boy,Burna Boy,Travis Scott,featured,https://genius.com/Burna-boy-tatata-lyrics,,
5711977,pending,10s and Up,2014,Travis Scott,Burroughs T,Travis Scott,Burroughs T,featured,https://genius.com/Travis-scott-10s-and-up-lyrics,,
3120229,pending,Prayers Up,2017,Travis Scott,Calvin Harris,Calvin Harris,Travis Scott,featured,https://genius.com/Calvin-harris-prayers-up-lyrics,,
80357,pending,Up,2013,Travis Scott,Casey Veggies,Travis Scott,Casey Veggies,featured,https://genius.com/Travis-scott-up-lyrics,,
2712551,pending,lose,2016,Travis Scott,Cassie,Travis Scott,Cassie,featured,https://genius.com/Travis-scott-lose-lyrics,,
2849799,pending,sdp interlude,2016,Travis Scott,Cassie,Travis Scott,Cassie,featured,https://genius.com/Travis-scott-sdp-interlude-lyrics,,
6665713,pending,HEARTBEAT*,,Travis Scott,CHASE B,CHASE B,Travis Scott,featured,https://genius.com/Chase-b-heartbeat-lyrics,missing_release_year,
991816,pending,Lil Nigga,,Travis Scott,Chief Keef,Chief Keef,Travis Scott,featured,https://genius.com/Chief-keef-lil-nigga-lyrics,missing_release_year,
2290794,pending,Nightcrawler,2015,Travis Scott,Chief Keef,Travis Scott,Chief Keef,featured,https://genius.com/Travis-scott-nightcrawler-lyrics,,
4780518,pending,In My Head (CyHi Reference),,Travis Scott,CyHi,Travis Scott,CyHi,featured,https://genius.com/Travis-scott-in-my-head-cyhi-reference-lyrics,missing_release_year,
3310652,pending,I’m Fine,2017,Travis Scott,CyHi,CyHi,Travis Scott,featured,https://genius.com/Cyhi-im-fine-lyrics,,
9797357,pending,Praying for a Change,2021,Travis Scott,Daniel Larson,Daniel Larson,Travis Scott,featured,https://genius.com/Daniel-larson-praying-for-a-change-lyrics,,
90742,pending,Lights (Love Sick),2012,Travis Scott,Daron Eubanks,Travis Scott,Daron Eubanks,featured,https://genius.com/Travis-scott-lights-love-sick-lyrics,,
9368501,pending,PARASAIL,2023,Travis Scott,Dave Chappelle,Travis Scott,Dave Chappelle,featured,https://genius.com/Travis-scott-parasail-lyrics,,
335761,pending,Nervous,2012,Travis Scott,Diana Gordon,Diana Gordon,Travis Scott,featured,https://genius.com/Diana-gordon-nervous-lyrics,,
11343364,pending,Candy*,,Travis Scott,DJ Khaled,Travis Scott,DJ Khaled,featured,https://genius.com/Travis-scott-candy-lyrics,missing_release_year,
2828371,pending,Tourist,2016,Travis Scott,DJ Khaled,DJ Khaled,Travis Scott,featured,https://genius.com/Dj-khaled-tourist-lyrics,,
3130809,pending,Don’t Quit,2017,Travis Scott,DJ Khaled,DJ Khaled,Travis Scott,featured,https://genius.com/Dj-khaled-and-calvin-harris-dont-quit-lyrics,,
3117586,pending,Down for Life,2017,Travis Scott,DJ Khaled,DJ Khaled,Travis Scott,featured,https://genius.com/Dj-khaled-down-for-life-lyrics,,
3117577,pending,It’s Secured,2017,Travis Scott,DJ Khaled,DJ Khaled,Travis Scott,featured,https://genius.com/Dj-khaled-its-secured-lyrics,,
3117579,pending,On Everything,2017,Travis Scott,DJ Khaled,DJ Khaled,Travis Scott,featured,https://genius.com/Dj-khaled-on-everything-lyrics,,
8320749,pending,LET’S PRAY,2022,Travis Scott,DJ Khaled,DJ Khaled,Travis Scott,featured,https://genius.com/Dj-khaled-lets-pray-lyrics,,
2819201,pending,Oh Me Oh My,2016,Travis Scott,DJ Snake,DJ Snake,Travis Scott,featured,https://genius.com/Dj-snake-oh-me-oh-my-lyrics,,
12611819,pending,Tsunami,2025,Travis Scott,DJ Snake,DJ Snake,Travis Scott,featured,https://genius.com/Dj-snake-tsunami-lyrics,,
3148237,pending,Travis Scott Speaks,2017,Travis Scott,DJ Stevie J,DJ Stevie J,Travis Scott,featured,https://genius.com/Dj-stevie-j-travis-scott-speaks-lyrics,,
3876999,pending,CAN’T SAY,2018,Travis Scott,Don Toliver,Travis Scott,Don Toliver,featured,https://genius.com/Travis-scott-cant-say-lyrics,,
5183575,pending,Euphoria,2020,Travis Scott,Don Toliver,Don Toliver,Travis Scott,featured,https://genius.com/Don-toliver-euphoria-lyrics,,
6036291,pending,Flocky Flocky,2021,Travis Scott,Don Toliver,Don Toliver,Travis Scott,featured,https://genius.com/Don-toliver-flocky-flocky-lyrics,,
13167010,pending,Flocky Flocky ft. Travis Scott (Türkçe Çeviri),2021,Travis Scott,Don Toliver,Don Toliver,Travis Scott,featured,https://genius.com/Don-toliver-flocky-flocky-ft-travis-scott-turkce-ceviri-lyrics,,
8860164,pending,Embarrassed,2023,Travis Scott,Don Toliver,Don Toliver,Travis Scott,featured,https://genius.com/Don-toliver-embarrassed-lyrics,,
10516184,pending,ICE AGE,2024,Travis Scott,Don Toliver,Don Toliver,Travis Scott,featured,https://genius.com/Don-toliver-ice-age-lyrics,,
10516194,pending,INSIDE,2024,Travis Scott,Don Toliver,Don Toliver,Travis Scott,featured,https://genius.com/Don-toliver-inside-lyrics,,
13042705,pending,Rosary,2026,Travis Scott,Don Toliver,Don Toliver,Travis Scott,featured,https://genius.com/Don-toliver-rosary-lyrics,,
3038817,pending,Trippin,2018,Travis Scott,DP Beats,DP Beats,Travis Scott,featured,https://genius.com/Dp-beats-trippin-lyrics,,
10844574,pending,kukhuvud,,Travis Scott,Drake,Drake,Travis Scott,featured,https://genius.com/Drake-kukhuvud-lyrics,missing_release_year,
703732,pending,Company,2015,Travis Scott,Drake,Drake,Travis Scott,featured,https://genius.com/Drake-company-lyrics,,
3028687,pending,Portland,2017,Travis Scott,Drake,Drake,Travis Scott,featured,https://genius.com/Drake-portland-lyrics,,
3876994,pending,SICKO MODE,2018,Travis Scott,Drake,Travis Scott,Drake,featured,https://genius.com/Travis-scott-sicko-mode-lyrics,,
7540112,pending,SICKO MODE (Radio Edit Version),2018,Travis Scott,Drake,Travis Scott,Drake,featured,https://genius.com/Travis-scott-sicko-mode-radio-edit-version-lyrics,,
6833653,pending,Fair Trade,2021,Travis Scott,Drake,Drake,Travis Scott,featured,https://genius.com/Drake-fair-trade-lyrics,,
8524057,pending,Pussy & Millions,2022,Travis Scott,Drake,Drake,Travis Scott,featured,https://genius.com/Drake-and-21-savage-pussy-and-millions-lyrics,,
9368450,pending,MELTDOWN,2023,Travis Scott,Drake,Travis Scott,Drake,featured,https://genius.com/Travis-scott-meltdown-lyrics,,
9390596,pending,MELTDOWN (Instrumental),2023,Travis Scott,Drake,Travis Scott,Drake,featured,https://genius.com/Travis-scott-meltdown-instrumental-lyrics,,
11357723,pending,Houstatlantaville,2025,Travis Scott,EST Gee,EST Gee,Travis Scott,featured,https://genius.com/Est-gee-houstatlantaville-lyrics,,
13572109,pending,CAROUSEL (Original),,Travis Scott,Frank Ocean,Travis Scott,Frank Ocean,featured,https://genius.com/Travis-scott-carousel-original-lyrics,unreleased_or_fan_edit_risk;missing_release_year,
11692017,pending,ST4RCR4SH,,Travis Scott,Frank Ocean,Frank Ocean,Travis Scott,featured,https://genius.com/Frank-ocean-st4rcr4sh-lyrics,missing_release_year,
3063542,pending,Lens (V2),2017,Travis Scott,Frank Ocean,Frank Ocean,Travis Scott,featured,https://genius.com/Frank-ocean-lens-v2-lyrics,,
3876992,pending,CAROUSEL,2018,Travis Scott,Frank Ocean,Travis Scott,Frank Ocean,featured,https://genius.com/Travis-scott-carousel-lyrics,,
7945457,pending,Gang Gang Gang,,Travis Scott,French Montana,French Montana,Travis Scott,featured,https://genius.com/French-montana-gang-gang-gang-lyrics,missing_release_year,
10671892,pending,RAID,,Travis Scott,French Montana,Travis Scott,French Montana,featured,https://genius.com/Travis-scott-raid-lyrics,missing_release_year,
1784421,pending,5 Mo,2015,Travis Scott,French Montana,French Montana,Travis Scott,featured,https://genius.com/French-montana-5-mo-lyrics,,
2425254,pending,Man of My City,2016,Travis Scott,French Montana,French Montana,Travis Scott,featured,https://genius.com/French-montana-man-of-my-city-lyrics,,
3072520,pending,Jump,2017,Travis Scott,French Montana,French Montana,Travis Scott,featured,https://genius.com/French-montana-jump-lyrics,,
11239870,pending,Cinderella AI Remaster,,Travis Scott,Future,Future,Travis Scott,featured,https://genius.com/Future-and-diablo-cinderella-ai-remaster-lyrics,missing_release_year,
11599197,pending,TRIM (Original),,Travis Scott,Future,Future,Travis Scott,featured,https://genius.com/Future-trim-original-lyrics,unreleased_or_fan_edit_risk;missing_release_year,
3059601,pending,Who That?*,,Travis Scott,Future,Travis Scott,Future,featured,https://genius.com/Travis-scott-who-that-lyrics,missing_release_year,
2027385,pending,3500,2015,Travis Scott,Future,Travis Scott,Future,featured,https://genius.com/Travis-scott-3500-lyrics,,
691607,pending,High Fashion,2015,Travis Scott,Future,Travis Scott,Future,featured,https://genius.com/Travis-scott-high-fashion-lyrics,,
4230409,pending,First Off,2019,Travis Scott,Future,Future,Travis Scott,featured,https://genius.com/Future-first-off-lyrics,,
5562531,pending,Solitaires,2020,Travis Scott,Future,Future,Travis Scott,featured,https://genius.com/Future-solitaires-lyrics,,
9368456,pending,TELEKINESIS,2023,Travis Scott,Future,Travis Scott,Future,featured,https://genius.com/Travis-scott-telekinesis-lyrics,,
11416717,pending,Parade,2016,Travis Scott,Gizzle,Travis Scott,Gizzle,featured,https://genius.com/Travis-scott-parade-lyrics,,
11416569,pending,Poet (DAYS BEFORE BIRDS),2016,Travis Scott,Gizzle,Travis Scott,Gizzle,featured,https://genius.com/Travis-scott-poet-days-before-birds-lyrics,,
2848632,pending,Last Time,2016,Travis Scott,Gucci Mane,Gucci Mane,Travis Scott,featured,https://genius.com/Gucci-mane-last-time-lyrics,,
13017809,pending,TOP FLOOR (Original),,Travis Scott,Gunna,Gunna,Travis Scott,featured,https://genius.com/Gunna-top-floor-original-lyrics,unreleased_or_fan_edit_risk;missing_release_year,
3876940,pending,YOSEMITE,2018,Travis Scott,Gunna,Travis Scott,Gunna,featured,https://genius.com/Travis-scott-yosemite-lyrics,,
3878050,pending,ZOOM,2018,Travis Scott,Gunna,Travis Scott,Gunna,featured,https://genius.com/Travis-scott-zoom-lyrics,,
5592325,pending,TOP FLOOR,2020,Travis Scott,Gunna,Gunna,Travis Scott,featured,https://genius.com/Gunna-top-floor-lyrics,,
1878554,pending,Go All Night,2015,Travis Scott,Hit-Boy,Hit-Boy,Travis Scott,featured,https://genius.com/Hit-boy-go-all-night-lyrics,,
128564,pending,Enormous,2013,Travis Scott,HS87,HS87,Travis Scott,featured,https://genius.com/Hs87-enormous-lyrics,,
149629,pending,2 Fucks,2013,Travis Scott,Hustle Gang,Hustle Gang,Travis Scott,featured,https://genius.com/Hustle-gang-2-fucks-lyrics,,
156626,pending,Animal,2013,Travis Scott,Hustle Gang,Hustle Gang,Travis Scott,featured,https://genius.com/Hustle-gang-animal-lyrics,,
522093,pending,Brand New Choppa,2014,Travis Scott,Hustle Gang,Hustle Gang,Travis Scott,featured,https://genius.com/Hustle-gang-brand-new-choppa-lyrics,,
2416508,pending,Ya Digg,2014,Travis Scott,Hustle Gang,Hustle Gang,Travis Scott,featured,https://genius.com/Hustle-gang-ya-digg-lyrics,,
13730939,pending,travi$,,Travis Scott,IShowSpeed,IShowSpeed,Travis Scott,featured,https://genius.com/Ishowspeed-travi-lyrics,missing_release_year,
2470898,pending,My Ex Best Friend,,Travis Scott,James Fauntleroy,Travis Scott,James Fauntleroy,featured,https://genius.com/Travis-scott-my-ex-best-friend-lyrics,missing_release_year,
3156929,pending,Why You So Nasty?,2017,Travis Scott,Jay 305,Jay 305,Travis Scott,featured,https://genius.com/Jay-305-why-you-so-nasty-lyrics,,
5345197,pending,The Blinding,2020,Travis Scott,Jay Electronica,Jay Electronica,Travis Scott,featured,https://genius.com/Jay-electronica-the-blinding-lyrics,,
182405,pending,Crown,2013,Travis Scott,JAŸ-Z,JAŸ-Z,Travis Scott,featured,https://genius.com/Jay-z-crown-lyrics,,
2373281,pending,Try Me (Left Cheek),,Travis Scott,Jeremih,Jeremih,Travis Scott,featured,https://genius.com/Jeremih-try-me-left-cheek-lyrics,missing_release_year,
2851294,pending,Safe (Millions),2016,Travis Scott,Jeremih,Jeremih,Travis Scott,featured,https://genius.com/Jeremih-safe-millions-lyrics,,
13676550,pending,Oh Chet,2026,Travis Scott,Jey One,Jey One,Travis Scott,featured,https://genius.com/Jey-one-oh-chet-lyrics,,
10319978,pending,Lovely Intermission,2017,Travis Scott,JODYE KROSS,JODYE KROSS,Travis Scott,featured,https://genius.com/Jodye-kross-lovely-intermission-lyrics,,
11893396,pending,Purple Moncler (Travis Scott Stem),,Travis Scott,Juice WRLD,Juice WRLD,Travis Scott,featured,https://genius.com/Juice-wrld-purple-moncler-travis-scott-stem-lyrics,missing_release_year,
3876996,pending,NO BYSTANDERS,2018,Travis Scott,Juice WRLD,Travis Scott,Juice WRLD,featured,https://genius.com/Travis-scott-no-bystanders-lyrics,,
2402184,pending,No English,2016,Travis Scott,Juicy J,Juicy J,Travis Scott,featured,https://genius.com/Juicy-j-no-english-lyrics,,
3980731,pending,Neighbor,2018,Travis Scott,Juicy J,Juicy J,Travis Scott,featured,https://genius.com/Juicy-j-neighbor-lyrics,,
4780518,pending,In My Head (CyHi Reference),,Travis Scott,Justice,Travis Scott,Justice,featured,https://genius.com/Travis-scott-in-my-head-cyhi-reference-lyrics,missing_release_year,
714719,pending,Maria I’m Drunk,2015,Travis Scott,Justin Bieber,Travis Scott,Justin Bieber,featured,https://genius.com/Travis-scott-maria-im-drunk-lyrics,,
2353400,pending,No Sense,2015,Travis Scott,Justin Bieber,Justin Bieber,Travis Scott,featured,https://genius.com/Justin-bieber-no-sense-lyrics,,
5124655,pending,Second Emotion,2020,Travis Scott,Justin Bieber,Justin Bieber,Travis Scott,featured,https://genius.com/Justin-bieber-second-emotion-lyrics,,
154132,pending,Naked,2013,Travis Scott,Justin Vernon,Travis Scott,Justin Vernon,featured,https://genius.com/Travis-scott-naked-lyrics,,
9152732,pending,Naked (Full Version),2023,Travis Scott,Justin Vernon,Travis Scott,Justin Vernon,featured,https://genius.com/Travis-scott-naked-full-version-lyrics,,
5175489,pending,X2C,,Travis Scott,Justine Skye,Justine Skye,Travis Scott,featured,https://genius.com/Justine-skye-x2c-lyrics,missing_release_year,
2849842,pending,guidance,2016,Travis Scott,K. Forest,Travis Scott,K. Forest,featured,https://genius.com/Travis-scott-guidance-lyrics,,
2290813,pending,90210,2015,Travis Scott,Kacy Hill,Travis Scott,Kacy Hill,featured,https://genius.com/Travis-scott-90210-lyrics,,
4013248,pending,All I Know,2018,Travis Scott,Kamaiyah,Kamaiyah,Travis Scott,featured,https://genius.com/Kamaiyah-all-i-know-lyrics,,
11314281,pending,Can u be-Kanye west (Ultimate version),,Travis Scott,Kanyes #1 fan,Kanyes #1 fan,Travis Scott,featured,https://genius.com/Kanyes-1-fan-can-u-be-kanye-west-ultimate-version-lyrics,missing_release_year,
8022338,pending,Not That Guy,,Travis Scott,KayCyy,KayCyy,Travis Scott,featured,https://genius.com/Kaycyy-not-that-guy-lyrics,missing_release_year,
2849767,pending,goosebumps,2016,Travis Scott,Kendrick Lamar,Travis Scott,Kendrick Lamar,featured,https://genius.com/Travis-scott-goosebumps-lyrics,,
10877005,pending,goosebumps [Mixed] [Halloween V],2016,Travis Scott,Kendrick Lamar,Travis Scott,Kendrick Lamar,featured,https://genius.com/Travis-scott-goosebumps-mixed-halloween-v-lyrics,mix_or_compilation_risk,
2856357,pending,Baptized in Fire,2016,Travis Scott,Kid Cudi,Kid Cudi,Travis Scott,featured,https://genius.com/Kid-cudi-baptized-in-fire-lyrics,,
2849757,pending,through the late night,2016,Travis Scott,Kid Cudi,Travis Scott,Kid Cudi,featured,https://genius.com/Travis-scott-through-the-late-night-lyrics,,
3876990,pending,STOP TRYING TO BE GOD,2018,Travis Scott,Kid Cudi,Travis Scott,Kid Cudi,featured,https://genius.com/Travis-scott-stop-trying-to-be-god-lyrics,,
9135394,pending,AT THE PARTY,2023,Travis Scott,Kid Cudi,Kid Cudi,Travis Scott,featured,https://genius.com/Kid-cudi-at-the-party-lyrics,,
9368451,pending,LOOOVE,2023,Travis Scott,Kid Cudi,Travis Scott,Kid Cudi,featured,https://genius.com/Travis-scott-looove-lyrics,,
3427675,pending,Around Me,,Travis Scott,King Chip,King Chip,Travis Scott,featured,https://genius.com/King-chip-around-me-lyrics,missing_release_year,
88670,pending,Old English,2013,Travis Scott,King Chip,Travis Scott,King Chip,featured,https://genius.com/Travis-scott-old-english-lyrics,,
374026,pending,Neptune Estate (Travi$ Scott RMX),2014,Travis Scott,King Krule,King Krule,Travis Scott,featured,https://genius.com/King-krule-neptune-estate-travi-scott-rmx-lyrics,,
6981634,pending,Damn*,,Travis Scott,Kirko Bangz,Travis Scott,Kirko Bangz,featured,https://genius.com/Travis-scott-damn-lyrics,missing_release_year,
3229679,pending,Roll in Peace (Original),2017,Travis Scott,Kodak Black,Kodak Black,Travis Scott,featured,https://genius.com/Kodak-black-roll-in-peace-original-lyrics,unreleased_or_fan_edit_risk,
3995573,pending,ZEZE,2018,Travis Scott,Kodak Black,Kodak Black,Travis Scott,featured,https://genius.com/Kodak-black-zeze-lyrics,,
10077771,pending,Russell Westbrook,,Travis Scott,Kryptik,Kryptik,Travis Scott,featured,https://genius.com/Kryptik-russell-westbrook-lyrics,missing_release_year,
6868378,pending,Hats Off,2021,Travis Scott,Lil Baby,Lil Baby,Travis Scott,featured,https://genius.com/Lil-baby-and-lil-durk-hats-off-lyrics,,
11138088,pending,Stuff,2025,Travis Scott,Lil Baby,Lil Baby,Travis Scott,featured,https://genius.com/Lil-baby-stuff-lyrics,,
9095848,pending,Likka Sto 2,2023,Travis Scott,Lil Blessin,Lil Blessin,Travis Scott,featured,https://genius.com/Lil-blessin-and-g-herbo-likka-sto-2-lyrics,,
2280398,pending,On My Vibe,2015,Travis Scott,Lil Duke,Lil Duke,Travis Scott,featured,https://genius.com/Lil-duke-on-my-vibe-lyrics,,
10766477,pending,DIFFERENT REGIONS,,Travis Scott,Lil Skydie,Lil Skydie,Travis Scott,featured,https://genius.com/Lil-skydie-different-regions-lyrics,missing_release_year,
10766476,pending,FEEL THE SAME,,Travis Scott,Lil Skydie,Lil Skydie,Travis Scott,featured,https://genius.com/Lil-skydie-feel-the-same-lyrics,missing_release_year,
10766475,pending,UTOPIA,,Travis Scott,Lil Skydie,Lil Skydie,Travis Scott,featured,https://genius.com/Lil-skydie-utopia-lyrics,missing_release_year,
11862078,pending,Picture Me,,Travis Scott,Lil Uzi Vert,Travis Scott,Lil Uzi Vert,featured,https://genius.com/Travis-scott-picture-me-lyrics,missing_release_year,
2849846,pending,RaRa,2016,Travis Scott,Lil Uzi Vert,Travis Scott,Lil Uzi Vert,featured,https://genius.com/Travis-scott-rara-lyrics,,
11416740,pending,RaRa (DAYS BEFORE BIRDS),2016,Travis Scott,Lil Uzi Vert,Travis Scott,Lil Uzi Vert,featured,https://genius.com/Travis-scott-rara-days-before-birds-lyrics,,
3676117,pending,Watch,2018,Travis Scott,Lil Uzi Vert,Travis Scott,Lil Uzi Vert,featured,https://genius.com/Travis-scott-watch-lyrics,,
6490368,pending,Aye,2023,Travis Scott,Lil Uzi Vert,Lil Uzi Vert,Travis Scott,featured,https://genius.com/Lil-uzi-vert-aye-lyrics,,
3985354,pending,Let It Fly,2018,Travis Scott,Lil Wayne,Lil Wayne,Travis Scott,featured,https://genius.com/Lil-wayne-let-it-fly-lyrics,,
11399509,pending,I fell in love with a tragic,2019,Travis Scott,Loccoo,Loccoo,Travis Scott,featured,https://genius.com/Loccoo-i-fell-in-love-with-a-tragic-lyrics,,
3615451,pending,Vodka,2018,Travis Scott,London Jae,London Jae,Travis Scott,featured,https://genius.com/London-jae-vodka-lyrics,,
3082926,pending,White Dress,2017,Travis Scott,Louis B,Louis B,Travis Scott,featured,https://genius.com/Louis-b-white-dress-lyrics,,
365455,pending,100 Bottles,2014,Travis Scott,Low Pros,Low Pros,Travis Scott,featured,https://genius.com/Low-pros-100-bottles-lyrics,,
6836954,pending,FRANCHISE (Promo CD Version),,Travis Scott,M.I.A.,Travis Scott,M.I.A.,featured,https://genius.com/Travis-scott-franchise-promo-cd-version-lyrics,missing_release_year,
7189669,pending,I’m Good,,Travis Scott,M.I.A.,M.I.A.,Travis Scott,featured,https://genius.com/Mia-im-good-lyrics,missing_release_year,
5786497,pending,FRANCHISE,2020,Travis Scott,M.I.A.,Travis Scott,M.I.A.,featured,https://genius.com/Travis-scott-franchise-lyrics,,
11416846,pending,Uber Everywhere,2016,Travis Scott,MadeinTYO,Travis Scott,MadeinTYO,featured,https://genius.com/Travis-scott-uber-everywhere-lyrics,,
823865,pending,Night Riders,2015,Travis Scott,Major Lazer,Major Lazer,Travis Scott,featured,https://genius.com/Major-lazer-night-riders-lyrics,,
3075614,pending,Know No Better,2017,Travis Scott,Major Lazer,Major Lazer,Travis Scott,featured,https://genius.com/Major-lazer-know-no-better-lyrics,,
5580856,pending,Know no Better (Afrojack Freemix),2017,Travis Scott,Major Lazer,Major Lazer,Travis Scott,featured,https://genius.com/Major-lazer-know-no-better-afrojack-freemix-lyrics,,
10252359,pending,Know No Better [Mixed],2021,Travis Scott,Major Lazer,Major Lazer,Travis Scott,featured,https://genius.com/Major-lazer-know-no-better-mixed-lyrics,mix_or_compilation_risk,
10901321,pending,Skibidi Toilet 2,2024,Travis Scott,ManagerSpeakerReset,ManagerSpeakerReset,Travis Scott,featured,https://genius.com/Managerspeakerreset-skibidi-toilet-2-lyrics,,
10859924,pending,Super Bowl LIII Halftime Show,2019,Travis Scott,Maroon 5,Maroon 5,Travis Scott,featured,https://genius.com/Maroon-5-super-bowl-liii-halftime-show-lyrics,,
4402437,pending,The Relays,2019,Travis Scott,Maxo Kream,Maxo Kream,Travis Scott,featured,https://genius.com/Maxo-kream-the-relays-lyrics,,
5947631,pending,The Travis Scott Burger Meal | McDonald’s,2020,Travis Scott,McDonald’s,Travis Scott,McDonald’s,featured,https://genius.com/Travis-scott-the-travis-scott-burger-meal-mcdonalds-lyrics,,
2016798,pending,1 Thing About Me,,Travis Scott,Meek Mill,Travis Scott,Meek Mill,featured,https://genius.com/Travis-scott-1-thing-about-me-lyrics,missing_release_year,
4673048,pending,LEGEND IN MY HOOD*,,Travis Scott,Meek Mill,Meek Mill,Travis Scott,featured,https://genius.com/Meek-mill-legend-in-my-hood-lyrics,missing_release_year,
128449,pending,Bandz,2013,Travis Scott,Meek Mill,Travis Scott,Meek Mill,featured,https://genius.com/Travis-scott-bandz-lyrics,,
228995,pending,I’m Leanin’,2013,Travis Scott,Meek Mill,Meek Mill,Travis Scott,featured,https://genius.com/Meek-mill-im-leanin-lyrics,,
1866016,pending,Miss My Dawgs,2015,Travis Scott,Meek Mill,Meek Mill,Travis Scott,featured,https://genius.com/Meek-mill-miss-my-dawgs-lyrics,,
9778265,pending,Redzone*,,Travis Scott,Metro Boomin,Metro Boomin,Travis Scott,featured,https://genius.com/Metro-boomin-redzone-lyrics,missing_release_year,
5704587,pending,Space Cadet (OG),,Travis Scott,Metro Boomin,Metro Boomin,Travis Scott,featured,https://genius.com/Metro-boomin-space-cadet-og-lyrics,missing_release_year,
9104119,pending,TIL FURTHER NOTICE (Original),,Travis Scott,Metro Boomin,Metro Boomin,Travis Scott,featured,https://genius.com/Metro-boomin-til-further-notice-original-lyrics,unreleased_or_fan_edit_risk;missing_release_year,
686458,pending,Blue Pill,2017,Travis Scott,Metro Boomin,Metro Boomin,Travis Scott,featured,https://genius.com/Metro-boomin-blue-pill-lyrics,,
4061274,pending,Dreamcatcher,2018,Travis Scott,Metro Boomin,Metro Boomin,Travis Scott,featured,https://genius.com/Metro-boomin-dreamcatcher-lyrics,,
4061288,pending,No More,2018,Travis Scott,Metro Boomin,Metro Boomin,Travis Scott,featured,https://genius.com/Metro-boomin-no-more-lyrics,,
4061279,pending,Only 1 (Interlude),2018,Travis Scott,Metro Boomin,Metro Boomin,Travis Scott,featured,https://genius.com/Metro-boomin-only-1-interlude-lyrics,,
4061271,pending,Overdue,2018,Travis Scott,Metro Boomin,Metro Boomin,Travis Scott,featured,https://genius.com/Metro-boomin-overdue-lyrics,,
4061278,pending,Up to Something,2018,Travis Scott,Metro Boomin,Metro Boomin,Travis Scott,featured,https://genius.com/Metro-boomin-up-to-something-lyrics,,
3766292,pending,No Cap,,Travis Scott,Migos,Migos,Travis Scott,featured,https://genius.com/Migos-no-cap-lyrics,missing_release_year,
4950813,pending,Speaking of the Devil,,Travis Scott,Migos,Migos,Travis Scott,featured,https://genius.com/Migos-speaking-of-the-devil-lyrics,missing_release_year,
499838,pending,Sloppy Toppy,2014,Travis Scott,Migos,Travis Scott,Migos,featured,https://genius.com/Travis-scott-sloppy-toppy-lyrics,,
2928515,pending,.Wav Radio Freestyle,2016,Travis Scott,Migos,Migos,Travis Scott,featured,https://genius.com/Migos-wav-radio-freestyle-lyrics,,
2948961,pending,Kelly Price,2017,Travis Scott,Migos,Migos,Travis Scott,featured,https://genius.com/Migos-kelly-price-lyrics,,
3468920,pending,White Sand,2018,Travis Scott,Migos,Migos,Travis Scott,featured,https://genius.com/Migos-white-sand-lyrics,,
5077162,pending,Give No Fxk,2020,Travis Scott,Migos,Migos,Travis Scott,featured,https://genius.com/Migos-give-no-fxk-lyrics,,
4657522,pending,Waves (OG),,Travis Scott,Miguel,Miguel,Travis Scott,featured,https://genius.com/Miguel-waves-og-lyrics,missing_release_year,
2475117,pending,Party Till,,Travis Scott,Mustard,Mustard,Travis Scott,featured,https://genius.com/Mustard-party-till-lyrics,missing_release_year,
3878829,pending,Dangerous World,2018,Travis Scott,Mustard,Mustard,Travis Scott,featured,https://genius.com/Mustard-dangerous-world-lyrics,,
7782577,pending,Nardwuar vs. Travis Scott,2015,Travis Scott,Nardwuar the Human Serviette,Nardwuar the Human Serviette,Travis Scott,featured,https://genius.com/Nardwuar-the-human-serviette-nardwuar-vs-travis-scott-annotated,annotation_or_non_song_risk,
11660204,pending,BURBS (Original),,Travis Scott,NAV,NAV,Travis Scott,featured,https://genius.com/Nav-burbs-original-lyrics,unreleased_or_fan_edit_risk;missing_release_year,
9987094,pending,Hit the Door*,,Travis Scott,NAV,NAV,Travis Scott,featured,https://genius.com/Nav-hit-the-door-lyrics,missing_release_year,
2849762,pending,beibs in the trap,2016,Travis Scott,NAV,Travis Scott,NAV,featured,https://genius.com/Travis-scott-beibs-in-the-trap-lyrics,,
3876940,pending,YOSEMITE,2018,Travis Scott,NAV,Travis Scott,NAV,featured,https://genius.com/Travis-scott-yosemite-lyrics,,
5206975,pending,Turks,2020,Travis Scott,NAV,NAV,Travis Scott,featured,https://genius.com/Nav-and-gunna-turks-lyrics,,
8213123,pending,Never Sleep,2022,Travis Scott,NAV,NAV,Travis Scott,featured,https://genius.com/Nav-and-lil-baby-never-sleep-lyrics,,
8790799,pending,Never Sleep [Mixed],2023,Travis Scott,NAV,NAV,Travis Scott,featured,https://genius.com/Nav-and-lil-baby-never-sleep-mixed-lyrics,mix_or_compilation_risk,
9816290,pending,Regret You,,Travis Scott,Nicki Minaj,Nicki Minaj,Travis Scott,featured,https://genius.com/Nicki-minaj-regret-you-lyrics,missing_release_year,
10272409,pending,FTCU (SLEEZEMIX),2024,Travis Scott,Nicki Minaj,Nicki Minaj,Travis Scott,featured,https://genius.com/Nicki-minaj-ftcu-sleezemix-lyrics,,
10322749,pending,Extra,,Travis Scott,Offset,Travis Scott,Offset,featured,https://genius.com/Travis-scott-extra-lyrics,missing_release_year,
5549286,pending,Playing For Keeps*,,Travis Scott,Offset,Offset,Travis Scott,featured,https://genius.com/Offset-playing-for-keeps-lyrics,missing_release_year,
4333865,pending,Legacy,2019,Travis Scott,Offset,Offset,Travis Scott,featured,https://genius.com/Offset-legacy-lyrics,,
8990872,pending,SAY MY GRACE,2023,Travis Scott,Offset,Offset,Travis Scott,featured,https://genius.com/Offset-say-my-grace-lyrics,,
9914898,pending,SAY MY GRACE (Slowed),2023,Travis Scott,Offset,Offset,Travis Scott,featured,https://genius.com/Offset-say-my-grace-slowed-lyrics,,
9914897,pending,SAY MY GRACE (Sped Up),2023,Travis Scott,Offset,Offset,Travis Scott,featured,https://genius.com/Offset-say-my-grace-sped-up-lyrics,,
2462597,pending,Freestyle in Joc Studio,2008,Travis Scott,OG CHE$$,Travis Scott,OG CHE$$,featured,https://genius.com/Travis-scott-freestyle-in-joc-studio-lyrics,,
2829210,pending,Hot Sauce (Version 1),,Travis Scott,PARTYNEXTDOOR,Travis Scott,PARTYNEXTDOOR,featured,https://genius.com/Travis-scott-hot-sauce-version-1-lyrics,missing_release_year,
604004,pending,JUS KNOW,2014,Travis Scott,PARTYNEXTDOOR,PARTYNEXTDOOR,Travis Scott,featured,https://genius.com/Partynextdoor-jus-know-lyrics,,
2263710,pending,No Feelings,2015,Travis Scott,PARTYNEXTDOOR,PARTYNEXTDOOR,Travis Scott,featured,https://genius.com/Partynextdoor-no-feelings-lyrics,,
691606,pending,Nothing But Net,2015,Travis Scott,PARTYNEXTDOOR,Travis Scott,PARTYNEXTDOOR,featured,https://genius.com/Travis-scott-nothing-but-net-lyrics,,
153929,pending,Dance on the Moon,2013,Travis Scott,Paul Wall,Travis Scott,Paul Wall,featured,https://genius.com/Travis-scott-dance-on-the-moon-lyrics,,
499838,pending,Sloppy Toppy,2014,Travis Scott,Peewee Longway,Travis Scott,Peewee Longway,featured,https://genius.com/Travis-scott-sloppy-toppy-lyrics,,
3876988,pending,SKELETONS,2018,Travis Scott,Pharrell Williams,Travis Scott,Pharrell Williams,featured,https://genius.com/Travis-scott-skeletons-lyrics,,
3876990,pending,STOP TRYING TO BE GOD,2018,Travis Scott,Philip Bailey,Travis Scott,Philip Bailey,featured,https://genius.com/Travis-scott-stop-trying-to-be-god-lyrics,,
5528536,pending,2019 Grammys Performance,2019,Travis Scott,Philip Bailey,Travis Scott,Philip Bailey,featured,https://genius.com/Travis-scott-2019-grammys-performance-lyrics,,
2480472,pending,She Love Me,2016,Travis Scott,Philly Swain,Philly Swain,Travis Scott,featured,https://genius.com/Philly-swain-she-love-me-lyrics,,
5587167,pending,Love Me Love Me Love Me,2020,Travis Scott,Philly Swain,Philly Swain,Travis Scott,featured,https://genius.com/Philly-swain-love-me-love-me-love-me-lyrics,,
11131419,pending,Don’t Make Me Run*,,Travis Scott,Playboi Carti,Travis Scott,Playboi Carti,featured,https://genius.com/Travis-scott-dont-make-me-run-lyrics,missing_release_year,
9548207,pending,FE!N (Dolby Atmos),,Travis Scott,Playboi Carti,Travis Scott,Playboi Carti,featured,https://genius.com/Travis-scott-fe-n-dolby-atmos-lyrics,missing_release_year,
11706791,pending,FE!N (STUDIO SNIPPET),,Travis Scott,Playboi Carti,Travis Scott,Playboi Carti,featured,https://genius.com/Travis-scott-fe-n-studio-snippet-lyrics,missing_release_year,
10758330,pending,Green & Purple (Version 6),,Travis Scott,Playboi Carti,Travis Scott,Playboi Carti,featured,https://genius.com/Travis-scott-green-and-purple-version-6-lyrics,missing_release_year,
9353525,pending,HOUDINI (Original),,Travis Scott,Playboi Carti,Travis Scott,Playboi Carti,featured,https://genius.com/Travis-scott-houdini-original-lyrics,unreleased_or_fan_edit_risk;missing_release_year,
9518567,pending,Problem Child,,Travis Scott,Playboi Carti,Playboi Carti,Travis Scott,featured,https://genius.com/Playboi-carti-problem-child-lyrics,missing_release_year,
8247476,pending,Rockstar Made (Original),,Travis Scott,Playboi Carti,Playboi Carti,Travis Scott,featured,https://genius.com/Playboi-carti-rockstar-made-original-lyrics,unreleased_or_fan_edit_risk;missing_release_year,
13512749,pending,WHERE WAS YOU (Original),,Travis Scott,Playboi Carti,Travis Scott,Playboi Carti,featured,https://genius.com/Travis-scott-where-was-you-original-lyrics,unreleased_or_fan_edit_risk;missing_release_year,
3089179,pending,Green & Purple,2017,Travis Scott,Playboi Carti,Travis Scott,Playboi Carti,featured,https://genius.com/Travis-scott-green-and-purple-lyrics,,
3878088,pending,Houdini,2018,Travis Scott,Playboi Carti,Travis Scott,Playboi Carti,featured,https://genius.com/Travis-scott-houdini-lyrics,,
3690775,pending,Love Hurts,2018,Travis Scott,Playboi Carti,Playboi Carti,Travis Scott,featured,https://genius.com/Playboi-carti-love-hurts-lyrics,,
9368459,pending,FE!N,2023,Travis Scott,Playboi Carti,Travis Scott,Playboi Carti,featured,https://genius.com/Travis-scott-fe-n-lyrics,,
9368948,pending,FE!N (First Edition Version),2023,Travis Scott,Playboi Carti,Travis Scott,Playboi Carti,featured,https://genius.com/Travis-scott-fe-n-first-edition-version-lyrics,,
13376286,pending,JACKKKK X VAMMMP,2024,Travis Scott,Playboi Carti,Playboi Carti,Travis Scott,featured,https://genius.com/Playboi-carti-jackkkk-x-vammmp-lyrics,,
10226289,pending,We Got Too High,2024,Travis Scott,Please Don’t Destroy,Please Don’t Destroy,Travis Scott,featured,https://genius.com/Please-dont-destroy-we-got-too-high-lyrics,,
102626,pending,Blocka La Flame,2012,Travis Scott,Popcaan,Travis Scott,Popcaan,featured,https://genius.com/Travis-scott-blocka-la-flame-lyrics,,
4839109,pending,Take What You Want,2019,Travis Scott,Post Malone,Post Malone,Travis Scott,featured,https://genius.com/Post-malone-take-what-you-want-lyrics,,
12125592,pending,Take What You Want (Extended Version),2020,Travis Scott,Post Malone,Post Malone,Travis Scott,featured,https://genius.com/Post-malone-take-what-you-want-extended-version-lyrics,,
2383406,pending,Palm Trees,2015,Travis Scott,Preme,Preme,Travis Scott,featured,https://genius.com/Preme-palm-trees-lyrics,,
101216,pending,Blocka,2013,Travis Scott,Pusha T,Pusha T,Travis Scott,featured,https://genius.com/Pusha-t-blocka-lyrics,,
4777047,pending,Bless Em,2019,Travis Scott,Quality Control,Quality Control,Travis Scott,featured,https://genius.com/Quality-control-and-takeoff-bless-em-lyrics,,
4216719,pending,Migo Gang,,Travis Scott,Quavo,Quavo,Travis Scott,featured,https://genius.com/Quavo-migo-gang-lyrics,missing_release_year,
2290819,pending,Oh My Dis Side,2015,Travis Scott,Quavo,Travis Scott,Quavo,featured,https://genius.com/Travis-scott-oh-my-dis-side-lyrics,,
2894281,pending,RERUN,2018,Travis Scott,Quavo,Quavo,Travis Scott,featured,https://genius.com/Quavo-rerun-lyrics,,
3876998,pending,WHO? WHAT!,2018,Travis Scott,Quavo,Travis Scott,Quavo,featured,https://genius.com/Travis-scott-who-what-lyrics,,
2829210,pending,Hot Sauce (Version 1),,Travis Scott,Quentin Miller,Travis Scott,Quentin Miller,featured,https://genius.com/Travis-scott-hot-sauce-version-1-lyrics,missing_release_year,
3957352,pending,"Left Cheek, Right Cheek",,Travis Scott,Quentin Miller,Travis Scott,Quentin Miller,featured,https://genius.com/Travis-scott-left-cheek-right-cheek-lyrics,missing_release_year,
2855533,pending,What’s Next,,Travis Scott,Quentin Miller,Travis Scott,Quentin Miller,featured,https://genius.com/Travis-scott-whats-next-lyrics,missing_release_year,
6080485,pending,HOLD UP,,Travis Scott,Rae Sremmurd,Rae Sremmurd,Travis Scott,featured,https://genius.com/Rae-sremmurd-hold-up-lyrics,missing_release_year,
3538533,pending,CLOSE,2018,Travis Scott,Rae Sremmurd,Rae Sremmurd,Travis Scott,featured,https://genius.com/Rae-sremmurd-swae-lee-and-slim-jxmmi-close-lyrics,,
2868200,pending,"Travis Scott Takes Over Hot 97 in the AM to Talk New Album, Kid Cudi, and Cruel Winter!",2016,Travis Scott,Real Late with Peter Rosenberg,Real Late with Peter Rosenberg,Travis Scott,featured,https://genius.com/Real-late-with-peter-rosenberg-travis-scott-takes-over-hot-97-in-the-am-to-talk-new-album-kid-cudi-and-cruel-winter-lyrics,,
499835,pending,Mamacita,2014,Travis Scott,Rich Homie Quan,Travis Scott,Rich Homie Quan,featured,https://genius.com/Travis-scott-mamacita-lyrics,,
2953594,pending,You Watchin*,,Travis Scott,Rich The Kid,Rich The Kid,Travis Scott,featured,https://genius.com/Rich-the-kid-you-watchin-lyrics,missing_release_year,
9368460,pending,TOPIA TWINS,2023,Travis Scott,Rob49,Travis Scott,Rob49,featured,https://genius.com/Travis-scott-topia-twins-lyrics,,
8773708,pending,AEIO,,Travis Scott,Roddy Ricch,Roddy Ricch,Travis Scott,featured,https://genius.com/Roddy-ricch-aeio-lyrics,missing_release_year,
10209411,pending,Big Champ,,Travis Scott,Roddy Ricch,Roddy Ricch,Travis Scott,featured,https://genius.com/Roddy-ricch-big-champ-lyrics,missing_release_year,
11103438,pending,How You Feel/Pick Your Brain [V2],,Travis Scott,Roddy Ricch,Roddy Ricch,Travis Scott,featured,https://genius.com/Roddy-ricch-how-you-feel-pick-your-brain-v2-lyrics,unreleased_or_fan_edit_risk;missing_release_year,
5331789,pending,I Don’t Know*,,Travis Scott,Roddy Ricch,Roddy Ricch,Travis Scott,featured,https://genius.com/Roddy-ricch-i-dont-know-lyrics,missing_release_year,
11301784,pending,NIN,,Travis Scott,S.Black Boi,S.Black Boi,Travis Scott,featured,https://genius.com/Sblack-boi-nin-lyrics,missing_release_year,
5080508,pending,Texas Cyclone,2019,Travis Scott,Sauce Walka,Sauce Walka,Travis Scott,featured,https://genius.com/Sauce-walka-texas-cyclone-lyrics,,
10557903,pending,Money Counter,2024,Travis Scott,Sauce Walka,Sauce Walka,Travis Scott,featured,https://genius.com/Sauce-walka-money-counter-lyrics,,
2292711,pending,Ok Alright,2015,Travis Scott,ScHoolboy Q,Travis Scott,ScHoolboy Q,featured,https://genius.com/Travis-scott-ok-alright-lyrics,,
10746348,pending,Untitled*,,Travis Scott,Sexyy Red,Sexyy Red,Travis Scott,featured,https://genius.com/Sexyy-red-untitled-lyrics,missing_release_year,
3876996,pending,NO BYSTANDERS,2018,Travis Scott,Sheck Wes,Travis Scott,Sheck Wes,featured,https://genius.com/Travis-scott-no-bystanders-lyrics,,
9368948,pending,FE!N (First Edition Version),2023,Travis Scott,Sheck Wes,Travis Scott,Sheck Wes,featured,https://genius.com/Travis-scott-fe-n-first-edition-version-lyrics,,
3253905,pending,Fingers Blue,2017,Travis Scott,Smokepurpp,Smokepurpp,Travis Scott,featured,https://genius.com/Smokepurpp-fingers-blue-lyrics,,
7208298,pending,Hold That Heat,2022,Travis Scott,Southside,Southside,Travis Scott,featured,https://genius.com/Southside-and-future-hold-that-heat-lyrics,,
13607458,pending,Hi So Hi,2016,Travis Scott,Spuf Don,Spuf Don,Travis Scott,featured,https://genius.com/Spuf-don-hi-so-hi-lyrics,,
13607250,pending,I’m Suppa Good,2016,Travis Scott,Spuf Don,Spuf Don,Travis Scott,featured,https://genius.com/Spuf-don-im-suppa-good-lyrics,,
13607565,pending,Tree House,2016,Travis Scott,Spuf Don,Spuf Don,Travis Scott,featured,https://genius.com/Spuf-don-tree-house-lyrics,,
13607557,pending,We Starz!,2016,Travis Scott,Spuf Don,Spuf Don,Travis Scott,featured,https://genius.com/Spuf-don-we-starz-lyrics,,
3831347,pending,Don’t Bother*,,Travis Scott,Stevie Wonder,Travis Scott,Stevie Wonder,featured,https://genius.com/Travis-scott-dont-bother-lyrics,missing_release_year,
9926773,pending,CR@SH,2024,Travis Scott,Strick,Strick,Travis Scott,featured,https://genius.com/Strick-cr-sh-lyrics,,
5108962,pending,Another Check (Go Off Travis Solo),,Travis Scott,Surf Club,Surf Club,Travis Scott,featured,https://genius.com/Surf-club-another-check-go-off-travis-solo-lyrics,missing_release_year,
2336555,pending,Go Off,2015,Travis Scott,Surf Club,Surf Club,Travis Scott,featured,https://genius.com/Surf-club-go-off-lyrics,,
7245412,pending,In My Bed,,Travis Scott,Swae Lee,Travis Scott,Swae Lee,featured,https://genius.com/Travis-scott-in-my-bed-lyrics,missing_release_year,
4780518,pending,In My Head (CyHi Reference),,Travis Scott,Swae Lee,Travis Scott,Swae Lee,featured,https://genius.com/Travis-scott-in-my-head-cyhi-reference-lyrics,missing_release_year,
9302312,pending,Indo*,,Travis Scott,Swae Lee,Swae Lee,Travis Scott,featured,https://genius.com/Swae-lee-indo-lyrics,missing_release_year,
2290794,pending,Nightcrawler,2015,Travis Scott,Swae Lee,Travis Scott,Swae Lee,featured,https://genius.com/Travis-scott-nightcrawler-lyrics,,
3876995,pending,R.I.P. SCREW,2018,Travis Scott,Swae Lee,Travis Scott,Swae Lee,featured,https://genius.com/Travis-scott-rip-screw-lyrics,,
9368448,pending,CIRCUS MAXIMUS,2023,Travis Scott,Swae Lee,Travis Scott,Swae Lee,featured,https://genius.com/Travis-scott-circus-maximus-lyrics,,
8819202,pending,Love Galore (Version 2),,Travis Scott,SZA,SZA,Travis Scott,featured,https://genius.com/Sza-love-galore-version-2-lyrics,missing_release_year,
11046462,pending,Love Galore (Version 1),2016,Travis Scott,SZA,SZA,Travis Scott,featured,https://genius.com/Sza-love-galore-version-1-lyrics,,
2920194,pending,Love Galore,2017,Travis Scott,SZA,SZA,Travis Scott,featured,https://genius.com/Sza-love-galore-lyrics,,
8616833,pending,Open Arms,2022,Travis Scott,SZA,SZA,Travis Scott,featured,https://genius.com/Sza-open-arms-lyrics,,
9368456,pending,TELEKINESIS,2023,Travis Scott,SZA,Travis Scott,SZA,featured,https://genius.com/Travis-scott-telekinesis-lyrics,,
134772,pending,Upper Echelon,2013,Travis Scott,T.I.,Travis Scott,T.I.,featured,https://genius.com/Travis-scott-upper-echelon-lyrics,,
9646532,pending,Upper Echelon (Owl Pharaoh Version),2013,Travis Scott,T.I.,Travis Scott,T.I.,featured,https://genius.com/Travis-scott-upper-echelon-owl-pharaoh-version-lyrics,,
357143,pending,Hell You Saying,2014,Travis Scott,T.I.,T.I.,Travis Scott,featured,https://genius.com/Ti-hell-you-saying-lyrics,,
499828,pending,Quintana Pt. 2,2014,Travis Scott,T.I.,Travis Scott,T.I.,featured,https://genius.com/Travis-scott-quintana-pt-2-lyrics,,
3876998,pending,WHO? WHAT!,2018,Travis Scott,Takeoff,Travis Scott,Takeoff,featured,https://genius.com/Travis-scott-who-what-lyrics,,
3876988,pending,SKELETONS,2018,Travis Scott,Tame Impala,Travis Scott,Tame Impala,featured,https://genius.com/Travis-scott-skeletons-lyrics,,
711352,pending,Trippin’ On Me,2015,Travis Scott,TBHits,TBHits,Travis Scott,featured,https://genius.com/Tbhits-trippin-on-me-lyrics,,
9368453,pending,MODERN JAM,2023,Travis Scott,Teezo Touchdown,Travis Scott,Teezo Touchdown,featured,https://genius.com/Travis-scott-modern-jam-lyrics,,
9480368,pending,MODERN JAM (Mixed),2023,Travis Scott,Teezo Touchdown,Travis Scott,Teezo Touchdown,featured,https://genius.com/Travis-scott-modern-jam-mixed-lyrics,mix_or_compilation_risk,
389895,pending,Don’t Play,2014,Travis Scott,The 1975,Travis Scott,The 1975,featured,https://genius.com/Travis-scott-dont-play-lyrics,,
1741913,pending,No Fear,,Travis Scott,The FADER,The FADER,Travis Scott,featured,https://genius.com/The-fader-no-fear-annotated,annotation_or_non_song_risk;missing_release_year,
12665840,pending,CHAMPIONS,,Travis Scott,The Pastelle Collective (Yedits),The Pastelle Collective (Yedits),Travis Scott,featured,https://genius.com/The-pastelle-collective-yedits-champions-lyrics,unreleased_or_fan_edit_risk;missing_release_year,
2291102,pending,Pray 4 Love,2015,Travis Scott,The Weeknd,Travis Scott,The Weeknd,featured,https://genius.com/Travis-scott-pray-4-love-lyrics,,
2399227,pending,wonderful,2015,Travis Scott,The Weeknd,Travis Scott,The Weeknd,featured,https://genius.com/Travis-scott-wonderful-lyrics,,
3876988,pending,SKELETONS,2018,Travis Scott,The Weeknd,Travis Scott,The Weeknd,featured,https://genius.com/Travis-scott-skeletons-lyrics,,
3876997,pending,WAKE UP,2018,Travis Scott,The Weeknd,Travis Scott,The Weeknd,featured,https://genius.com/Travis-scott-wake-up-lyrics,,
9368448,pending,CIRCUS MAXIMUS,2023,Travis Scott,The Weeknd,Travis Scott,The Weeknd,featured,https://genius.com/Travis-scott-circus-maximus-lyrics,,
11782346,pending,I Don’t Know,2023,Travis Scott,The Weeknd,Travis Scott,The Weeknd,featured,https://genius.com/Travis-scott-and-juice-wrld-i-dont-know-lyrics,,
9175638,pending,K-POP,2023,Travis Scott,The Weeknd,Travis Scott,The Weeknd,featured,https://genius.com/Travis-scott-k-pop-lyrics,,
153929,pending,Dance on the Moon,2013,Travis Scott,Theophilus London,Travis Scott,Theophilus London,featured,https://genius.com/Travis-scott-dance-on-the-moon-lyrics,,
7873857,pending,Fantom,,Travis Scott,Tinashe,Tinashe,Travis Scott,featured,https://genius.com/Tinashe-fantom-lyrics,missing_release_year,
271026,pending,Vulnerable,2013,Travis Scott,Tinashe,Tinashe,Travis Scott,featured,https://genius.com/Tinashe-vulnerable-lyrics,,
154130,pending,Chaz Interlude,2013,Travis Scott,Toro y Moi,Travis Scott,Toro y Moi,featured,https://genius.com/Travis-scott-chaz-interlude-lyrics,,
2290810,pending,Flying High,2015,Travis Scott,Toro y Moi,Travis Scott,Toro y Moi,featured,https://genius.com/Travis-scott-flying-high-lyrics,,
2413991,pending,Trap in Mexico,,Travis Scott,Trae tha Truth,Trae tha Truth,Travis Scott,featured,https://genius.com/Trae-tha-truth-trap-in-mexico-lyrics,missing_release_year,
444779,pending,Fuck & Smoke,2014,Travis Scott,Trav,Trav,Travis Scott,featured,https://genius.com/Trav-fuck-and-smoke-lyrics,,
8570764,pending,2 Many Chances,2018,Travis Scott,TrayDaySADD,TrayDaySADD,Travis Scott,featured,https://genius.com/Traydaysadd-2-many-chances-lyrics,,
8657727,pending,I Been Trill,,Travis Scott,Treated Crew,Treated Crew,Travis Scott,featured,https://genius.com/Treated-crew-i-been-trill-lyrics,missing_release_year,
191232,pending,$hut Up!!!,2013,Travis Scott,Trinidad James,Trinidad James,Travis Scott,featured,https://genius.com/Trinidad-james-hut-up-lyrics,,
360730,pending,Batman,2014,Travis Scott,Trinidad James,Trinidad James,Travis Scott,featured,https://genius.com/Trinidad-james-batman-lyrics,,
3323370,pending,Dark Knight Dummo,2017,Travis Scott,Trippie Redd,Trippie Redd,Travis Scott,featured,https://genius.com/Trippie-redd-dark-knight-dummo-lyrics,,
4643381,pending,Hot Sauce (Version 2),,Travis Scott,Ty Dolla $ign,Travis Scott,Ty Dolla $ign,featured,https://genius.com/Travis-scott-hot-sauce-version-2-lyrics,missing_release_year,
3964415,pending,Regular,,Travis Scott,Ty Dolla $ign,Ty Dolla $ign,Travis Scott,featured,https://genius.com/Ty-dolla-sign-regular-lyrics,missing_release_year,
2475121,pending,3 Wayz,2016,Travis Scott,Ty Dolla $ign,Ty Dolla $ign,Travis Scott,featured,https://genius.com/Ty-dolla-sign-3-wayz-lyrics,,
11446903,pending,MIXED EMOTIONS,2025,Travis Scott,Ty Dolla $ign,Ty Dolla $ign,Travis Scott,featured,https://genius.com/Ty-dolla-sign-mixed-emotions-lyrics,mix_or_compilation_risk,
2841499,pending,No Limit (G-Mix),2016,Travis Scott,USHER,USHER,Travis Scott,featured,https://genius.com/Usher-no-limit-g-mix-lyrics,,
132660,pending,Quintana,2013,Travis Scott,Wale,Travis Scott,Wale,featured,https://genius.com/Travis-scott-quintana-lyrics,,
11416397,pending,Fish N Grits,2016,Travis Scott,Wale,Travis Scott,Wale,featured,https://genius.com/Travis-scott-fish-n-grits-lyrics,,
2851126,pending,Fish n Grits,2017,Travis Scott,Wale,Wale,Travis Scott,featured,https://genius.com/Wale-fish-n-grits-lyrics,,
12152159,pending,Collision*,2026,Travis Scott,Wallie the Sensei,Wallie the Sensei,Travis Scott,featured,https://genius.com/Wallie-the-sensei-collision-lyrics,,
9368885,pending,LOST FOREVER (Original),,Travis Scott,Westside Gunn,Travis Scott,Westside Gunn,featured,https://genius.com/Travis-scott-lost-forever-original-lyrics,unreleased_or_fan_edit_risk;missing_release_year,
6503347,pending,LOST FOREVER,2023,Travis Scott,Westside Gunn,Travis Scott,Westside Gunn,featured,https://genius.com/Travis-scott-lost-forever-lyrics,,
3817162,pending,Pack Loud,,Travis Scott,Wiz Khalifa,Wiz Khalifa,Travis Scott,featured,https://genius.com/Wiz-khalifa-pack-loud-lyrics,missing_release_year,
2304247,pending,Bake Sale,2016,Travis Scott,Wiz Khalifa,Wiz Khalifa,Travis Scott,featured,https://genius.com/Wiz-khalifa-bake-sale-lyrics,,
143562,pending,XXL Freshmen 2013 Cypher - Part 1,2013,Travis Scott,XXL,XXL,Travis Scott,featured,https://genius.com/Xxl-xxl-freshmen-2013-cypher-part-1-lyrics,,
10856696,pending,PABLO (2022 G.O.O.D. Fridays Mix),,Travis Scott,Ye,Ye,Travis Scott,featured,https://genius.com/Ye-pablo-2022-good-fridays-mix-lyrics,missing_release_year,
11491705,pending,PABLO (Post-2.22.22),,Travis Scott,Ye,Ye,Travis Scott,featured,https://genius.com/Ye-pablo-post-22222-lyrics,missing_release_year,
9008407,pending,PABLO [V38],,Travis Scott,Ye,Ye,Travis Scott,featured,https://genius.com/Ye-pablo-v38-lyrics,unreleased_or_fan_edit_risk;missing_release_year,
5094087,pending,PABLO,2025,Travis Scott,Ye,Ye,Travis Scott,featured,https://genius.com/Ye-pablo-lyrics,,
13321028,pending,U COULD [v5],,Travis Scott,Yeat,Yeat,Travis Scott,featured,https://genius.com/Yeat-u-could-v5-lyrics,unreleased_or_fan_edit_risk;missing_release_year,
12263045,pending,CALL ME TRAVIS SCOTT THE WAY I JACKBOYS,,Travis Scott,Yeezy Travis,Yeezy Travis,Travis Scott,featured,https://genius.com/Yeezy-travis-call-me-travis-scott-the-way-i-jackboys-lyrics,missing_release_year,
6100435,pending,Diamonds Dancing,2021,Travis Scott,Young Stoner Life,Young Stoner Life,Travis Scott,featured,https://genius.com/Young-stoner-life-young-thug-and-gunna-diamonds-dancing-lyrics,,
6836954,pending,FRANCHISE (Promo CD Version),,Travis Scott,Young Thug,Travis Scott,Young Thug,featured,https://genius.com/Travis-scott-franchise-promo-cd-version-lyrics,missing_release_year,
2399215,pending,Ooo Nana,,Travis Scott,Young Thug,Travis Scott,Young Thug,featured,https://genius.com/Travis-scott-ooo-nana-lyrics,missing_release_year,
13078159,pending,Reflex,,Travis Scott,Young Thug,Young Thug,Travis Scott,featured,https://genius.com/Young-thug-reflex-lyrics,missing_release_year,
691613,pending,Rodeo Tour Dates,,Travis Scott,Young Thug,Travis Scott,Young Thug,featured,https://genius.com/Travis-scott-rodeo-tour-dates-lyrics,missing_release_year,
4634049,pending,Yeah Yeah (Later Mix),,Travis Scott,Young Thug,Young Thug,Travis Scott,featured,https://genius.com/Young-thug-yeah-yeah-later-mix-lyrics,missing_release_year,
499835,pending,Mamacita,2014,Travis Scott,Young Thug,Travis Scott,Young Thug,featured,https://genius.com/Travis-scott-mamacita-lyrics,,
499824,pending,Skyfall,2014,Travis Scott,Young Thug,Travis Scott,Young Thug,featured,https://genius.com/Travis-scott-skyfall-lyrics,,
714719,pending,Maria I’m Drunk,2015,Travis Scott,Young Thug,Travis Scott,Young Thug,featured,https://genius.com/Travis-scott-maria-im-drunk-lyrics,,
691606,pending,Nothing But Net,2015,Travis Scott,Young Thug,Travis Scott,Young Thug,featured,https://genius.com/Travis-scott-nothing-but-net-lyrics,,
2837942,pending,Floyd Mayweather,2016,Travis Scott,Young Thug,Young Thug,Travis Scott,featured,https://genius.com/Young-thug-floyd-mayweather-lyrics,,
11416484,pending,Ooo NaNa (DAYS BEFORE BIRDS),2016,Travis Scott,Young Thug,Travis Scott,Young Thug,featured,https://genius.com/Travis-scott-ooo-nana-days-before-birds-lyrics,,
11416857,pending,Yeah Yeah (DAYS BEFORE BIRDS),2016,Travis Scott,Young Thug,Travis Scott,Young Thug,featured,https://genius.com/Travis-scott-yeah-yeah-days-before-birds-lyrics,,
2447082,pending,Yeah Yeah (Original),2016,Travis Scott,Young Thug,Young Thug,Travis Scott,featured,https://genius.com/Young-thug-yeah-yeah-original-lyrics,unreleased_or_fan_edit_risk,
5113916,pending,Hop Off a Jet,2019,Travis Scott,Young Thug,Young Thug,Travis Scott,featured,https://genius.com/Young-thug-hop-off-a-jet-lyrics,,
4549336,pending,The London,2019,Travis Scott,Young Thug,Young Thug,Travis Scott,featured,https://genius.com/Young-thug-the-london-lyrics,,
5786497,pending,FRANCHISE,2020,Travis Scott,Young Thug,Travis Scott,Young Thug,featured,https://genius.com/Travis-scott-franchise-lyrics,,
7290862,pending,Bubbly,2021,Travis Scott,Young Thug,Young Thug,Travis Scott,featured,https://genius.com/Young-thug-bubbly-lyrics,,
9263160,pending,Abracadabra,2023,Travis Scott,Young Thug,Young Thug,Travis Scott,featured,https://genius.com/Young-thug-abracadabra-lyrics,,
9368463,pending,SKITZO,2023,Travis Scott,Young Thug,Travis Scott,Young Thug,featured,https://genius.com/Travis-scott-skitzo-lyrics,,
9263034,pending,Wit Da Racks,2023,Travis Scott,Young Thug,Young Thug,Travis Scott,featured,https://genius.com/Young-thug-wit-da-racks-lyrics,,
10822532,pending,Too Many Options,2024,Travis Scott,Young Thug,Travis Scott,Young Thug,featured,https://genius.com/Travis-scott-too-many-options-lyrics,,
10798011,pending,Yeah Yeah,2024,Travis Scott,Young Thug,Travis Scott,Young Thug,featured,https://genius.com/Travis-scott-yeah-yeah-lyrics,,
12415100,pending,OMG (2025),2025,Travis Scott,Young Thug,Young Thug,Travis Scott,featured,https://genius.com/Young-thug-omg-2025-lyrics,,
12468377,pending,Pipe Down,2025,Travis Scott,Young Thug,Young Thug,Travis Scott,featured,https://genius.com/Young-thug-pipe-down-lyrics,,
2462597,pending,Freestyle in Joc Studio,2008,Travis Scott,Yung Joc,Travis Scott,Yung Joc,featured,https://genius.com/Travis-scott-freestyle-in-joc-studio-lyrics,,
521657,pending,Ghosttown,2014,Travis Scott,Yung Lean,Yung Lean,Travis Scott,featured,https://genius.com/Yung-lean-ghosttown-lyrics,,
9368501,pending,PARASAIL,2023,Travis Scott,Yung Lean,Travis Scott,Yung Lean,featured,https://genius.com/Travis-scott-parasail-lyrics,,
10876841,pending,YOSEMITE / LOVE [Mixed],2022,Travis Scott,Zacari,Travis Scott,Zacari,featured,https://genius.com/Travis-scott-and-kendrick-lamar-yosemite-love-mixed-lyrics,mix_or_compilation_risk,
10671892,pending,RAID,,Travis Scott,Zoey Dollaz,Travis Scott,Zoey Dollaz,featured,https://genius.com/Travis-scott-raid-lyrics,missing_release_year,
5923070,pending,Lamborghini,,Travis Scott,Zzeta Crew,Zzeta Crew,Travis Scott,featured,https://genius.com/Zzeta-crew-lamborghini-lyrics,missing_release_year,
10509262,pending,FUK SUMN (AHMED 2.0 EDIT),,Travis Scott,"¥$, Kanye West & Ty Dolla $ign","¥$, Kanye West & Ty Dolla $ign",Travis Scott,featured,https://genius.com/Kanye-west-and-ty-dolla-sign-fuk-sumn-ahmed-20-edit-lyrics,missing_release_year,
10035944,pending,FUK SUMN Pt. 2,,Travis Scott,"¥$, Kanye West & Ty Dolla $ign","¥$, Kanye West & Ty Dolla $ign",Travis Scott,featured,https://genius.com/Kanye-west-and-ty-dolla-sign-fuk-sumn-pt-2-lyrics,missing_release_year,
11174746,pending,FUTURE $OUND$,,Travis Scott,"¥$, Kanye West & Ty Dolla $ign","¥$, Kanye West & Ty Dolla $ign",Travis Scott,featured,https://genius.com/Kanye-west-and-ty-dolla-sign-future-sound-lyrics,missing_release_year,
9822247,pending,FUK SUMN,2024,Travis Scott,"¥$, Kanye West & Ty Dolla $ign","¥$, Kanye West & Ty Dolla $ign",Travis Scott,featured,https://genius.com/Kanye-west-and-ty-dolla-sign-fuk-sumn-lyrics,,
3268198,pending,Deserve,2017,Travis Scott,吴亦凡 (Kris Wu),吴亦凡 (Kris Wu),Travis Scott,featured,https://genius.com/Kris-wu-deserve-lyrics,,
10180835,pending,Sandpaper,2024,Zach Bryan,Bruce Springsteen,Zach Bryan,Bruce Springsteen,featured,https://genius.com/Zach-bryan-sandpaper-lyrics,,
9666940,pending,Life can kick you down but you always get back up,,Zach Bryan,Callie stokes,Callie stokes,Zach Bryan,featured,https://genius.com/Callie-stokes-life-can-kick-you-down-but-you-always-get-back-up-lyrics,missing_release_year,
8180939,pending,Jamie,2022,Zach Bryan,Charles Wesley Godwin,Zach Bryan,Charles Wesley Godwin,featured,https://genius.com/Zach-bryan-jamie-lyrics,,
8470077,pending,No Bad Blood,2021,Zach Bryan,Clara Waidley,Zach Bryan,Clara Waidley,featured,https://genius.com/Zach-bryan-no-bad-blood-lyrics,,
11771360,pending,Madeline,2025,Zach Bryan,Gabriella Rose,Zach Bryan,Gabriella Rose,featured,https://genius.com/Zach-bryan-madeline-lyrics,,
8470077,pending,No Bad Blood,2021,Zach Bryan,Hope Waidley,Zach Bryan,Hope Waidley,featured,https://genius.com/Zach-bryan-no-bad-blood-lyrics,,
9902624,pending,Better Days,2024,Zach Bryan,John Mayer,Zach Bryan,John Mayer,featured,https://genius.com/Zach-bryan-better-days-lyrics,,
9883706,pending,Memphis; The Blues,2024,Zach Bryan,John Moreland,Zach Bryan,John Moreland,featured,https://genius.com/Zach-bryan-memphis-the-blues-lyrics,,
9436386,pending,I Remember Everything,2023,Zach Bryan,Kacey Musgraves,Zach Bryan,Kacey Musgraves,featured,https://genius.com/Zach-bryan-i-remember-everything-lyrics,,
12087481,pending,Bowery,2025,Zach Bryan,Kings of Leon,Zach Bryan,Kings of Leon,featured,https://genius.com/Zach-bryan-bowery-lyrics,,
12283272,pending,We’re Onto Something,2025,Zach Bryan,Kings of Leon,Kings of Leon,Zach Bryan,featured,https://genius.com/Kings-of-leon-were-onto-something-lyrics,,
8742482,pending,Dawns,2023,Zach Bryan,Maggie Rogers,Zach Bryan,Maggie Rogers,featured,https://genius.com/Zach-bryan-dawns-lyrics,,
9532137,pending,Sarah’s Place,2023,Zach Bryan,Noah Kahan,Zach Bryan,Noah Kahan,featured,https://genius.com/Zach-bryan-sarahs-place-lyrics,,
9436661,pending,Holy Roller,2023,Zach Bryan,Sierra Ferrell,Zach Bryan,Sierra Ferrell,featured,https://genius.com/Zach-bryan-holy-roller-lyrics,,
9436665,pending,Spotless,2023,Zach Bryan,The Lumineers,Zach Bryan,The Lumineers,featured,https://genius.com/Zach-bryan-spotless-lyrics,,
9165868,pending,Hey Driver,2023,Zach Bryan,The War and Treaty,Zach Bryan,The War and Treaty,featured,https://genius.com/Zach-bryan-hey-driver-lyrics,,
10609592,pending,Pink Skies (Album Version),2024,Zach Bryan,Watchhouse,Zach Bryan,Watchhouse,featured,https://genius.com/Zach-bryan-pink-skies-album-version-lyrics,,
8470077,pending,No Bad Blood,2021,Zach Bryan,Zachariah E.M. Moffatt,Zach Bryan,Zachariah E.M. Moffatt,featured,https://genius.com/Zach-bryan-no-bad-blood-lyrics,,
