track_title,album,release_year,song_id,genius_url,source_artist,target_artist
$$$ Signs,,2010.0,654225,https://genius.com/Juicy-j-and-lex-luger-signs-lyrics,Juicy J,Rick Ross
$WISH,,2023.0,9019116,https://genius.com/Vic-mensa-wish-lyrics,VIC MENSA,G-Eazy
$WISH,,2023.0,9019116,https://genius.com/Vic-mensa-wish-lyrics,VIC MENSA,Chance the Rapper
$ave Dat Money,,2015.0,2023647,https://genius.com/Lil-dicky-ave-dat-money-lyrics,Lil Dicky,Rich Homie Quan
$hut Up!!!,,2013.0,191232,https://genius.com/Trinidad-james-hut-up-lyrics,Trinidad James,Travis Scott
* x,,,9706475,https://genius.com/88-keys-x-lyrics,88-Keys,G-Eazy
* x,,,9706475,https://genius.com/88-keys-x-lyrics,88-Keys,.idk.
* x,,,9706475,https://genius.com/88-keys-x-lyrics,88-Keys,Anderson .Paak
.WAV RADIO EP 10 Tracklist,,2020.0,5774037,https://genius.com/Chase-b-and-travis-scott-wav-radio-ep-10-tracklist-annotated,CHASE B,Sheck Wes
.WAV RADIO EP 10 Tracklist,,2020.0,5774037,https://genius.com/Chase-b-and-travis-scott-wav-radio-ep-10-tracklist-annotated,CHASE B,Don Toliver
.WAV RADIO EP 2 Tracklist,,2016.0,2841206,https://genius.com/Chase-b-and-travis-scott-wav-radio-ep-2-tracklist-lyrics,CHASE B,Young Thug
.WAV RADIO EP 5 Tracklist,,2016.0,2881401,https://genius.com/Chase-b-and-travis-scott-wav-radio-ep-5-tracklist-lyrics,CHASE B,Pusha T
.WAV RADIO EP 6 Tracklist,,2016.0,2905719,https://genius.com/Chase-b-and-travis-scott-wav-radio-ep-6-tracklist-annotated,CHASE B,Yung Lean
.WAV RADIO EP 6 Tracklist,,2016.0,2905719,https://genius.com/Chase-b-and-travis-scott-wav-radio-ep-6-tracklist-annotated,CHASE B,Gucci Mane
.WAV RADIO EP 7 Tracklist,,2016.0,2927600,https://genius.com/Chase-b-and-travis-scott-wav-radio-ep-7-tracklist-lyrics,CHASE B,Migos
.Wav Radio Freestyle,,2016.0,2928515,https://genius.com/Migos-wav-radio-freestyle-lyrics,Migos,Travis Scott
1 Thing About Me,,,2016798,https://genius.com/Travis-scott-1-thing-about-me-lyrics,Travis Scott,Meek Mill
1-900-Hustler,,2000.0,24439,https://genius.com/Jay-z-beanie-sigel-and-memphis-bleek-1-900-hustler-lyrics,JAŸ-Z,Freeway
10 Summaz,,2011.0,215204,https://genius.com/2-chainz-10-summaz-lyrics,2 Chainz,Rick Ross
100 Bottles,,2014.0,365455,https://genius.com/Low-pros-100-bottles-lyrics,Low Pros,Travis Scott
100 Keys,,2011.0,51372,https://genius.com/Big-sean-100-keys-lyrics,Big Sean,Pusha T
100 Keys,,2011.0,51372,https://genius.com/Big-sean-100-keys-lyrics,Big Sean,Rick Ross
100 Most Influential People In The World: Jay-Z,,,141330,https://genius.com/Time-magazine-100-most-influential-people-in-the-world-jay-z-lyrics,TIME Magazine,JAŸ-Z
100 Years Now,,,4023027,https://genius.com/Kanye-west-100-years-now-lyrics,Kanye West,Justin Bieber
100 Years Now,,,4023027,https://genius.com/Kanye-west-100-years-now-lyrics,Kanye West,Post Malone
10k HRS & A DREAM,,2016.0,10860701,https://genius.com/Kanye-west-10k-hrs-and-a-dream-lyrics,Kanye West,OG Maco
10s and Up,,2014.0,5711977,https://genius.com/Travis-scott-10s-and-up-lyrics,Travis Scott,Burroughs T
"12,000 Acres (FXXXXY Reference)",,,9513007,https://genius.com/Kanye-west-12000-acres-fxxxxy-reference-lyrics,Kanye West,FXXXXY
18 Years,,2005.0,3187721,https://genius.com/Kanye-west-18-years-lyrics,Kanye West,Yasiin Bey
187th,,2009.0,10494843,https://genius.com/Kanye-west-187th-lyrics,Kanye West,Go Getters
1989 Interview with Paul McGuire,,2014.0,3820840,https://genius.com/Taylor-swift-1989-interview-with-paul-mcguire-annotated,Taylor Swift,Paul McGuire (CMT)
2 Fucks,,2013.0,149629,https://genius.com/Hustle-gang-2-fucks-lyrics,Hustle Gang,T.I.
2 Fucks,,2013.0,149629,https://genius.com/Hustle-gang-2-fucks-lyrics,Hustle Gang,Travis Scott
2 Fucks,,2013.0,149629,https://genius.com/Hustle-gang-2-fucks-lyrics,Hustle Gang,Trae tha Truth
2 Fucks,,2013.0,149629,https://genius.com/Hustle-gang-2-fucks-lyrics,Hustle Gang,B.o.B
2 Many Chances,,2018.0,8570764,https://genius.com/Traydaysadd-2-many-chances-lyrics,TrayDaySADD,Travis Scott
2002 Funk Flex Freestyle / Back from France Freestyle,,2002.0,58359,https://genius.com/Jay-z-2002-funk-flex-freestyle-back-from-france-freestyle-lyrics,JAŸ-Z,DJ Clue
2009 BET Hip Hop Awards - Cypher 1,,2009.0,49250,https://genius.com/Bet-2009-bet-hip-hop-awards-cypher-1-lyrics,BET,Nicki Minaj
2010 BET Hip Hop Awards - Cypher 5,,2010.0,1522,https://genius.com/Bet-2010-bet-hip-hop-awards-cypher-5-lyrics,BET,Kanye West
2010 BET Hip Hop Awards - Cypher 5,,2010.0,1522,https://genius.com/Bet-2010-bet-hip-hop-awards-cypher-5-lyrics,BET,Pusha T
2010 BET Hip Hop Awards - Cypher 5,,2010.0,1522,https://genius.com/Bet-2010-bet-hip-hop-awards-cypher-5-lyrics,BET,Big Sean
2010 BET Hip Hop Awards - Cypher 5,,2010.0,1522,https://genius.com/Bet-2010-bet-hip-hop-awards-cypher-5-lyrics,BET,CyHi
2010 BET Hip Hop Awards - Cypher 5,,2010.0,1522,https://genius.com/Bet-2010-bet-hip-hop-awards-cypher-5-lyrics,BET,Common
2011 BET Hip Hop Awards - Maybach Music Group Cypher,,2011.0,57118,https://genius.com/Bet-2011-bet-hip-hop-awards-maybach-music-group-cypher-lyrics,BET,Wale
2011 BET Hip Hop Awards - Maybach Music Group Cypher,,2011.0,57118,https://genius.com/Bet-2011-bet-hip-hop-awards-maybach-music-group-cypher-lyrics,BET,Meek Mill
2011 BET Hip Hop Awards - Maybach Music Group Cypher,,2011.0,57118,https://genius.com/Bet-2011-bet-hip-hop-awards-maybach-music-group-cypher-lyrics,BET,Rick Ross
2012 (You Must Be Upgraded),,2012.0,596932,https://genius.com/The-flaming-lips-2012-you-must-be-upgraded-lyrics,The Flaming Lips,HOTT MT
2012 (You Must Be Upgraded),,2012.0,596932,https://genius.com/The-flaming-lips-2012-you-must-be-upgraded-lyrics,The Flaming Lips,Kesha
2012 (You Must Be Upgraded),,2012.0,596932,https://genius.com/The-flaming-lips-2012-you-must-be-upgraded-lyrics,The Flaming Lips,Biz Markie
2013 BET Hip Hop Awards - Cypher 3,,2013.0,239736,https://genius.com/Bet-2013-bet-hip-hop-awards-cypher-3-lyrics,BET,Travis Scott
2013 Jimmy Kimmel Interview (Part 1),,2013.0,235515,https://genius.com/Kanye-west-2013-jimmy-kimmel-interview-part-1-annotated,Kanye West,Jimmy Kimmel
2013 Jimmy Kimmel Interview (Part 2),,2013.0,235522,https://genius.com/Kanye-west-2013-jimmy-kimmel-interview-part-2-annotated,Kanye West,Jimmy Kimmel
2013 Yeezus Tour Dates,,,214545,https://genius.com/Kanye-west-2013-yeezus-tour-dates-annotated,Kanye West,Kendrick Lamar
2013 Zane Lowe BBC Radio Interview Part 1,,2013.0,224216,https://genius.com/Zane-lowe-2013-zane-lowe-bbc-radio-interview-part-1-annotated,Zane Lowe,Kanye West
2013 Zane Lowe BBC Radio Interview Part 2,,2013.0,229778,https://genius.com/Zane-lowe-2013-zane-lowe-bbc-radio-interview-part-2-annotated,Zane Lowe,Kanye West
2015 The Breakfast Club Interview,,2015.0,709141,https://genius.com/The-breakfast-club-power-1051-2015-the-breakfast-club-interview-annotated,The Breakfast Club (Power 105.1),Kanye West
2015 Zane Lowe BBC Radio Interview,,2015.0,713373,https://genius.com/Zane-lowe-2015-zane-lowe-bbc-radio-interview-annotated,Zane Lowe,Kanye West
2019 Grammys Performance,,2019.0,5528536,https://genius.com/Travis-scott-2019-grammys-performance-lyrics,Travis Scott,Philip Bailey
2019 Grammys Performance,,2019.0,5528536,https://genius.com/Travis-scott-2019-grammys-performance-lyrics,Travis Scott,James Blake
22 Days Challenge,,2013.0,286991,https://genius.com/Jay-z-22-days-challenge-annotated,JAŸ-Z,Beyoncé
24 (Las Vegas Version),,,7365763,https://genius.com/Kanye-west-24-las-vegas-version-lyrics,Kanye West,KayCyy
24 (Las Vegas Version),,,7365763,https://genius.com/Kanye-west-24-las-vegas-version-lyrics,Kanye West,Sunday Service Choir
3 Kings,,2012.0,80548,https://genius.com/Rick-ross-3-kings-lyrics,Rick Ross,JAŸ-Z
3 Wayz,,2016.0,2475121,https://genius.com/Ty-dolla-sign-3-wayz-lyrics,Ty Dolla $ign,Travis Scott
"30 Hours, Pt. 2",,2016.0,10751545,https://genius.com/Kanye-west-30-hours-pt-2-lyrics,Kanye West,Consequence
310,,,7125160,https://genius.com/Pusha-t-310-lyrics,Pusha T,Kanye West
321 Scan,,,9900592,https://genius.com/Jay-z-321-scan-lyrics,JAŸ-Z,Beyoncé
333,,,8434392,https://genius.com/Kanye-west-333-lyrics,Kanye West,The-Dream
333,,,8434392,https://genius.com/Kanye-west-333-lyrics,Kanye West,Bon Iver
3500,,2015.0,2027385,https://genius.com/Travis-scott-3500-lyrics,Travis Scott,Future
3500,,2015.0,2027385,https://genius.com/Travis-scott-3500-lyrics,Travis Scott,2 Chainz
3Hunna (Album Version),,2012.0,103001,https://genius.com/Chief-keef-3hunna-album-version-lyrics,Chief Keef,Rick Ross
3Hunna (MegaMix),,2012.0,6675407,https://genius.com/Chief-keef-3hunna-megamix-lyrics,Chief Keef,Soulja Boy
3Hunna (MegaMix),,2012.0,6675407,https://genius.com/Chief-keef-3hunna-megamix-lyrics,Chief Keef,Rick Ross
3Way (The WRLDFMS Tony Williams Reference),,2018.0,12433256,https://genius.com/Teyana-taylor-3way-the-wrldfms-tony-williams-reference-lyrics,Teyana Taylor,The World Famous Tony Williams
4 AM,,2017.0,3105427,https://genius.com/2-chainz-4-am-lyrics,2 Chainz,Travis Scott
40 Acres,,2013.0,218134,https://genius.com/Pusha-t-40-acres-lyrics,Pusha T,The-Dream
40 Hours,,,2464695,https://genius.com/Jordan-garrett-40-hours-lyrics,Jordan Garrett,James Blake
40 LOVE,,,13058391,https://genius.com/Justin-bieber-40-love-lyrics,Justin Bieber,Daniel Caesar
40 Nights,,2025.0,13232346,https://genius.com/The-game-40-nights-lyrics,The Game,Kanye West
5 Mo,,2015.0,1784421,https://genius.com/French-montana-5-mo-lyrics,French Montana,Lil Durk
5 Mo,,2015.0,1784421,https://genius.com/French-montana-5-mo-lyrics,French Montana,Travis Scott
5 Star,,2017.0,3393124,https://genius.com/Lil-wayne-5-star-lyrics,Lil Wayne,Nicki Minaj
530 (Reference),,,9531840,https://genius.com/Ye-530-reference-lyrics,Ye,Fivio Foreign
530 (Runaway Pt. 2),,,12228379,https://genius.com/Ye-530-runaway-pt-2-lyrics,Ye,Ty Dolla $ign
530 (Runaway Pt. 2),,,12228379,https://genius.com/Ye-530-runaway-pt-2-lyrics,Ye,Shenseea
6 Hour Song (Found a Star on the Ground),,2011.0,4729030,https://genius.com/The-flaming-lips-6-hour-song-found-a-star-on-the-ground-lyrics,The Flaming Lips,Sean Lennon
6 Inch,,2016.0,2461229,https://genius.com/Beyonce-6-inch-lyrics,Beyoncé,The Weeknd
600 Benz,,2011.0,6296,https://genius.com/Wale-600-benz-lyrics,Wale,Jadakiss
600 Benz,,2011.0,6296,https://genius.com/Wale-600-benz-lyrics,Wale,Rick Ross
9 Piece,,2011.0,6265,https://genius.com/Rick-ross-9-piece-lyrics,Rick Ross,Lil Wayne
9 Piece (Original),,2010.0,2707,https://genius.com/Rick-ross-9-piece-original-lyrics,Rick Ross,T.I.
90210,,2015.0,2290813,https://genius.com/Travis-scott-90210-lyrics,Travis Scott,Kacy Hill
90s [V1],,,11145929,https://genius.com/Tyler-the-creator-90s-v1-lyrics,"Tyler, The Creator",Charlie Wilson
911 / Mr. Lonely,,2017.0,3138346,https://genius.com/Tyler-the-creator-911-mr-lonely-lyrics,"Tyler, The Creator",Frank Ocean
911 / Mr. Lonely,,2017.0,3138346,https://genius.com/Tyler-the-creator-911-mr-lonely-lyrics,"Tyler, The Creator",Steve Lacy
99 Problems (The Grey Album),,2004.0,4215032,https://genius.com/Danger-mouse-99-problems-the-grey-album-lyrics,Danger Mouse,JAŸ-Z
A Breton Carol,,,971336,https://genius.com/The-chieftains-a-breton-carol-lyrics,The Chieftains,Nolwen Monjarret
A Day in the Life,,2014.0,911248,https://genius.com/The-flaming-lips-a-day-in-the-life-lyrics,The Flaming Lips,Miley Cyrus
A Day in the Life,,2014.0,911248,https://genius.com/The-flaming-lips-a-day-in-the-life-lyrics,The Flaming Lips,New Fumes
A Failure,,2009.0,7113463,https://genius.com/Gucci-mane-a-failure-lyrics,Gucci Mane,Nicki Minaj
A La Orilla De Un Palmar,,2010.0,1850158,https://genius.com/The-chieftains-a-la-orilla-de-un-palmar-lyrics,The Chieftains,Ry Cooder
A La Orilla De Un Palmar,,2010.0,1850158,https://genius.com/The-chieftains-a-la-orilla-de-un-palmar-lyrics,The Chieftains,Linda Ronstadt
A Letter to CeCe,,2025.0,12859329,https://genius.com/Theodore-shapiro-a-letter-to-cece-lyrics,Theodore Shapiro,Caroline Shaw
A Safe Place to Land,,2019.0,4314516,https://genius.com/Sara-bareilles-a-safe-place-to-land-lyrics,Sara Bareilles,John Legend
A Song For Mom,,2024.0,10676435,https://genius.com/Mustard-a-song-for-mom-lyrics,Mustard,Ty Dolla $ign
A Song For Mom,,2024.0,10676435,https://genius.com/Mustard-a-song-for-mom-lyrics,Mustard,Charlie Wilson
A Star Is Born,,2010.0,58,https://genius.com/Jay-z-a-star-is-born-lyrics,JAŸ-Z,J. Cole
A Star is Born,,2010.0,7158401,https://genius.com/The-world-famous-tony-williams-a-star-is-born-lyrics,The World Famous Tony Williams,Kanye West
A Stór Mo Chroí,,1999.0,1035298,https://genius.com/The-chieftains-a-stor-mo-chroi-lyrics,The Chieftains,Bonnie Raitt
A.P.I.D.T.A.,,2020.0,5345193,https://genius.com/Jay-electronica-apidta-lyrics,Jay Electronica,JAŸ-Z
ACCELERATE,,,12665848,https://genius.com/The-pastelle-collective-yedits-accelerate-lyrics,The Pastelle Collective (Yedits),Christina Aguilera
ACCELERATE,,,12665848,https://genius.com/The-pastelle-collective-yedits-accelerate-lyrics,The Pastelle Collective (Yedits),Ty Dolla $ign
ACCELERATE,,,12665848,https://genius.com/The-pastelle-collective-yedits-accelerate-lyrics,The Pastelle Collective (Yedits),2 Chainz
AEIO,,,8773708,https://genius.com/Roddy-ricch-aeio-lyrics,Roddy Ricch,Travis Scott
ALIEN [V17] [Bump J Reference],,2018.0,11426136,https://genius.com/Bump-j-and-kanye-west-alien-v17-bump-j-reference-lyrics,Bump J,Ant Clemons
ALL I KNOW,,,12665878,https://genius.com/The-pastelle-collective-yedits-all-i-know-lyrics,The Pastelle Collective (Yedits),The Weeknd
ALL I KNOW,,,12665878,https://genius.com/The-pastelle-collective-yedits-all-i-know-lyrics,The Pastelle Collective (Yedits),Future
ALL THE LOVE [V27],,,11709862,https://genius.com/Ye-all-the-love-v27-lyrics,Ye,Hassan Khaffaf
ALLIGATOR,,,10697602,https://genius.com/Kanye-west-and-ty-dolla-sign-alligator-lyrics,"¥$, Kanye West & Ty Dolla $ign",Playboi Carti
AMAs Artist of the Decade Performance,,2019.0,5058385,https://genius.com/Taylor-swift-amas-artist-of-the-decade-performance-lyrics,Taylor Swift,Camila Cabello
AMAs Artist of the Decade Performance,,2019.0,5058385,https://genius.com/Taylor-swift-amas-artist-of-the-decade-performance-lyrics,Taylor Swift,Halsey
ANYTHING IS POSSIBLE,,2026.0,11316035,https://genius.com/Hassan-khaffaf-anything-is-possible-lyrics,Hassan Khaffaf,Sunday Service Choir
APEROL SPRITZ (BACK OUTSIDE),,,9878097,https://genius.com/Kanye-west-and-ty-dolla-sign-aperol-spritz-back-outside-lyrics,"¥$, Kanye West & Ty Dolla $ign",Ant Clemons
AT THE PARTY,,2023.0,9135394,https://genius.com/Kid-cudi-at-the-party-lyrics,Kid Cudi,Pharrell Williams
AT THE PARTY,,2023.0,9135394,https://genius.com/Kid-cudi-at-the-party-lyrics,Kid Cudi,Travis Scott
ATTITUDE,,2024.0,10300928,https://genius.com/Don-toliver-attitude-lyrics,Don Toliver,Charlie Wilson
ATTITUDE,,2024.0,10300928,https://genius.com/Don-toliver-attitude-lyrics,Don Toliver,Cash Cobain
About an Angel (Got Nowhere),,2002.0,214389,https://genius.com/Kanye-west-about-an-angel-got-nowhere-lyrics,Kanye West,John Legend
Abracadabra,,2023.0,9263160,https://genius.com/Young-thug-abracadabra-lyrics,Young Thug,Travis Scott
Accelerate,,2018.0,3591041,https://genius.com/Christina-aguilera-accelerate-lyrics,Christina Aguilera,2 Chainz
Accelerate,,2018.0,3591041,https://genius.com/Christina-aguilera-accelerate-lyrics,Christina Aguilera,Ty Dolla $ign
Accident Murderers,,2012.0,78727,https://genius.com/Nas-accident-murderers-lyrics,Nas,Rick Ross
Accusers’ Waltz,,2019.0,5098164,https://genius.com/Theodore-shapiro-accusers-waltz-lyrics,Theodore Shapiro,Caroline Shaw
Act I: Vision (Script),,2022.0,7712636,https://genius.com/Netflix-act-i-vision-script-annotated,Netflix,Kanye West
Act a Fool,,2019.0,4646074,https://genius.com/Rick-ross-act-a-fool-lyrics,Rick Ross,Wale
Acute Psychosis,,2025.0,12859394,https://genius.com/Theodore-shapiro-acute-psychosis-lyrics,Theodore Shapiro,Caroline Shaw
Adam and Eve,,2018.0,3780008,https://genius.com/Nas-adam-and-eve-lyrics,Nas,The-Dream
After All,,,7687415,https://genius.com/Ant-clemons-after-all-lyrics,Ant Clemons,Big Sean
After All,,,7687415,https://genius.com/Ant-clemons-after-all-lyrics,Ant Clemons,Ty Dolla $ign
After Party,,2011.0,51318,https://genius.com/The-lonely-island-after-party-lyrics,The Lonely Island,Santigold
After the Rain,,2011.0,44492,https://genius.com/Talib-kweli-after-the-rain-lyrics,Talib Kweli,The World Famous Tony Williams
Ages in Taylor Swift Songs,,2025.0,11678415,https://genius.com/Community-lists-ages-in-taylor-swift-songs-annotated,Community Lists,Taylor Swift
AintNuttin,,2015.0,1787348,https://genius.com/French-montana-aintnuttin-lyrics,French Montana,Rick Ross
Ain’t No Tellin’,,2009.0,12035654,https://genius.com/Kanye-west-aint-no-tellin-lyrics,Kanye West,GLC
Ain’t No Tellin’,,2009.0,12035654,https://genius.com/Kanye-west-aint-no-tellin-lyrics,Kanye West,The World Famous Tony Williams
Ain’t No Tellin’ [V2],,,12667764,https://genius.com/Kanye-west-aint-no-tellin-v2-lyrics,Kanye West,GLC
Ain’t No Tellin’ [V2],,,12667764,https://genius.com/Kanye-west-aint-no-tellin-v2-lyrics,Kanye West,The World Famous Tony Williams
Ain’t Right,,,214741,https://genius.com/O-dot-holiday-aint-right-lyrics,O-Dot Holiday,Lil Animus
Aladdin,,2020.0,5281559,https://genius.com/Ant-clemons-aladdin-lyrics,Ant Clemons,Pharrell Williams
Albert Pujols,,2012.0,64708,https://genius.com/Wale-albert-pujols-lyrics,Wale,Rick Ross
Ali Bomaye,,2012.0,97993,https://genius.com/The-game-ali-bomaye-lyrics,The Game,2 Chainz
Ali Bomaye,,2012.0,97993,https://genius.com/The-game-ali-bomaye-lyrics,The Game,Rick Ross
Alien (070 Shake Version),,2018.0,9245390,https://genius.com/Kanye-west-alien-070-shake-version-lyrics,Kanye West,070 Shake
Alien (070 Shake Version),,2018.0,9245390,https://genius.com/Kanye-west-alien-070-shake-version-lyrics,Kanye West,Ant Clemons
Alien (CyHi Reference Track #1),,2018.0,11918497,https://genius.com/Cyhi-alien-cyhi-reference-track-1-lyrics,CyHi,Ant Clemons
Alien (Quavo & Offset Version),,,5089884,https://genius.com/Kanye-west-alien-quavo-and-offset-version-lyrics,Kanye West,Offset
Alien (Quavo & Offset Version),,,5089884,https://genius.com/Kanye-west-alien-quavo-and-offset-version-lyrics,Kanye West,Quavo
Alien (Reference),,2019.0,6002275,https://genius.com/Pusha-t-alien-reference-lyrics,Pusha T,Ant Clemons
Alien (Sean Leon Reference),,2019.0,12978143,https://genius.com/Kanye-west-alien-sean-leon-reference-lyrics,Kanye West,Ant Clemons
Alien (Sean Leon Reference),,2019.0,12978143,https://genius.com/Kanye-west-alien-sean-leon-reference-lyrics,Kanye West,Sean Leon
"Alien (ft. Ant Clemons,Young Thug,Quavo & Kid Cudi)",,2018.0,12014122,https://genius.com/Kanye-west-alien-ft-ant-clemonsyoung-thugquavo-and-kid-cudi-lyrics,Kanye West,Ant Clemons
"Alien (ft. Ant Clemons,Young Thug,Quavo & Kid Cudi)",,2018.0,12014122,https://genius.com/Kanye-west-alien-ft-ant-clemonsyoung-thugquavo-and-kid-cudi-lyrics,Kanye West,Young Thug
"Alien (ft. Ant Clemons,Young Thug,Quavo & Kid Cudi)",,2018.0,12014122,https://genius.com/Kanye-west-alien-ft-ant-clemonsyoung-thugquavo-and-kid-cudi-lyrics,Kanye West,Quavo
"Alien (ft. Ant Clemons,Young Thug,Quavo & Kid Cudi)",,2018.0,12014122,https://genius.com/Kanye-west-alien-ft-ant-clemonsyoung-thugquavo-and-kid-cudi-lyrics,Kanye West,Kid Cudi
Alien / Godzilla,,,13145474,https://genius.com/Kanye-west-alien-godzilla-lyrics,Kanye West,Kid Cudi
Alien / Godzilla,,,13145474,https://genius.com/Kanye-west-alien-godzilla-lyrics,Kanye West,Quavo
Alien / SpaceX (Original),,,4938223,https://genius.com/Kanye-west-alien-spacex-original-lyrics,Kanye West,Ant Clemons
Alien [Reference Track 2],,2018.0,5172411,https://genius.com/Cyhi-and-kanye-west-alien-reference-track-2-lyrics,CyHi,Ant Clemons
All About The Benjamins,,,403998,https://genius.com/Stack-bundles-all-about-the-benjamins-lyrics,Stack Bundles,Nicki Minaj
All About The Money,,2009.0,724,https://genius.com/Gucci-mane-all-about-the-money-lyrics,Gucci Mane,Rick Ross
All Birds,,2012.0,78676,https://genius.com/Rick-ross-all-birds-lyrics,Rick Ross,French Montana
All Day,,2015.0,482233,https://genius.com/Kanye-west-all-day-lyrics,Kanye West,Paul McCartney
All Day,,2015.0,482233,https://genius.com/Kanye-west-all-day-lyrics,Kanye West,Theophilus London
All Day,,2015.0,482233,https://genius.com/Kanye-west-all-day-lyrics,Kanye West,Allan Kingdom
All Day (2 Chainz Version),,,3164090,https://genius.com/Kanye-west-all-day-2-chainz-version-lyrics,Kanye West,2 Chainz
All Day (2 Chainz Version),,,3164090,https://genius.com/Kanye-west-all-day-2-chainz-version-lyrics,Kanye West,Theophilus London
All Day (2 Chainz Version),,,3164090,https://genius.com/Kanye-west-all-day-2-chainz-version-lyrics,Kanye West,Paul McCartney
All Day (2 Chainz Version),,,3164090,https://genius.com/Kanye-west-all-day-2-chainz-version-lyrics,Kanye West,Allan Kingdom
All Day (Kendrick Lamar Reference),,,745685,https://genius.com/Kanye-west-all-day-kendrick-lamar-reference-lyrics,Kanye West,Kendrick Lamar
All Day (Kendrick Lamar Reference),,,745685,https://genius.com/Kanye-west-all-day-kendrick-lamar-reference-lyrics,Kanye West,Paul McCartney
All Day (Kendrick Lamar Reference),,,745685,https://genius.com/Kanye-west-all-day-kendrick-lamar-reference-lyrics,Kanye West,Allan Kingdom
All Day (Kendrick Lamar Reference),,,745685,https://genius.com/Kanye-west-all-day-kendrick-lamar-reference-lyrics,Kanye West,Theophilus London
All Day Long,,2019.0,4730279,https://genius.com/Chance-the-rapper-all-day-long-lyrics,Chance the Rapper,John Legend
All Dreams Real,,,4916266,https://genius.com/Kanye-west-all-dreams-real-lyrics,Kanye West,Ant Clemons
All Eyes On You,,2015.0,2153759,https://genius.com/Meek-mill-all-eyes-on-you-lyrics,Meek Mill,Chris Brown
All Eyes On You,,2015.0,2153759,https://genius.com/Meek-mill-all-eyes-on-you-lyrics,Meek Mill,Nicki Minaj
All Fall Down,,1986.0,1132733,https://genius.com/Ultravox-all-fall-down-lyrics,Ultravox,The Chieftains
All Falls Down,,2004.0,86,https://genius.com/Kanye-west-all-falls-down-lyrics,Kanye West,Syleena Johnson
All Falls Down (Instrumental),,2005.0,8808775,https://genius.com/Kanye-west-all-falls-down-instrumental-lyrics,Kanye West,Syleena Johnson
All Good,,2016.0,2403447,https://genius.com/Trae-tha-truth-all-good-lyrics,Trae tha Truth,Audio Push
All Good,,2016.0,2403447,https://genius.com/Trae-tha-truth-all-good-lyrics,Trae tha Truth,T.I.
All Good,,2016.0,2403447,https://genius.com/Trae-tha-truth-all-good-lyrics,Trae tha Truth,Rick Ross
All I Do Is Win,,2010.0,732,https://genius.com/Dj-khaled-all-i-do-is-win-lyrics,DJ Khaled,T-Pain
All I Do Is Win,,2010.0,732,https://genius.com/Dj-khaled-all-i-do-is-win-lyrics,DJ Khaled,Ludacris
All I Do Is Win,,2010.0,732,https://genius.com/Dj-khaled-all-i-do-is-win-lyrics,DJ Khaled,Rick Ross
All I Do Is Win,,2010.0,732,https://genius.com/Dj-khaled-all-i-do-is-win-lyrics,DJ Khaled,Snoop Dogg
All I Have,,1999.0,2878379,https://genius.com/Go-getters-all-i-have-lyrics,Go Getters,Mikkey Halsted
All I Know,,2018.0,4013248,https://genius.com/Kamaiyah-all-i-know-lyrics,Kamaiyah,Travis Scott
All I Know.1,,2017.0,11524103,https://genius.com/The-dream-kanye-west-and-big-sean-all-i-know1-lyrics,The-Dream,Quavo
All I Know.1,,2017.0,11524103,https://genius.com/The-dream-kanye-west-and-big-sean-all-i-know1-lyrics,The-Dream,The Weeknd
All I Really Want,,2009.0,40218,https://genius.com/Rick-ross-all-i-really-want-lyrics,Rick Ross,The-Dream
All Mine (Tassho Pearce Reference),,,11783369,https://genius.com/Kanye-west-and-tassho-pearce-all-mine-tassho-pearce-reference-lyrics,Kanye West,Ant Clemons
All We Got,,2016.0,2472231,https://genius.com/Chance-the-rapper-all-we-got-lyrics,Chance the Rapper,Kanye West
All You Need Is Love,,2013.0,212280,https://genius.com/The-flaming-lips-all-you-need-is-love-lyrics,The Flaming Lips,Jade Castrinos
All You Need Is Love,,2013.0,212280,https://genius.com/The-flaming-lips-all-you-need-is-love-lyrics,The Flaming Lips,Alex Ebert
All Your Fault,,2015.0,703429,https://genius.com/Big-sean-all-your-fault-lyrics,Big Sean,Kanye West
All for the Life of the City,,2019.0,4458267,https://genius.com/The-flaming-lips-all-for-the-life-of-the-city-lyrics,The Flaming Lips,Mick Jones
All the Time,,2019.0,4908236,https://genius.com/Big-sean-all-the-time-lyrics,Big Sean,Kanye West
Allure (The Grey Album),,2004.0,4215036,https://genius.com/Danger-mouse-allure-the-grey-album-lyrics,Danger Mouse,JAŸ-Z
Almighty Black Dollar,,2020.0,6187475,https://genius.com/Jeezy-almighty-black-dollar-lyrics,Jeezy,Rick Ross
Already Home,,2009.0,62,https://genius.com/Jay-z-already-home-lyrics,JAŸ-Z,Kid Cudi
Alright,,2009.0,46532,https://genius.com/Twista-alright-lyrics,Twista,Kanye West
Always (Bonus),,2023.0,9001076,https://genius.com/Daniel-caesar-always-bonus-lyrics,Daniel Caesar,Summer Walker
Always*,,,8416694,https://genius.com/Kanye-west-always-lyrics,Kanye West,James Blake
Always*,,,8416694,https://genius.com/Kanye-west-always-lyrics,Kanye West,Vory
Amazing,,2008.0,2000,https://genius.com/Kanye-west-amazing-lyrics,Kanye West,Jeezy
Ambition,,2011.0,58088,https://genius.com/Wale-ambition-lyrics,Wale,Rick Ross
Ambition,,2011.0,58088,https://genius.com/Wale-ambition-lyrics,Wale,Meek Mill
Amen,,2011.0,54323,https://genius.com/Pusha-t-amen-lyrics,Pusha T,Jeezy
Amen,,2011.0,54323,https://genius.com/Pusha-t-amen-lyrics,Pusha T,Kanye West
American Boy,,2008.0,2927,https://genius.com/Estelle-american-boy-lyrics,Estelle,Kanye West
American Boy [CD Version],,2008.0,8306339,https://genius.com/Estelle-american-boy-cd-version-lyrics,Estelle,Kanye West
American Psycho (Short Film) [Yeezus commercial],,2013.0,182396,https://genius.com/Kanye-west-american-psycho-short-film-yeezus-commercial-annotated,Kanye West,Jonathan Cheban
American Psycho (Short Film) [Yeezus commercial],,2013.0,182396,https://genius.com/Kanye-west-american-psycho-short-film-yeezus-commercial-annotated,Kanye West,Scott Disick
An Poc Ar Buile,,,5673270,https://genius.com/The-chieftains-an-poc-ar-buile-lyrics,The Chieftains,Daithí Ó Sé
An Poc Ar Buile,,,5673270,https://genius.com/The-chieftains-an-poc-ar-buile-lyrics,The Chieftains,Laurence Courtney
An Poc Ar Buile,,,5673270,https://genius.com/The-chieftains-an-poc-ar-buile-lyrics,The Chieftains,Seamus Begley
Analog 2,,2012.0,51905,https://genius.com/Odd-future-analog-2-lyrics,Odd Future,"Tyler, The Creator"
Analog 2,,2012.0,51905,https://genius.com/Odd-future-analog-2-lyrics,Odd Future,Frank Ocean
Analog 2,,2012.0,51905,https://genius.com/Odd-future-analog-2-lyrics,Odd Future,Syd
Analog [V1],,2010.0,11768449,https://genius.com/Tyler-the-creator-analog-v1-lyrics,"Tyler, The Creator",Frank Ocean
Analyze This,,,24466,https://genius.com/Jay-z-analyze-this-lyrics,JAŸ-Z,Nas
And You Say,,2004.0,3997022,https://genius.com/Consequence-and-you-say-lyrics,Consequence,John Legend
Andrew Uncaged,,2025.0,12859334,https://genius.com/Theodore-shapiro-andrew-uncaged-lyrics,Theodore Shapiro,Caroline Shaw
Anemic,,2026.0,13075033,https://genius.com/Dua-saleh-anemic-lyrics,Dua Saleh,Gaidaa
Animal,,2013.0,156626,https://genius.com/Hustle-gang-animal-lyrics,Hustle Gang,T.I.
Animal,,2013.0,156626,https://genius.com/Hustle-gang-animal-lyrics,Hustle Gang,B.o.B
Animal,,2013.0,156626,https://genius.com/Hustle-gang-animal-lyrics,Hustle Gang,Travis Scott
Animosity / Dear Xodi,,2015.0,2306390,https://genius.com/Johnny-rain-animosity-dear-xodi-lyrics,Johnny Rain,James Blake
Another Check (Go Off Travis Solo),,,5108962,https://genius.com/Surf-club-another-check-go-off-travis-solo-lyrics,Surf Club,Travis Scott
Another Day,,2014.0,398191,https://genius.com/Fat-joe-another-day-lyrics,Fat Joe,French Montana
Another Day,,2014.0,398191,https://genius.com/Fat-joe-another-day-lyrics,Fat Joe,Rick Ross
Another One,,2010.0,3716,https://genius.com/Rick-ross-another-one-lyrics,Rick Ross,Diddy
Another Summer,,2016.0,2859259,https://genius.com/Mustard-another-summer-lyrics,Mustard,Rick Ross
Another Summer,,2016.0,2859259,https://genius.com/Mustard-another-summer-lyrics,Mustard,John Legend
Another Summer,,2016.0,2859259,https://genius.com/Mustard-another-summer-lyrics,Mustard,James Fauntleroy
Another You,,2012.0,63556,https://genius.com/The-world-famous-tony-williams-another-you-lyrics,The World Famous Tony Williams,Kanye West
Another You [Snippet],,2012.0,11617666,https://genius.com/The-world-famous-tony-williams-another-you-snippet-lyrics,The World Famous Tony Williams,Kanye West
Answer My Call,,,12933093,https://genius.com/Tyler-the-creator-answer-my-call-lyrics,"Tyler, The Creator",Daniel Caesar
Anthem,,2019.0,12132666,https://genius.com/Kanye-west-anthem-lyrics,Kanye West,T-Pain
Anthem,,2019.0,12132666,https://genius.com/Kanye-west-anthem-lyrics,Kanye West,Kid Cudi
Anthem,,2019.0,12132666,https://genius.com/Kanye-west-anthem-lyrics,Kanye West,Frank Ocean
Anthem,,2019.0,12132666,https://genius.com/Kanye-west-anthem-lyrics,Kanye West,The-Dream
Anthem,,2019.0,12132666,https://genius.com/Kanye-west-anthem-lyrics,Kanye West,JAŸ-Z
Anthem,,2019.0,12132666,https://genius.com/Kanye-west-anthem-lyrics,Kanye West,The Weeknd
Anthem,,2019.0,12132666,https://genius.com/Kanye-west-anthem-lyrics,Kanye West,070 Shake
Anxiety,,,10169384,https://genius.com/Chance-the-rapper-and-kanye-west-anxiety-lyrics,Chance the Rapper,070 Shake
Any Colour You Like,,2009.0,4931572,https://genius.com/The-flaming-lips-any-colour-you-like-lyrics,The Flaming Lips,Stardeath And White Dwarfs
Anybody,,2018.0,3643204,https://genius.com/Young-thug-anybody-lyrics,Young Thug,Nicki Minaj
Anyone But Him,,2009.0,58252,https://genius.com/Mr-hudson-anyone-but-him-lyrics,Mr Hudson,Kanye West
Anything,,2006.0,6067,https://genius.com/Patti-labelle-anything-lyrics,Patti LaBelle,Kanye West
Anything,,2006.0,6067,https://genius.com/Patti-labelle-anything-lyrics,Patti LaBelle,Consequence
Anything (2006),,2006.0,187359,https://genius.com/Jay-z-anything-2006-lyrics,JAŸ-Z,USHER
Anything (2006),,2006.0,187359,https://genius.com/Jay-z-anything-2006-lyrics,JAŸ-Z,Pharrell Williams
Aperol Spritz,,,12508193,https://genius.com/Ty-dolla-sign-aperol-spritz-lyrics,Ty Dolla $ign,Ant Clemons
Aphid,,2024.0,10053798,https://genius.com/Matt-champion-aphid-lyrics,Matt Champion,Dijon
Apogee,,2020.0,6322303,https://genius.com/Aero-flynn-apogee-lyrics,Aero Flynn,CJ Camerieri
Apogee,,2020.0,6322303,https://genius.com/Aero-flynn-apogee-lyrics,Aero Flynn,Rob Moose
Apogee,,2020.0,6322303,https://genius.com/Aero-flynn-apogee-lyrics,Aero Flynn,Justin Vernon
Appreciation,,2021.0,7049112,https://genius.com/Ant-clemons-appreciation-lyrics,Ant Clemons,2 Chainz
Appreciation,,2021.0,7049112,https://genius.com/Ant-clemons-appreciation-lyrics,Ant Clemons,Ty Dolla $ign
Arctic Tundra,,2024.0,4762958,https://genius.com/Nicki-minaj-arctic-tundra-lyrics,Nicki Minaj,Juice WRLD
Arctic Tundra (Old Version),,,9620656,https://genius.com/Nicki-minaj-arctic-tundra-old-version-lyrics,Nicki Minaj,Juice WRLD
Arguing,,2005.0,3552,https://genius.com/Kanye-west-arguing-lyrics,Kanye West,John Legend
Armina,,2024.0,10679635,https://genius.com/The-pastelle-collective-yedits-armina-lyrics,The Pastelle Collective (Yedits),Kid Cudi
Around Me,,,3427675,https://genius.com/King-chip-around-me-lyrics,King Chip,Travis Scott
Around My Way,,2004.0,44516,https://genius.com/Talib-kweli-around-my-way-lyrics,Talib Kweli,John Legend
As One,,2002.0,24502,https://genius.com/Jay-z-as-one-lyrics,JAŸ-Z,Rell
As One,,2002.0,24502,https://genius.com/Jay-z-as-one-lyrics,JAŸ-Z,Young Gunz
As One,,2002.0,24502,https://genius.com/Jay-z-as-one-lyrics,JAŸ-Z,Freeway
Ashes To Ashes,,2011.0,50080,https://genius.com/The-game-ashes-to-ashes-lyrics,The Game,Rick Ross
Ashes [V1],,,13105581,https://genius.com/Kanye-west-ashes-v1-lyrics,Kanye West,Sunday Service Choir
Ashes [V1],,,13105581,https://genius.com/Kanye-west-ashes-v1-lyrics,Kanye West,Terrace Martin
Ashes in the Air,,2013.0,69630,https://genius.com/The-flaming-lips-ashes-in-the-air-lyrics,The Flaming Lips,Bon Iver
Ass Shots,,,2925061,https://genius.com/French-montana-ass-shots-lyrics,French Montana,Cam’ron
Ass Shots,,,2925061,https://genius.com/French-montana-ass-shots-lyrics,French Montana,Kanye West
Assassin Beetle / The Dream Is Ending,,2013.0,7220842,https://genius.com/The-flaming-lips-assassin-beetle-the-dream-is-ending-lyrics,The Flaming Lips,New Fumes
Assassin Beetle / The Dream Is Ending,,2013.0,7220842,https://genius.com/The-flaming-lips-assassin-beetle-the-dream-is-ending-lyrics,The Flaming Lips,Stardeath And White Dwarfs
Aston Martin Music,,2010.0,765,https://genius.com/Rick-ross-aston-martin-music-lyrics,Rick Ross,Drake
Aston Martin Music (Extended Mix),,2010.0,76564,https://genius.com/Rick-ross-aston-martin-music-extended-mix-lyrics,Rick Ross,Drake
Astro,,2012.0,91381,https://genius.com/Mellowhype-astro-lyrics,MellowHype,Frank Ocean
Audio Meth,,2010.0,40245,https://genius.com/Rick-ross-audio-meth-lyrics,Rick Ross,Raekwon
Auntie Fee Interview,,2016.0,10350878,https://genius.com/Frank-ocean-auntie-fee-interview-annotated,Frank Ocean,Auntie Fee
Awesome,,,8434447,https://genius.com/Kanye-west-awesome-lyrics,Kanye West,Charlie Wilson
Awesome,,,8434447,https://genius.com/Kanye-west-awesome-lyrics,Kanye West,Ty Dolla $ign
Aye,,2023.0,6490368,https://genius.com/Lil-uzi-vert-aye-lyrics,Lil Uzi Vert,Travis Scott
Ayyy Girl,,2010.0,6242,https://genius.com/Jyj-ayyy-girl-lyrics,JYJ,Kanye West
Ayyy Girl,,2010.0,6242,https://genius.com/Jyj-ayyy-girl-lyrics,JYJ,Malik Yusef
B.L.O.W. (Block Life Is Our Way),,2007.0,413145,https://genius.com/Rick-ross-blow-block-life-is-our-way-lyrics,Rick Ross,Clipse
B.L.O.W. (Block Life Is Our Way),,2007.0,413145,https://genius.com/Rick-ross-blow-block-life-is-our-way-lyrics,Rick Ross,Om’Mas Keith
B.M.F. (Blowin’ Money Fast),,2010.0,844,https://genius.com/Rick-ross-bmf-blowin-money-fast-lyrics,Rick Ross,Styles P
BACK TO ME,,2024.0,9582304,https://genius.com/Kanye-west-and-ty-dolla-sign-back-to-me-lyrics,"¥$, Kanye West & Ty Dolla $ign",Freddie Gibbs
BACK TO ME (DeRay Davis Reference),,,13254729,https://genius.com/Kanye-west-and-ty-dolla-sign-back-to-me-deray-davis-reference-lyrics,"¥$, Kanye West & Ty Dolla $ign",DeRay Davis
BACK TO ME (DeRay Davis Reference),,,13254729,https://genius.com/Kanye-west-and-ty-dolla-sign-back-to-me-deray-davis-reference-lyrics,"¥$, Kanye West & Ty Dolla $ign",Freddie Gibbs
BACK TO ME (Original),,,9885015,https://genius.com/Kanye-west-and-ty-dolla-sign-back-to-me-original-lyrics,"¥$, Kanye West & Ty Dolla $ign",Freddie Gibbs
BACK TO ME (Quavo Reference),,,9839137,https://genius.com/Kanye-west-and-ty-dolla-sign-back-to-me-quavo-reference-lyrics,"¥$, Kanye West & Ty Dolla $ign",Quavo
BACKD00R,,2025.0,11137630,https://genius.com/Playboi-carti-backd00r-lyrics,Playboi Carti,Kendrick Lamar
BACKD00R,,2025.0,11137630,https://genius.com/Playboi-carti-backd00r-lyrics,Playboi Carti,Jhené Aiko
BAD GUY,,2026.0,13431727,https://genius.com/Kanye-west-bad-guy-lyrics,Kanye West,CyHi
BAD GUY,,2026.0,13431727,https://genius.com/Kanye-west-bad-guy-lyrics,Kanye West,Derrick Milano
BAD NIGHT,,,12665842,https://genius.com/The-pastelle-collective-yedits-bad-night-lyrics,The Pastelle Collective (Yedits),Young Thug
BALLIN,,,12649689,https://genius.com/The-pastelle-collective-yedits-ballin-lyrics,The Pastelle Collective (Yedits),Juicy J
BBC,,2013.0,181082,https://genius.com/Jay-z-bbc-lyrics,JAŸ-Z,Nas
BBC,,2013.0,181082,https://genius.com/Jay-z-bbc-lyrics,JAŸ-Z,Beyoncé
BBC,,2013.0,181082,https://genius.com/Jay-z-bbc-lyrics,JAŸ-Z,Swizz Beatz
BBO (Bad Bitches Only),,2018.0,3468893,https://genius.com/Migos-bbo-bad-bitches-only-lyrics,Migos,21 Savage
BEAUTY AND THE BEAST [V15],,2025.0,13219291,https://genius.com/Ye-beauty-and-the-beast-v15-lyrics,Ye,Consequence
BED YEEZY SEASON 5,,2017.0,3005522,https://genius.com/Kanye-west-bed-yeezy-season-5-lyrics,Kanye West,The-Dream
BEG FORGIVENESS,,2024.0,9819804,https://genius.com/Kanye-west-and-ty-dolla-sign-beg-forgiveness-lyrics,"¥$, Kanye West & Ty Dolla $ign",Chris Brown
BEG FORGIVENESS (Playboi Carti Version),,,12959731,https://genius.com/Kanye-west-and-ty-dolla-sign-beg-forgiveness-playboi-carti-version-lyrics,"¥$, Kanye West & Ty Dolla $ign",Playboi Carti
BEG FORGIVENESS (The Inter Milan Ultras Version),,,10305956,https://genius.com/Kanye-west-and-ty-dolla-sign-beg-forgiveness-the-inter-milan-ultras-version-lyrics,"¥$, Kanye West & Ty Dolla $ign",Chris Brown
BEHOLD,,,13676846,https://genius.com/Ye-behold-lyrics,Ye,The World Famous Tony Williams
BET BackRoom Freestyle,,2014.0,595752,https://genius.com/Lil-dicky-bet-backroom-freestyle-lyrics,Lil Dicky,BET
BET Uncut,,2020.0,6055105,https://genius.com/Madeintyo-bet-uncut-lyrics,MadeinTYO,Chance the Rapper
BETTER!,,2021.0,7428081,https://genius.com/Frank-overby-better-lyrics,Frank Overby,James Blake
BICK Hedi Slimane TTA P5,,,8588480,https://genius.com/Digital-nas-bick-hedi-slimane-tta-p5-lyrics,Digital Nas,Kanye West
BIG BROTHERS,,2026.0,12978328,https://genius.com/Hassan-khaffaf-big-brothers-lyrics,Hassan Khaffaf,Ye
BIG BROTHERS,,2026.0,12978328,https://genius.com/Hassan-khaffaf-big-brothers-lyrics,Hassan Khaffaf,Dame Dash
BIG EVERYTHING,,2023.0,9741827,https://genius.com/Busta-rhymes-big-everything-lyrics,Busta Rhymes,DaBaby
BIG EVERYTHING,,2023.0,9741827,https://genius.com/Busta-rhymes-big-everything-lyrics,Busta Rhymes,T-Pain
BIG EVERYTHING (Slowed & Reverb),,2024.0,11090595,https://genius.com/Busta-rhymes-big-everything-slowed-and-reverb-lyrics,Busta Rhymes,DaBaby
BIG EVERYTHING (Slowed & Reverb),,2024.0,11090595,https://genius.com/Busta-rhymes-big-everything-slowed-and-reverb-lyrics,Busta Rhymes,T-Pain
BIG EVERYTHING (Sped Up),,2024.0,11091260,https://genius.com/Busta-rhymes-big-everything-sped-up-lyrics,Busta Rhymes,DaBaby
BIG EVERYTHING (Sped Up),,2024.0,11091260,https://genius.com/Busta-rhymes-big-everything-sped-up-lyrics,Busta Rhymes,T-Pain
BIG TYME,,2019.0,4671351,https://genius.com/Rick-ross-big-tyme-lyrics,Rick Ross,Swizz Beatz
BIRDS AND ANGELS,,,12685498,https://genius.com/Dylnmbry-birds-and-angels-lyrics,DYLNMBRY,James Blake
BLOW MY LOAD,,2015.0,748249,https://genius.com/Tyler-the-creator-blow-my-load-lyrics,"Tyler, The Creator",Syd
BROKEN ROAD,,2025.0,7667906,https://genius.com/Ye-broken-road-lyrics,Ye,Don Toliver
BROKEN ROAD (Digital Nas Version),,,11537461,https://genius.com/Ye-broken-road-digital-nas-version-lyrics,Ye,Don Toliver
BROTHER STONE,,2024.0,10517220,https://genius.com/Don-toliver-brother-stone-lyrics,Don Toliver,Kodak Black
BULLY V1,,2025.0,12968058,https://genius.com/Kanye-west-bully-v1-lyrics,Kanye West,Playboi Carti
BULLY V1,,2025.0,12968058,https://genius.com/Kanye-west-bully-v1-lyrics,Kanye West,Ty Dolla $ign
BURBS (Original),,,11660204,https://genius.com/Nav-burbs-original-lyrics,NAV,Travis Scott
BURN EVERYTHING,,2022.0,8083202,https://genius.com/Sean-leon-burn-everything-lyrics,Sean Leon,Ye
Baba O’Riley,,,784613,https://genius.com/Sinead-oconnor-baba-oriley-lyrics,Sinéad O’Connor,The Chieftains
Babe,,2018.0,3646550,https://genius.com/Sugarland-babe-lyrics,Sugarland,Taylor Swift
Babies Cry,,2015.0,2313674,https://genius.com/Rick-ross-babies-cry-lyrics,Rick Ross,Rockie Fresh
Baby,,2011.0,3024543,https://genius.com/Taylor-swift-baby-lyrics,Taylor Swift,Justin Bieber
Baby (feat. Ludacris),,2010.0,13721889,https://genius.com/Justin-bieber-baby-feat-ludacris-lyrics,Justin Bieber,Ludacris
Baby - Freestyle,,2003.0,3547219,https://genius.com/Jay-z-baby-freestyle-lyrics,JAŸ-Z,Beyoncé
Baby Boy,,2003.0,81345,https://genius.com/Beyonce-baby-boy-lyrics,Beyoncé,Sean Paul
Baby Boy (Junior’s Padapella),,2003.0,7299551,https://genius.com/Beyonce-baby-boy-juniors-padapella-lyrics,Beyoncé,Sean Paul
Baby Boy (Junior’s World Mixshow),,2004.0,886867,https://genius.com/Beyonce-baby-boy-juniors-world-mixshow-lyrics,Beyoncé,Sean Paul
Baby Mama,,2020.0,5350432,https://genius.com/Brandy-baby-mama-lyrics,Brandy,Chance the Rapper
Baby in the Club,,2007.0,11000175,https://genius.com/Rhymefest-baby-in-the-club-lyrics,Rhymefest,Kanye West
Baby’s Coming,,2000.0,2878046,https://genius.com/Kanye-west-babys-coming-lyrics,Kanye West,Go Getters
Back (To You),,2011.0,3461062,https://genius.com/Frank-ocean-back-to-you-lyrics,Frank Ocean,Nikki Flores
Back Outside,,,12520130,https://genius.com/Ty-dolla-sign-and-damn-james-back-outside-lyrics,Ty Dolla $ign,Ant Clemons
Back to Basics,,2005.0,3056,https://genius.com/Kanye-west-back-to-basics-lyrics,Kanye West,Common
Backseat Driver,,2025.0,12471801,https://genius.com/Cole-davis-backseat-driver-lyrics,Cole Davis,papa mbye
Bad Habit,,2017.0,3280947,https://genius.com/Le-sinner-bad-habit-lyrics,LE SINNER,salute
Bad Idea,,2019.0,4637023,https://genius.com/Cordae-bad-idea-lyrics,Cordae,Chance the Rapper
Bad Night,,,4738604,https://genius.com/Kanye-west-bad-night-lyrics,Kanye West,Young Thug
Bad Night (Tyga Reference),,,3796275,https://genius.com/Kanye-west-bad-night-tyga-reference-lyrics,Kanye West,Tyga
Bad Night (Tyga Reference),,,3796275,https://genius.com/Kanye-west-bad-night-tyga-reference-lyrics,Kanye West,Young Thug
Bad Night / Rap Tarantino,,,5945302,https://genius.com/Kanye-west-bad-night-rap-tarantino-lyrics,Kanye West,Young Thug
Bad for You,,2015.0,2151245,https://genius.com/Meek-mill-bad-for-you-lyrics,Meek Mill,Nicki Minaj
Bag of Money,,2012.0,62959,https://genius.com/Wale-bag-of-money-lyrics,Wale,Rick Ross
Bag of Money,,2012.0,62959,https://genius.com/Wale-bag-of-money-lyrics,Wale,T-Pain
Bag of Money,,2012.0,62959,https://genius.com/Wale-bag-of-money-lyrics,Wale,Meek Mill
Bake Sale,,2016.0,2304247,https://genius.com/Wiz-khalifa-bake-sale-lyrics,Wiz Khalifa,Travis Scott
Ball For Me,,2018.0,3646571,https://genius.com/Post-malone-ball-for-me-lyrics,Post Malone,Nicki Minaj
Ball Player,,2017.0,2965836,https://genius.com/Meek-mill-ball-player-lyrics,Meek Mill,Quavo
Baller Alert,,2016.0,2388149,https://genius.com/Tyga-baller-alert-lyrics,Tyga,2 Chainz
Baller Alert,,2016.0,2388149,https://genius.com/Tyga-baller-alert-lyrics,Tyga,Rick Ross
Ballin,,2016.0,2864792,https://genius.com/Juicy-j-ballin-lyrics,Juicy J,Kanye West
Bandz,,2013.0,128449,https://genius.com/Travis-scott-bandz-lyrics,Travis Scott,Meek Mill
Baptized in Fire,,2016.0,2856357,https://genius.com/Kid-cudi-baptized-in-fire-lyrics,Kid Cudi,Travis Scott
Barefoot in the Park,,2019.0,4201752,https://genius.com/James-blake-barefoot-in-the-park-lyrics,James Blake,ROSALÍA
Barely Breathing,,2015.0,2981719,https://genius.com/Gracie-abrams-barely-breathing-lyrics,Gracie Abrams,Annie Schindel
Barry Bonds,,2007.0,38,https://genius.com/Kanye-west-barry-bonds-lyrics,Kanye West,Lil Wayne
Batman,,2014.0,360730,https://genius.com/Trinidad-james-batman-lyrics,Trinidad James,Travis Scott
Be Aight,,2010.0,10807980,https://genius.com/Rich-kidz-be-aight-lyrics,Rich Kidz,Kanye West
Be In Love (The Freshest),,,5654188,https://genius.com/Chase-b-and-don-toliver-be-in-love-the-freshest-lyrics,CHASE B,Wiz Khalifa
Be Like Me,,2019.0,4327292,https://genius.com/Lil-pump-be-like-me-lyrics,Lil Pump,Lil Wayne
Be Thou My Vision,,1991.0,4985601,https://genius.com/Van-morrison-be-thou-my-vision-lyrics,Van Morrison,The Chieftains
Be-Cleve in Yourself,,2010.0,87281,https://genius.com/The-cleveland-show-be-cleve-in-yourself-lyrics,The Cleveland Show,Kanye West
Beach Chair,,2006.0,1784,https://genius.com/Jay-z-beach-chair-lyrics,JAŸ-Z,Chris Martin
Beat Build,,2010.0,72906,https://genius.com/T-pain-beat-build-lyrics,T-Pain,Rick Ross
Beat Goes On,,2008.0,32061,https://genius.com/Madonna-beat-goes-on-lyrics,Madonna,Kanye West
Beautiful,,2002.0,43033,https://genius.com/Snoop-dogg-beautiful-lyrics,Snoop Dogg,Pharrell Williams
Beautiful,,2002.0,43033,https://genius.com/Snoop-dogg-beautiful-lyrics,Snoop Dogg,Charlie Wilson
Beautiful Lie,,2015.0,2296338,https://genius.com/Rick-ross-beautiful-lie-lyrics,Rick Ross,Wale
Beauty & Essex,,2018.0,4006872,https://genius.com/Free-nationals-beauty-and-essex-lyrics,Free Nationals,Daniel Caesar
Beauty And A Beat x Naturally (SadBois Edit),,2026.0,13484463,https://genius.com/Sadbois-beauty-and-a-beat-x-naturally-sadbois-edit-lyrics,SadBois,Justin Bieber
Beauty And A Beat x Naturally (SadBois Edit),,2026.0,13484463,https://genius.com/Sadbois-beauty-and-a-beat-x-naturally-sadbois-edit-lyrics,SadBois,Nicki Minaj
Beauty and a Beat,,2012.0,77735,https://genius.com/Justin-bieber-beauty-and-a-beat-lyrics,Justin Bieber,Nicki Minaj
Beauty and a Beat (Bisbetic Radio Mix),,2012.0,7725837,https://genius.com/Justin-bieber-beauty-and-a-beat-bisbetic-radio-mix-lyrics,Justin Bieber,Nicki Minaj
Beauty and a Beat (DJ Laszlo Body Rock Club Mix),,2012.0,7725842,https://genius.com/Justin-bieber-beauty-and-a-beat-dj-laszlo-body-rock-club-mix-lyrics,Justin Bieber,Nicki Minaj
Beauty and a Beat (DJ Laszlo Body Rock Radio Mix),,2012.0,7725843,https://genius.com/Justin-bieber-beauty-and-a-beat-dj-laszlo-body-rock-radio-mix-lyrics,Justin Bieber,Nicki Minaj
Beauty and a Beat (Steven Redant Beauty and The Club Mix),,2012.0,7725839,https://genius.com/Justin-bieber-beauty-and-a-beat-steven-redant-beauty-and-the-club-mix-lyrics,Justin Bieber,Nicki Minaj
Beauty and a Beat (Steven Redant Beauty and The Vocal Dub Mix),,2012.0,7725841,https://genius.com/Justin-bieber-beauty-and-a-beat-steven-redant-beauty-and-the-vocal-dub-mix-lyrics,Justin Bieber,Nicki Minaj
Beauty and a Beat (Wideboys Club Mix),,2012.0,2180506,https://genius.com/Justin-bieber-beauty-and-a-beat-wideboys-club-mix-lyrics,Justin Bieber,Nicki Minaj
Beauty and a Beat (Wideboys Dub),,2012.0,2015266,https://genius.com/Justin-bieber-beauty-and-a-beat-wideboys-dub-lyrics,Justin Bieber,Nicki Minaj
Beauty and a Beat (Wideboys Radio Mix),,2012.0,7725789,https://genius.com/Justin-bieber-beauty-and-a-beat-wideboys-radio-mix-lyrics,Justin Bieber,Nicki Minaj
Bed,,2018.0,3777013,https://genius.com/Nicki-minaj-bed-lyrics,Nicki Minaj,Ariana Grande
Been That,,2015.0,2152253,https://genius.com/Meek-mill-been-that-lyrics,Meek Mill,Rick Ross
Been Trill,,,7239894,https://genius.com/Kanye-west-been-trill-lyrics,Kanye West,Travis Scott
Beez In The Trap,,2012.0,68515,https://genius.com/Nicki-minaj-beez-in-the-trap-lyrics,Nicki Minaj,2 Chainz
Beez In The Trap (Clean),,2012.0,7538652,https://genius.com/Nicki-minaj-beez-in-the-trap-clean-lyrics,Nicki Minaj,2 Chainz
Before You Leave,,2019.0,5496802,https://genius.com/Lamont-lawrence-before-you-leave-lyrics,Lamont Lawrence,Lil Animus
Being for the Benefit of Mr. Kite!,,2014.0,911234,https://genius.com/The-flaming-lips-being-for-the-benefit-of-mr-kite-lyrics,The Flaming Lips,Sunbears!
Being for the Benefit of Mr. Kite!,,2014.0,911234,https://genius.com/The-flaming-lips-being-for-the-benefit-of-mr-kite-lyrics,The Flaming Lips,Maynard James Keenan
Being for the Benefit of Mr. Kite!,,2014.0,911234,https://genius.com/The-flaming-lips-being-for-the-benefit-of-mr-kite-lyrics,The Flaming Lips,Puscifer
Believe It,,2012.0,93312,https://genius.com/Meek-mill-believe-it-lyrics,Meek Mill,Rick Ross
Believe What I Say,,2021.0,5999243,https://genius.com/Kanye-west-believe-what-i-say-lyrics,Kanye West,Buju Banton
Bend Ya (Official),,2013.0,86359,https://genius.com/Mann-bend-ya-official-lyrics,Mann,Frank Ocean
Bend Ya (Official),,2013.0,86359,https://genius.com/Mann-bend-ya-official-lyrics,Mann,Kendrick Lamar
Benz,,2017.0,9784667,https://genius.com/Dapurr-benz-lyrics,Dapurr,Gracie Abrams
Best Night Ever,,2011.0,56442,https://genius.com/Wale-best-night-ever-lyrics,Wale,Rick Ross
Best Part,,2017.0,3183199,https://genius.com/Daniel-caesar-best-part-lyrics,Daniel Caesar,H.E.R.
Best Part (Mixed),,2023.0,9936608,https://genius.com/Daniel-caesar-best-part-mixed-lyrics,Daniel Caesar,H.E.R.
Best Thing,,2008.0,32109,https://genius.com/Usher-best-thing-lyrics,USHER,JAŸ-Z
Better Days,,2024.0,9902624,https://genius.com/Zach-bryan-better-days-lyrics,Zach Bryan,John Mayer
Better Man,,2017.0,3250747,https://genius.com/Partynextdoor-better-man-lyrics,PARTYNEXTDOOR,Rick Ross
Better Move [Jozzy Reference],,,8320082,https://genius.com/Chance-the-rapper-better-move-jozzy-reference-lyrics,Chance the Rapper,Jozzy
Better Than Yours,,2004.0,25758,https://genius.com/Kanye-west-better-than-yours-lyrics,Kanye West,Common
Betty Stout,,2013.0,155163,https://genius.com/Rick-ross-and-birdman-betty-stout-lyrics,Rick Ross,DJ Khaled
Beyoncé Bowl (NFL Halftime Show Performance),,2024.0,11272525,https://genius.com/Beyonce-beyonce-bowl-nfl-halftime-show-performance-lyrics,Beyoncé,Post Malone
Big Bank,,2011.0,53080,https://genius.com/Rick-ross-big-bank-lyrics,Rick Ross,French Montana
Big Bank,,2011.0,53080,https://genius.com/Rick-ross-big-bank-lyrics,Rick Ross,Meek Mill
Big Barbie,,,6953154,https://genius.com/Nicki-minaj-big-barbie-lyrics,Nicki Minaj,Future
Big Boody Bitch (RIVER Business Is Business Version),,,11056333,https://genius.com/Young-thug-big-boody-bitch-river-business-is-business-version-lyrics,Young Thug,Kanye West
Big Boy Dialogue,,2013.0,158266,https://genius.com/Jadakiss-big-boy-dialogue-lyrics,Jadakiss,The-Dream
Big Boy Talk,,2019.0,4560287,https://genius.com/Dj-khaled-big-boy-talk-lyrics,DJ Khaled,Rick Ross
Big Boy Talk,,2019.0,4560287,https://genius.com/Dj-khaled-big-boy-talk-lyrics,DJ Khaled,Jeezy
Big B’s,,2017.0,3158333,https://genius.com/Young-thug-big-bs-lyrics,Young Thug,Chance the Rapper
Big Champ,,,10209411,https://genius.com/Roddy-ricch-big-champ-lyrics,Roddy Ricch,Travis Scott
Big Champ (Kanye West Ref),,,11673099,https://genius.com/Travis-scott-big-champ-kanye-west-ref-lyrics,Travis Scott,Kanye West
Big Daddy,,2014.0,601822,https://genius.com/Nicki-minaj-big-daddy-lyrics,Nicki Minaj,Meek Mill
Big Daddy (Target Version),,2014.0,7705111,https://genius.com/Nicki-minaj-big-daddy-target-version-lyrics,Nicki Minaj,Meek Mill
Big Dawg,,2020.0,5476735,https://genius.com/Smokepurpp-big-dawg-lyrics,Smokepurpp,Rick Ross
Big Fish,,2019.0,4662040,https://genius.com/Chance-the-rapper-big-fish-lyrics,Chance the Rapper,Gucci Mane
Big Fish*,,,12401495,https://genius.com/Rick-ross-big-fish-lyrics,Rick Ross,Gucci Mane
Big Homie,,2014.0,371144,https://genius.com/Diddy-big-homie-lyrics,Diddy,Rick Ross
Big Homie,,2014.0,371144,https://genius.com/Diddy-big-homie-lyrics,Diddy,French Montana
Big House Dilemma,,,8457971,https://genius.com/Vic-mensa-big-house-dilemma-lyrics,VIC MENSA,Chance the Rapper
Big Mac,,,10240000,https://genius.com/Iqbooster-big-mac-lyrics,Iqbooster,Kanye West
Big Pimpin’,,2000.0,1836463,https://genius.com/Charlie-wilson-big-pimpin-lyrics,Charlie Wilson,Snoop Dogg
Big Red Machine,,,184663,https://genius.com/Justin-vernon-big-red-machine-lyrics,Justin Vernon,Aaron Dessner
Big Spender,,2011.0,599117,https://genius.com/Nick-cannon-big-spender-lyrics,Nick Cannon,Kanye West
Big Talk,,2016.0,2425127,https://genius.com/Azealia-banks-big-talk-lyrics,Azealia Banks,Rick Ross
Biggavelli Shit,,2009.0,8056920,https://genius.com/Max-b-biggavelli-shit-lyrics,Max B,JAŸ-Z
Biggest Freak,,2008.0,91186,https://genius.com/Nicki-minaj-biggest-freak-lyrics,Nicki Minaj,Rick Ross
Biggest Freak,,2008.0,91186,https://genius.com/Nicki-minaj-biggest-freak-lyrics,Nicki Minaj,T-Pain
Biking,,2017.0,3048264,https://genius.com/Frank-ocean-biking-lyrics,Frank Ocean,JAŸ-Z
Biking,,2017.0,3048264,https://genius.com/Frank-ocean-biking-lyrics,Frank Ocean,"Tyler, The Creator"
Biking (Blonded.co Version),,2017.0,4269775,https://genius.com/Frank-ocean-biking-blondedco-version-lyrics,Frank Ocean,"Tyler, The Creator"
Billie Jean (2008 Kanye West Mix),,2008.0,96627,https://genius.com/Michael-jackson-billie-jean-2008-kanye-west-mix-lyrics,Michael Jackson,Kanye West
Birch,,2021.0,6959849,https://genius.com/Big-red-machine-birch-lyrics,Big Red Machine,Taylor Swift
Birds,,2009.0,1788173,https://genius.com/Yung-joc-birds-lyrics,Yung Joc,Nicki Minaj
Birds,,2009.0,1788173,https://genius.com/Yung-joc-birds-lyrics,Yung Joc,Gucci Mane
Birthday,,2012.0,91930,https://genius.com/Rick-ross-birthday-lyrics,Rick Ross,Diddy
Birthday Cake (Extended),,2012.0,66244,https://genius.com/Rihanna-birthday-cake-extended-lyrics,Rihanna,Chris Brown
Birthday Song,,2012.0,81901,https://genius.com/2-chainz-birthday-song-lyrics,2 Chainz,Kanye West
Bitch I’m From Dade County,,2007.0,4363,https://genius.com/Dj-khaled-bitch-im-from-dade-county-lyrics,DJ Khaled,Trick Daddy
Bitch I’m From Dade County,,2007.0,4363,https://genius.com/Dj-khaled-bitch-im-from-dade-county-lyrics,DJ Khaled,Rick Ross
Bitch I’m Madonna,,2015.0,640081,https://genius.com/Madonna-bitch-im-madonna-lyrics,Madonna,Nicki Minaj
Bitch I’m Madonna (BOJAN’s Future House Mix),,2015.0,13739131,https://genius.com/Madonna-bitch-im-madonna-bojans-future-house-mix-lyrics,Madonna,Nicki Minaj
Bitch I’m Madonna (Oscar G 305 Dub),,2015.0,6972387,https://genius.com/Madonna-bitch-im-madonna-oscar-g-305-dub-lyrics,Madonna,Nicki Minaj
Bitch I’m Madonna (Oscar G Bitch Beats),,2015.0,6972391,https://genius.com/Madonna-bitch-im-madonna-oscar-g-bitch-beats-lyrics,Madonna,Nicki Minaj
Bitch I’m Madonna (Rosabel’s Bitch Move Dub),,2015.0,6972392,https://genius.com/Madonna-bitch-im-madonna-rosabels-bitch-move-dub-lyrics,Madonna,Nicki Minaj
Bitch I’m Madonna (Rosabel’s Bitch Move Mix),,2015.0,6972384,https://genius.com/Madonna-bitch-im-madonna-rosabels-bitch-move-mix-lyrics,Madonna,Nicki Minaj
Bitch I’m Madonna (Sander Kleinenberg Rebitch),,2015.0,13739278,https://genius.com/Madonna-bitch-im-madonna-sander-kleinenberg-rebitch-lyrics,Madonna,Nicki Minaj
Bitch I’m Madonna (Sander Kleinenberg Video Edit),,2015.0,7967576,https://genius.com/Madonna-bitch-im-madonna-sander-kleinenberg-video-edit-lyrics,Madonna,Nicki Minaj
Bitch I’m Madonna (Twisted Dee Club),,2015.0,13739220,https://genius.com/Madonna-bitch-im-madonna-twisted-dee-club-lyrics,Madonna,Nicki Minaj
Bittersweet Poetry,,2007.0,2662,https://genius.com/Kanye-west-bittersweet-poetry-lyrics,Kanye West,John Mayer
Black Bottles,,2014.0,554182,https://genius.com/Migos-black-bottles-lyrics,Migos,Rick Ross
Black Grammys,,2014.0,217104,https://genius.com/Wale-black-grammys-lyrics,Wale,Rockie Fresh
Black Grammys,,2014.0,217104,https://genius.com/Wale-black-grammys-lyrics,Wale,Meek Mill
Black Grammys,,2014.0,217104,https://genius.com/Wale-black-grammys-lyrics,Wale,J. Cole
Black Magic,,2012.0,76143,https://genius.com/Rick-ross-black-magic-lyrics,Rick Ross,Meek Mill
Black Man’s Dream,,2010.0,63246,https://genius.com/Rick-ross-black-mans-dream-lyrics,Rick Ross,Ludacris
Black Men Don’t Cheat,,,3962414,https://genius.com/Kanye-west-black-men-dont-cheat-lyrics,Kanye West,Chance the Rapper
Black Opium,,2015.0,2384072,https://genius.com/Rick-ross-black-opium-lyrics,Rick Ross,DJ Premier
Black Republican,,2006.0,1667,https://genius.com/Nas-black-republican-lyrics,Nas,JAŸ-Z
Black Vietnam,,,5721735,https://genius.com/Kanye-west-black-vietnam-lyrics,Kanye West,Lupe Fiasco
Blame Game,,2010.0,1944,https://genius.com/Kanye-west-blame-game-lyrics,Kanye West,John Legend
Blame It,,2008.0,55003,https://genius.com/Jamie-foxx-blame-it-lyrics,Jamie Foxx,T-Pain
Blame Them,,2012.0,2216111,https://genius.com/Blackbear-blame-them-lyrics,blackbear,James Blake
Blazin,,2010.0,2044,https://genius.com/Nicki-minaj-blazin-lyrics,Nicki Minaj,Kanye West
Blazing High,,2012.0,70393,https://genius.com/The-world-famous-tony-williams-blazing-high-lyrics,The World Famous Tony Williams,Wale
Ble$$ings,,2023.0,9454951,https://genius.com/Vic-mensa-ble-ings-lyrics,VIC MENSA,Ant Clemons
Bleed It,,,11066525,https://genius.com/Rich-the-kid-bleed-it-lyrics,Rich The Kid,Kanye West
Bless Em,,2019.0,4777047,https://genius.com/Quality-control-and-takeoff-bless-em-lyrics,Quality Control,Travis Scott
Blessings (Extended Version),,2015.0,4341721,https://genius.com/Big-sean-blessings-extended-version-lyrics,Big Sean,Kanye West
Blessings (Extended Version),,2015.0,4341721,https://genius.com/Big-sean-blessings-extended-version-lyrics,Big Sean,Drake
Blessings (Reprise),,2016.0,2472240,https://genius.com/Chance-the-rapper-blessings-reprise-lyrics,Chance the Rapper,Anderson .Paak
Blessings (Reprise),,2016.0,2472240,https://genius.com/Chance-the-rapper-blessings-reprise-lyrics,Chance the Rapper,BJ the Chicago Kid
Blessings (Reprise),,2016.0,2472240,https://genius.com/Chance-the-rapper-blessings-reprise-lyrics,Chance the Rapper,Ty Dolla $ign
Blocka,,2013.0,101216,https://genius.com/Pusha-t-blocka-lyrics,Pusha T,Travis Scott
Blocka,,2013.0,101216,https://genius.com/Pusha-t-blocka-lyrics,Pusha T,Popcaan
Blocka La Flame,,2012.0,102626,https://genius.com/Travis-scott-blocka-la-flame-lyrics,Travis Scott,Popcaan
Blood Money,,2008.0,59061,https://genius.com/Dj-khaled-blood-money-lyrics,DJ Khaled,Rick Ross
Blood Stain 2,,2023.0,8883326,https://genius.com/Consequence-blood-stain-2-lyrics,Consequence,Rick Ross
Blood Stain III,,2024.0,9075107,https://genius.com/Consequence-rick-ross-and-ghostface-killah-blood-stain-iii-lyrics,Consequence,Jim Jones
Blood in Rain,,2020.0,5172330,https://genius.com/Ethan-gruska-blood-in-rain-lyrics,Ethan Gruska,Moses Sumney
Bloody Hands,,2019.0,4571804,https://genius.com/Kendrick-lamar-bloody-hands-lyrics,Kendrick Lamar,Raekwon
Bloody Hands,,2019.0,4571804,https://genius.com/Kendrick-lamar-bloody-hands-lyrics,Kendrick Lamar,James Blake
Blow it Up,,1999.0,10161195,https://genius.com/Solar-tha-rightchus-blow-it-up-lyrics,Solar Tha Rightchus,Kanye West
Blue,,2026.0,13711645,https://genius.com/Millennium-parade-blue-lyrics,MILLENNIUM PARADE,Daniel Caesar
Blue Magic,,2007.0,762,https://genius.com/Jay-z-blue-magic-lyrics,JAŸ-Z,Pharrell Williams
Blue Magic (A Cappella),,,6770583,https://genius.com/Jay-z-blue-magic-a-cappella-lyrics,JAŸ-Z,Pharrell Williams
Blue Note NYC Freestyle,,2011.0,4953,https://genius.com/Kanye-west-blue-note-nyc-freestyle-lyrics,Kanye West,Yasiin Bey
Blue Pill,,2017.0,686458,https://genius.com/Metro-boomin-blue-pill-lyrics,Metro Boomin,Travis Scott
Bobby Digital (Sasha Hashemi Reference),,,12767261,https://genius.com/Kanye-west-and-ty-dolla-sign-bobby-digital-sasha-hashemi-reference-lyrics,"¥$, Kanye West & Ty Dolla $ign",James Blake
Body Count,,2011.0,56871,https://genius.com/Meek-mill-body-count-lyrics,Meek Mill,Rick Ross
Bogus Charms,,2019.0,4673045,https://genius.com/Rick-ross-bogus-charms-lyrics,Rick Ross,Meek Mill
Bombs Away*,,,5434729,https://genius.com/Chance-the-rapper-bombs-away-lyrics,Chance the Rapper,Big Sean
Bombs Away*,,,5434729,https://genius.com/Chance-the-rapper-bombs-away-lyrics,Chance the Rapper,Jeremih
Bon Jovi Naked,,2016.0,10897003,https://genius.com/Frank-ocean-bon-jovi-naked-annotated,Frank Ocean,A$AP Rocky
Bon Jovi Naked,,2016.0,10897003,https://genius.com/Frank-ocean-bon-jovi-naked-annotated,Frank Ocean,James Blake
Bon Jovi Naked,,2016.0,10897003,https://genius.com/Frank-ocean-bon-jovi-naked-annotated,Frank Ocean,Evian Christ
Bon Jovi Naked,,2016.0,10897003,https://genius.com/Frank-ocean-bon-jovi-naked-annotated,Frank Ocean,Justin Saunders
Bon Jovi Naked,,2016.0,10897003,https://genius.com/Frank-ocean-bon-jovi-naked-annotated,Frank Ocean,Michael Uzowuru
Bonjour,,2018.0,3780012,https://genius.com/Nas-bonjour-lyrics,Nas,The World Famous Tony Williams
Born to Kill,,2019.0,4747330,https://genius.com/Rick-ross-born-to-kill-lyrics,Rick Ross,Jeezy
Born-N-Raised,,2006.0,17372,https://genius.com/Dj-khaled-born-n-raised-lyrics,DJ Khaled,Trick Daddy
Born-N-Raised,,2006.0,17372,https://genius.com/Dj-khaled-born-n-raised-lyrics,DJ Khaled,Rick Ross
Boss,,,4778734,https://genius.com/Desiigner-boss-lyrics,Desiigner,Rick Ross
Boss Smokers,,2013.0,430150,https://genius.com/Rick-ross-boss-smokers-lyrics,Rick Ross,Gucci Mane
Bossy Lady,,2009.0,40219,https://genius.com/Rick-ross-bossy-lady-lyrics,Rick Ross,Ne-Yo
Bottles and Rocking J’s,,2011.0,51139,https://genius.com/The-game-bottles-and-rocking-js-lyrics,The Game,DJ Khaled
Bottles and Rocking J’s,,2011.0,51139,https://genius.com/The-game-bottles-and-rocking-js-lyrics,The Game,Lil Wayne
Bottles and Rocking J’s,,2011.0,51139,https://genius.com/The-game-bottles-and-rocking-js-lyrics,The Game,Busta Rhymes
Bottles and Rocking J’s,,2011.0,51139,https://genius.com/The-game-bottles-and-rocking-js-lyrics,The Game,Rick Ross
Bouncy,,2022.0,7708815,https://genius.com/Shenseea-bouncy-lyrics,Shenseea,Offset
Bout Mine,,2002.0,46220,https://genius.com/Trick-daddy-bout-mine-lyrics,Trick Daddy,Rick Ross
Bout That Life,,2013.0,216095,https://genius.com/Meek-mill-bout-that-life-lyrics,Meek Mill,French Montana
Bout That Life,,2013.0,216095,https://genius.com/Meek-mill-bout-that-life-lyrics,Meek Mill,Rick Ross
Bout That Life (Original Leak),,2013.0,13479505,https://genius.com/Rick-ross-bout-that-life-original-leak-lyrics,Rick Ross,Meek Mill
Bout That Life (Original Leak),,2013.0,13479505,https://genius.com/Rick-ross-bout-that-life-original-leak-lyrics,Rick Ross,French Montana
Bout That Life (Original Leak),,2013.0,13479505,https://genius.com/Rick-ross-bout-that-life-original-leak-lyrics,Rick Ross,Diddy
Bowery,,2025.0,12087481,https://genius.com/Zach-bryan-bowery-lyrics,Zach Bryan,Kings of Leon
Boys Of Faith,,2023.0,9544477,https://genius.com/Zach-bryan-boys-of-faith-lyrics,Zach Bryan,Bon Iver
Brafferton Village/Walsh’s Hornpipe,,,12968302,https://genius.com/The-chieftains-brafferton-village-walshs-hornpipe-lyrics,The Chieftains,Kathryn Tickell
Brain Damage,,2009.0,840020,https://genius.com/Stardeath-and-white-dwarfs-brain-damage-lyrics,Stardeath And White Dwarfs,Henry Rollins
Brand New,,2005.0,1604,https://genius.com/Rhymefest-brand-new-lyrics,Rhymefest,Kanye West
Brand New Choppa,,2014.0,522093,https://genius.com/Hustle-gang-brand-new-choppa-lyrics,Hustle Gang,Travis Scott
Brand New Choppa,,2014.0,522093,https://genius.com/Hustle-gang-brand-new-choppa-lyrics,Hustle Gang,T.I.
Brand New Choppa,,2014.0,522093,https://genius.com/Hustle-gang-brand-new-choppa-lyrics,Hustle Gang,Meek Mill
Breach (Walk Alone),,2018.0,4017551,https://genius.com/Martin-garrix-and-blinders-breach-walk-alone-lyrics,Martin Garrix,Ilsey
Break My Heart,,2011.0,60399,https://genius.com/Estelle-break-my-heart-lyrics,Estelle,Rick Ross
Break My Heart (My Fault),,2019.0,4912145,https://genius.com/Wale-break-my-heart-my-fault-lyrics,Wale,Lil Durk
Breaking,,2019.0,5098105,https://genius.com/Theodore-shapiro-breaking-lyrics,Theodore Shapiro,Caroline Shaw
Breathe,,2008.0,98894,https://genius.com/Taylor-swift-breathe-lyrics,Taylor Swift,Colbie Caillat
Breathe (Taylor’s Version),,2021.0,6478843,https://genius.com/Taylor-swift-breathe-taylors-version-lyrics,Taylor Swift,Colbie Caillat
Breathe In Breathe Out,,2004.0,3397,https://genius.com/Kanye-west-breathe-in-breathe-out-lyrics,Kanye West,Ludacris
Bridge Over Troubled Water,,2024.0,9728794,https://genius.com/Jacob-collier-bridge-over-troubled-water-lyrics,Jacob Collier,John Legend
Brigade Level Formation,,2003.0,509426,https://genius.com/Olskool-ice-gre-brigade-level-formation-lyrics,Olskool Ice-Gre,Kanye West
Brigade Level Formation (2003),,,13102254,https://genius.com/Olskool-ice-gre-brigade-level-formation-2003-lyrics,Olskool Ice-Gre,Kanye West
Bring Me Down,,2005.0,3137,https://genius.com/Kanye-west-bring-me-down-lyrics,Kanye West,Brandy
Broke The Handle Off,,2025.0,12471804,https://genius.com/Cole-davis-broke-the-handle-off-lyrics,Cole Davis,Aaron Rice
Broke Up,,2018.0,3962454,https://genius.com/Lil-wayne-broke-up-lyrics,Lil Wayne,Rick Ross
Brooklyn Go Hard,,2008.0,42,https://genius.com/Jay-z-brooklyn-go-hard-lyrics,JAŸ-Z,Santigold
Brotha Man,,2018.0,3739706,https://genius.com/A-ap-rocky-brotha-man-lyrics,A$AP Rocky,French Montana
Brothers,,2019.0,4628690,https://genius.com/Kanye-west-brothers-lyrics,Kanye West,Charlie Wilson
Brought My Love,,2023.0,8796806,https://genius.com/Diddy-brought-my-love-lyrics,Diddy,The-Dream
Brown Paper Bag,,2007.0,989,https://genius.com/Dj-khaled-brown-paper-bag-lyrics,DJ Khaled,Jeezy
Brown Paper Bag,,2007.0,989,https://genius.com/Dj-khaled-brown-paper-bag-lyrics,DJ Khaled,Lil Wayne
Brown Paper Bag,,2007.0,989,https://genius.com/Dj-khaled-brown-paper-bag-lyrics,DJ Khaled,Fat Joe
Brown Paper Bag,,2007.0,989,https://genius.com/Dj-khaled-brown-paper-bag-lyrics,DJ Khaled,Rick Ross
Bubbly,,2021.0,7290862,https://genius.com/Young-thug-bubbly-lyrics,Young Thug,Drake
Bubbly,,2021.0,7290862,https://genius.com/Young-thug-bubbly-lyrics,Young Thug,Travis Scott
Building,,,10713529,https://genius.com/Kanye-west-building-lyrics,Kanye West,JAŸ-Z
Bullet,,2008.0,1837563,https://genius.com/Dj-khaled-bullet-lyrics,DJ Khaled,Rick Ross
Bull’s-Eye (Suddenly),,2005.0,181900,https://genius.com/Syleena-johnson-bulls-eye-suddenly-lyrics,Syleena Johnson,Common
Bury Me,,,13233396,https://genius.com/Kendrick-lamar-bury-me-lyrics,Kendrick Lamar,Kanye West
Bury Me a G,,2012.0,78674,https://genius.com/Rick-ross-bury-me-a-g-lyrics,Rick Ross,T.I.
Buy Back The Block (Refinance Version),,2017.0,3009524,https://genius.com/Rick-ross-buy-back-the-block-refinance-version-lyrics,Rick Ross,Fat Joe
Buy Back the Block,,2016.0,2887130,https://genius.com/Rick-ross-buy-back-the-block-lyrics,Rick Ross,Gucci Mane
Buy Back the Block,,2016.0,2887130,https://genius.com/Rick-ross-buy-back-the-block-lyrics,Rick Ross,2 Chainz
Buy a Heart,,2014.0,601816,https://genius.com/Nicki-minaj-buy-a-heart-lyrics,Nicki Minaj,Meek Mill
Buy a Heart (Target Version),,2014.0,7705094,https://genius.com/Nicki-minaj-buy-a-heart-target-version-lyrics,Nicki Minaj,Meek Mill
Buyer’s Remorse,,2023.0,8938991,https://genius.com/Daniel-caesar-buyers-remorse-lyrics,Daniel Caesar,Omar Apollo
By Any Means,,2011.0,49989,https://genius.com/Wale-by-any-means-lyrics,Wale,Meek Mill
By Any Means,,2011.0,49989,https://genius.com/Wale-by-any-means-lyrics,Wale,Rick Ross
By Your Side (J.Lauryn Reference),,,9148998,https://genius.com/Kanye-west-by-your-side-jlauryn-reference-lyrics,Kanye West,J.Lauryn
Bye Bye Baby,,,5101300,https://genius.com/Kanye-west-bye-bye-baby-lyrics,Kanye West,Mykki Blanco
C.O.L.O.U.R.S.,,2007.0,101980,https://genius.com/Fonzworth-bentley-colours-lyrics,Fonzworth Bentley,Lil Wayne
CALL ME TRAVIS SCOTT THE WAY I JACKBOYS,,,12263045,https://genius.com/Yeezy-travis-call-me-travis-scott-the-way-i-jackboys-lyrics,Yeezy Travis,Travis Scott
CALL ME TRAVIS SCOTT THE WAY I JACKBOYS,,,12263045,https://genius.com/Yeezy-travis-call-me-travis-scott-the-way-i-jackboys-lyrics,Yeezy Travis,Kanye West
CAN’T SAY,,2018.0,3876999,https://genius.com/Travis-scott-cant-say-lyrics,Travis Scott,Don Toliver
CARNIVAL,,2024.0,10035948,https://genius.com/Kanye-west-and-ty-dolla-sign-carnival-lyrics,"¥$, Kanye West & Ty Dolla $ign",Rich The Kid
CARNIVAL,,2024.0,10035948,https://genius.com/Kanye-west-and-ty-dolla-sign-carnival-lyrics,"¥$, Kanye West & Ty Dolla $ign",Playboi Carti
CARNIVAL (ACAPELLA),,2024.0,10061614,https://genius.com/Kanye-west-and-ty-dolla-sign-carnival-acapella-lyrics,"¥$, Kanye West & Ty Dolla $ign",Rich The Kid
CARNIVAL (ACAPELLA),,2024.0,10061614,https://genius.com/Kanye-west-and-ty-dolla-sign-carnival-acapella-lyrics,"¥$, Kanye West & Ty Dolla $ign",Playboi Carti
CARNIVAL (Clean),,2024.0,10069669,https://genius.com/Kanye-west-and-ty-dolla-sign-carnival-clean-lyrics,"¥$, Kanye West & Ty Dolla $ign",Rich The Kid
CARNIVAL (Clean),,2024.0,10069669,https://genius.com/Kanye-west-and-ty-dolla-sign-carnival-clean-lyrics,"¥$, Kanye West & Ty Dolla $ign",Playboi Carti
CAROUSEL,,2018.0,3876992,https://genius.com/Travis-scott-carousel-lyrics,Travis Scott,Frank Ocean
CAROUSEL (Original),,,13572109,https://genius.com/Travis-scott-carousel-original-lyrics,Travis Scott,Frank Ocean
CASH COW,,,10932455,https://genius.com/Kanye-west-cash-cow-lyrics,Kanye West,Skepta
CHAMPIONS,,,12665840,https://genius.com/The-pastelle-collective-yedits-champions-lyrics,The Pastelle Collective (Yedits),Quavo
CHAMPIONS,,,12665840,https://genius.com/The-pastelle-collective-yedits-champions-lyrics,The Pastelle Collective (Yedits),Travis Scott
CHAMPIONS,,,12665840,https://genius.com/The-pastelle-collective-yedits-champions-lyrics,The Pastelle Collective (Yedits),Gucci Mane
CHAMPIONS,,,12665840,https://genius.com/The-pastelle-collective-yedits-champions-lyrics,The Pastelle Collective (Yedits),Big Sean
CHAMPIONS,,,12665840,https://genius.com/The-pastelle-collective-yedits-champions-lyrics,The Pastelle Collective (Yedits),2 Chainz
CIRCUS MAXIMUS,,2023.0,9368448,https://genius.com/Travis-scott-circus-maximus-lyrics,Travis Scott,The Weeknd
CIRCUS MAXIMUS,,2023.0,9368448,https://genius.com/Travis-scott-circus-maximus-lyrics,Travis Scott,Swae Lee
CITY OF CHI,,2025.0,7667908,https://genius.com/Ye-city-of-chi-lyrics,Ye,Don Toliver
CLOSE,,2018.0,3538533,https://genius.com/Rae-sremmurd-swae-lee-and-slim-jxmmi-close-lyrics,Rae Sremmurd,Travis Scott
COME 4 ¥E,,2026.0,13300533,https://genius.com/Cancer-merchant-come-4-e-lyrics,Cancer Merchant,Kanye West
COMPLEXITY THEORY,,,13426503,https://genius.com/Sean-leon-complexity-theory-lyrics,Sean Leon,Daniel Caesar
CR@SH,,2024.0,9926773,https://genius.com/Strick-cr-sh-lyrics,Strick,Travis Scott
CUT EM IN,,2020.0,5863040,https://genius.com/Anderson-paak-cut-em-in-lyrics,Anderson .Paak,Rick Ross
Call Me When You Break Up,,2025.0,11494841,https://genius.com/Selena-gomez-and-benny-blanco-call-me-when-you-break-up-lyrics,Selena Gomez,Gracie Abrams
Call Some Hoes,,2004.0,13311,https://genius.com/Chamillionaire-call-some-hoes-lyrics,Chamillionaire,Stat Quo
Call Some Hoes,,2004.0,13311,https://genius.com/Chamillionaire-call-some-hoes-lyrics,Chamillionaire,Kanye West
Calm (Interlude),,2018.0,9893404,https://genius.com/Kanye-west-calm-interlude-lyrics,Kanye West,Ty Dolla $ign
Calm (Interlude),,2018.0,9893404,https://genius.com/Kanye-west-calm-interlude-lyrics,Kanye West,Ant Clemons
Can We,,2020.0,6006399,https://genius.com/Jim-e-stack-can-we-lyrics,Jim-E Stack,Kacy Hill
Can u be-Kanye west (Ultimate version),,,11314281,https://genius.com/Kanyes-1-fan-can-u-be-kanye-west-ultimate-version-lyrics,Kanyes #1 fan,Travis Scott
Canción Mixteca,,2010.0,2048472,https://genius.com/The-chieftains-cancion-mixteca-lyrics,The Chieftains,Los Tigres Del Norte
Canción Mixteca,,2010.0,2048472,https://genius.com/The-chieftains-cancion-mixteca-lyrics,The Chieftains,Ry Cooder
Canción Mixteca (Intro),,2010.0,5673511,https://genius.com/The-chieftains-cancion-mixteca-intro-lyrics,The Chieftains,Van Dyke Parks
Canción Mixteca (Intro),,2010.0,5673511,https://genius.com/The-chieftains-cancion-mixteca-intro-lyrics,The Chieftains,Ry Cooder
Candy*,,,11343364,https://genius.com/Travis-scott-candy-lyrics,Travis Scott,DJ Khaled
Cannon Balls,,,7747405,https://genius.com/Justin-bieber-cannon-balls-lyrics,Justin Bieber,Taylor Swift
Can’t Afford It,,2018.0,3765946,https://genius.com/Rich-the-kid-cant-afford-it-lyrics,Rich The Kid,Pusha T
Can’t Be My Lover,,2008.0,200022,https://genius.com/John-legend-cant-be-my-lover-lyrics,John Legend,Buju Banton
Can’t Feel My Face,,2015.0,2378514,https://genius.com/Rick-ross-cant-feel-my-face-lyrics,Rick Ross,The Weeknd
Can’t Get Over Me,,,8394138,https://genius.com/Kanye-west-cant-get-over-me-lyrics,Kanye West,Bon Iver
Can’t Get Over Me,,,8394138,https://genius.com/Kanye-west-cant-get-over-me-lyrics,Kanye West,The-Dream
Can’t Hide From Luv,,2005.0,509916,https://genius.com/Mary-j-blige-cant-hide-from-luv-lyrics,Mary J. Blige,JAŸ-Z
Can’t Knock the Hustle,,1996.0,267,https://genius.com/Jay-z-cant-knock-the-hustle-lyrics,JAŸ-Z,Mary J. Blige
Can’t Knock the Hustle / Family Affair (MTV Unplugged),,2001.0,2450602,https://genius.com/Jay-z-cant-knock-the-hustle-family-affair-mtv-unplugged-lyrics,JAŸ-Z,Mary J. Blige
Can’t Look In My Eyes,,2014.0,2870350,https://genius.com/Kid-cudi-cant-look-in-my-eyes-lyrics,Kid Cudi,Kanye West
Can’t Say Goodbye,,2008.0,42959,https://genius.com/Snoop-dogg-cant-say-goodbye-lyrics,Snoop Dogg,Charlie Wilson
Can’t Stop,,2014.0,515519,https://genius.com/Theophilus-london-cant-stop-lyrics,Theophilus London,Kanye West
Can’t Stop My Love,,2013.0,8222005,https://genius.com/The-madd-rapper-cant-stop-my-love-lyrics,The Madd Rapper,Kanye West
Can’t Tell Me Nothing (Sunday Service Choir),,2020.0,5712029,https://genius.com/Kanye-west-cant-tell-me-nothing-sunday-service-choir-lyrics,Kanye West,Sunday Service Choir
Car #85,,2020.0,5869598,https://genius.com/Nas-car-85-lyrics,Nas,Charlie Wilson
Carnival (Version 1),,,9840705,https://genius.com/Kanye-west-and-ty-dolla-sign-carnival-version-1-lyrics,"¥$, Kanye West & Ty Dolla $ign",Rich The Kid
Carolan’s Concerto (The Celtic Harp version),,1993.0,12109145,https://genius.com/The-chieftains-carolans-concerto-the-celtic-harp-version-lyrics,The Chieftains,The Belfast Harp Orchestra
Carolina Rua / The Ladies Pantalettes,,2012.0,6445387,https://genius.com/The-chieftains-carolina-rua-the-ladies-pantalettes-lyrics,The Chieftains,Imelda May
Cash App,,2019.0,4242213,https://genius.com/Dreezy-cash-app-lyrics,Dreezy,Offset
Cash Cow*,,,10758570,https://genius.com/Skepta-cash-cow-lyrics,Skepta,Kanye West
Cash to Burn,,2019.0,10200416,https://genius.com/Kanye-west-cash-to-burn-lyrics,Kanye West,Ant Clemons
Cash to Burn (Reference),,,5204844,https://genius.com/Kanye-west-cash-to-burn-reference-lyrics,Kanye West,Styles P
Cash to Burn (Reference),,,5204844,https://genius.com/Kanye-west-cash-to-burn-reference-lyrics,Kanye West,Kenny G
Castles Crumbling (Taylor’s Version) [From The Vault],,2023.0,4499925,https://genius.com/Taylor-swift-castles-crumbling-taylors-version-from-the-vault-lyrics,Taylor Swift,Hayley Williams
Castro,,2016.0,2932773,https://genius.com/Yo-gotti-castro-lyrics,Yo Gotti,2 Chainz
Castro,,2016.0,2932773,https://genius.com/Yo-gotti-castro-lyrics,Yo Gotti,Quavo
Castro,,2016.0,2932773,https://genius.com/Yo-gotti-castro-lyrics,Yo Gotti,Big Sean
Castro,,2016.0,2932773,https://genius.com/Yo-gotti-castro-lyrics,Yo Gotti,Kanye West
Catalog of Unabashed Gratitude,,2021.0,6527833,https://genius.com/Ross-gay-catalog-of-unabashed-gratitude-annotated,Ross Gay,Bon Iver
Caught Their Eyes,,2017.0,3138627,https://genius.com/Jay-z-caught-their-eyes-lyrics,JAŸ-Z,Frank Ocean
Caught Up,,2012.0,7146460,https://genius.com/The-world-famous-tony-williams-caught-up-lyrics,The World Famous Tony Williams,CyHi
Celebration,,2011.0,55395,https://genius.com/Das-racist-celebration-lyrics,Das Racist,Francis and the Lights
Chain Heavy,,2010.0,1964,https://genius.com/Kanye-west-chain-heavy-lyrics,Kanye West,Talib Kweli
Chain Heavy,,2010.0,1964,https://genius.com/Kanye-west-chain-heavy-lyrics,Kanye West,Consequence
Chakras,,,4984295,https://genius.com/Kanye-west-chakras-lyrics,Kanye West,The-Dream
Chakras (Dreezy Reference),,,6251854,https://genius.com/Kanye-west-chakras-dreezy-reference-lyrics,Kanye West,The-Dream
Chakras (Dreezy Reference),,,6251854,https://genius.com/Kanye-west-chakras-dreezy-reference-lyrics,Kanye West,Dreezy
Chakras/We Free,,,6376768,https://genius.com/Kanye-west-chakras-we-free-lyrics,Kanye West,Desiigner
Chakras/We Free,,,6376768,https://genius.com/Kanye-west-chakras-we-free-lyrics,Kanye West,The-Dream
Chakras/We Free,,,6376768,https://genius.com/Kanye-west-chakras-we-free-lyrics,Kanye West,Jeremih
Chakras/We Free,,,6376768,https://genius.com/Kanye-west-chakras-we-free-lyrics,Kanye West,Ant Clemons
Champion,,2012.0,69579,https://genius.com/Nicki-minaj-champion-lyrics,Nicki Minaj,Nas
Champion,,2012.0,69579,https://genius.com/Nicki-minaj-champion-lyrics,Nicki Minaj,Drake
Champion,,2012.0,69579,https://genius.com/Nicki-minaj-champion-lyrics,Nicki Minaj,Jeezy
Champions Snippet,,2002.0,10095579,https://genius.com/Kanye-west-champions-snippet-lyrics,Kanye West,Dame Dash
Chance the Rapper Oyster Magazine Interview,,,268765,https://genius.com/Oyster-magazine-chance-the-rapper-oyster-magazine-interview-annotated,Oyster Magazine,Chance the Rapper
Change Clothes,,2003.0,717,https://genius.com/Jay-z-change-clothes-lyrics,JAŸ-Z,Pharrell Williams
Change Clothes (The Grey Album),,2004.0,4215035,https://genius.com/Danger-mouse-change-clothes-the-grey-album-lyrics,Danger Mouse,JAŸ-Z
Changing Lanes,,2003.0,13748,https://genius.com/Chops-changing-lanes-lyrics,CHOPS,Kanye West
Chano (Mr. #1 Dubplate),,,3207371,https://genius.com/Chance-the-rapper-chano-mr-1-dubplate-lyrics,Chance the Rapper,James Fauntleroy
Chaz Interlude,,2013.0,154130,https://genius.com/Travis-scott-chaz-interlude-lyrics,Travis Scott,Toro y Moi
Cheat On You,,1997.0,30482,https://genius.com/Ma-e-cheat-on-you-lyrics,Ma$e,JAŸ-Z
Check (Bonus),,2019.0,5496685,https://genius.com/Lamont-lawrence-check-bonus-lyrics,Lamont Lawrence,Lil Animus
Chemicals Make You Small,,2026.0,13301879,https://genius.com/Hammock-chemicals-make-you-small-lyrics,Hammock,The Flaming Lips
Chi-Town,,2005.0,3893226,https://genius.com/Rhymefest-chi-town-lyrics,Rhymefest,Twista
Chi-Town,,2005.0,3893226,https://genius.com/Rhymefest-chi-town-lyrics,Rhymefest,Kanye West
Chicago Shit,,2006.0,7308974,https://genius.com/Shawnna-chicago-shit-lyrics,Shawnna,Kanye West
Children of the Moon,,2012.0,1155412,https://genius.com/The-flaming-lips-children-of-the-moon-lyrics,The Flaming Lips,Tame Impala
Childs Play,,2014.0,387116,https://genius.com/Sza-childs-play-lyrics,SZA,Chance the Rapper
Christian Dior Denim Flow,,2010.0,1410,https://genius.com/Kanye-west-christian-dior-denim-flow-lyrics,Kanye West,Kid Cudi
Christian Dior Denim Flow,,2010.0,1410,https://genius.com/Kanye-west-christian-dior-denim-flow-lyrics,Kanye West,John Legend
Christian Dior Denim Flow,,2010.0,1410,https://genius.com/Kanye-west-christian-dior-denim-flow-lyrics,Kanye West,Ryan Leslie
Christian Dior Denim Flow,,2010.0,1410,https://genius.com/Kanye-west-christian-dior-denim-flow-lyrics,Kanye West,Pusha T
Christian Dior Denim Flow,,2010.0,1410,https://genius.com/Kanye-west-christian-dior-denim-flow-lyrics,Kanye West,Lloyd Banks
Christmas In Harlem,,2010.0,62182,https://genius.com/Kanye-west-christmas-in-harlem-lyrics,Kanye West,CyHi
Christmas In Harlem,,2010.0,62182,https://genius.com/Kanye-west-christmas-in-harlem-lyrics,Kanye West,Teyana Taylor
Christmas In Harlem (Original),,,13250432,https://genius.com/Kanye-west-christmas-in-harlem-original-lyrics,Kanye West,CyHi
Christmas In Harlem (Original),,,13250432,https://genius.com/Kanye-west-christmas-in-harlem-original-lyrics,Kanye West,Teyana Taylor
Christmas In Harlem (UnCut 9 Min Version),,2010.0,13530494,https://genius.com/Kanye-west-christmas-in-harlem-uncut-9-min-version-lyrics,Kanye West,CyHi
Christmas In Harlem (UnCut 9 Min Version),,2010.0,13530494,https://genius.com/Kanye-west-christmas-in-harlem-uncut-9-min-version-lyrics,Kanye West,Teyana Taylor
Christmas In Harlem (UnCut 9 Min Version),,2010.0,13530494,https://genius.com/Kanye-west-christmas-in-harlem-uncut-9-min-version-lyrics,Kanye West,Pusha T
Christmas In Harlem (UnCut 9 Min Version),,2010.0,13530494,https://genius.com/Kanye-west-christmas-in-harlem-uncut-9-min-version-lyrics,Kanye West,Vado
Christmas In Harlem (UnCut 9 Min Version),,2010.0,13530494,https://genius.com/Kanye-west-christmas-in-harlem-uncut-9-min-version-lyrics,Kanye West,Big Sean
Christmas In Harlem (UnCut 9 Min Version),,2010.0,13530494,https://genius.com/Kanye-west-christmas-in-harlem-uncut-9-min-version-lyrics,Kanye West,Cam’ron
Christmas In Harlem (UnCut 9 Min Version),,2010.0,13530494,https://genius.com/Kanye-west-christmas-in-harlem-uncut-9-min-version-lyrics,Kanye West,Jim Jones
Christmas In Harlem (UnCut 9 Min Version),,2010.0,13530494,https://genius.com/Kanye-west-christmas-in-harlem-uncut-9-min-version-lyrics,Kanye West,Musiq Soulchild
Christmas in Harlem (GOOD Fridays Version),,2010.0,2658,https://genius.com/Kanye-west-christmas-in-harlem-good-fridays-version-lyrics,Kanye West,Teyana Taylor
Christmas in Harlem (GOOD Fridays Version),,2010.0,2658,https://genius.com/Kanye-west-christmas-in-harlem-good-fridays-version-lyrics,Kanye West,Vado
Christmas in Harlem (GOOD Fridays Version),,2010.0,2658,https://genius.com/Kanye-west-christmas-in-harlem-good-fridays-version-lyrics,Kanye West,Jim Jones
Christmas in Harlem (GOOD Fridays Version),,2010.0,2658,https://genius.com/Kanye-west-christmas-in-harlem-good-fridays-version-lyrics,Kanye West,CyHi
Christmas in Harlem (GOOD Fridays Version),,2010.0,2658,https://genius.com/Kanye-west-christmas-in-harlem-good-fridays-version-lyrics,Kanye West,Pusha T
Christmas in Harlem (GOOD Fridays Version),,2010.0,2658,https://genius.com/Kanye-west-christmas-in-harlem-good-fridays-version-lyrics,Kanye West,Big Sean
Christmas in Harlem (GOOD Fridays Version),,2010.0,2658,https://genius.com/Kanye-west-christmas-in-harlem-good-fridays-version-lyrics,Kanye West,Cam’ron
Christmas in Harlem (GOOD Fridays Version),,2010.0,2658,https://genius.com/Kanye-west-christmas-in-harlem-good-fridays-version-lyrics,Kanye West,Musiq Soulchild
Chrome Slugs and Harmony (Original),,,8399615,https://genius.com/The-game-chrome-slugs-and-harmony-original-lyrics,The Game,Kanye West
Chrome Slugs and Harmony (Original),,,8399615,https://genius.com/The-game-chrome-slugs-and-harmony-original-lyrics,The Game,Lil Wayne
Chrystal Meth Christian,,2010.0,2126912,https://genius.com/Teddybears-chrystal-meth-christian-lyrics,Teddybears,The Flaming Lips
Chun Swae,,2018.0,3890630,https://genius.com/Nicki-minaj-chun-swae-lyrics,Nicki Minaj,Swae Lee
Chun Swae (traduzione italiana),,2018.0,11612768,https://genius.com/Nicki-minaj-chun-swae-traduzione-italiana-lyrics,Nicki Minaj,Swae Lee
Church,,2015.0,2282556,https://genius.com/Bj-the-chicago-kid-church-lyrics,BJ the Chicago Kid,Chance the Rapper
Church,,2015.0,2282556,https://genius.com/Bj-the-chicago-kid-church-lyrics,BJ the Chicago Kid,Buddy
Church Girl*,,,11819255,https://genius.com/Kanye-west-and-james-blake-church-girl-lyrics,Kanye West,Lil Uzi Vert
Cinderella AI Remaster,,,11239870,https://genius.com/Future-and-diablo-cinderella-ai-remaster-lyrics,Future,Travis Scott
Cinderella AI Remaster,,,11239870,https://genius.com/Future-and-diablo-cinderella-ai-remaster-lyrics,Future,Metro Boomin
Cindy,,2002.0,9795625,https://genius.com/The-chieftains-cindy-lyrics,The Chieftains,Ricky Skaggs
Cindy,,2002.0,9795625,https://genius.com/The-chieftains-cindy-lyrics,The Chieftains,Kentucky Thunder
City In The Sky (Freestyle),,,12961900,https://genius.com/Kanye-west-city-in-the-sky-freestyle-lyrics,Kanye West,Ty Dolla $ign
City In The Sky (Freestyle),,,12961900,https://genius.com/Kanye-west-city-in-the-sky-freestyle-lyrics,Kanye West,Desiigner
City In The Sky (Freestyle),,,12961900,https://genius.com/Kanye-west-city-in-the-sky-freestyle-lyrics,Kanye West,070 Shake
City In The Sky (Freestyle),,,12961900,https://genius.com/Kanye-west-city-in-the-sky-freestyle-lyrics,Kanye West,Ant Clemons
Clappers,,2013.0,174175,https://genius.com/Wale-clappers-lyrics,Wale,Juicy J
Clappers,,2013.0,174175,https://genius.com/Wale-clappers-lyrics,Wale,Nicki Minaj
Clarity X Wildest Dreams X Really Don’t Care (SadBois Edit),,2026.0,13277215,https://genius.com/Sadbois-clarity-x-wildest-dreams-x-really-dont-care-sadbois-edit-lyrics,SadBois,Taylor Swift
Clear Da Scene,,2006.0,187216,https://genius.com/Dj-clue-clear-da-scene-lyrics,DJ Clue,Lil Wayne
Clear Da Scene,,2006.0,187216,https://genius.com/Dj-clue-clear-da-scene-lyrics,DJ Clue,Rick Ross
Clear and Simple,,2019.0,5098096,https://genius.com/Theodore-shapiro-clear-and-simple-lyrics,Theodore Shapiro,Caroline Shaw
Clique,,2012.0,91933,https://genius.com/Rick-ross-clique-lyrics,Rick Ross,Rockie Fresh
Clique.tv Interview,,,721589,https://genius.com/Kanye-west-cliquetv-interview-lyrics,Kanye West,Mouloud Achour
Coals Burn Out,,,10375790,https://genius.com/Charli-xcx-coals-burn-out-lyrics,Charli xcx,Ilsey
Coast,,2024.0,10631799,https://genius.com/Dua-saleh-coast-lyrics,Dua Saleh,Gallant
Coast is Clear,,2014.0,378485,https://genius.com/Skrillex-coast-is-clear-lyrics,Skrillex,Chance the Rapper
Coast of Malabar,,,1796424,https://genius.com/The-chieftains-coast-of-malabar-lyrics,The Chieftains,Ry Cooder
Coca Coca,,2010.0,49135,https://genius.com/Gucci-mane-coca-coca-lyrics,Gucci Mane,Yo Gotti
Coca Coca,,2010.0,49135,https://genius.com/Gucci-mane-coca-coca-lyrics,Gucci Mane,Nicki Minaj
Cocaine Muzik,,2010.0,6388114,https://genius.com/Yo-gotti-cocaine-muzik-lyrics,Yo Gotti,Clipse
Cocaine Muzik,,2010.0,6388114,https://genius.com/Yo-gotti-cocaine-muzik-lyrics,Yo Gotti,Rick Ross
Cocaine Muzik,,2010.0,6388114,https://genius.com/Yo-gotti-cocaine-muzik-lyrics,Yo Gotti,Jeezy
Cocaine Spoon,,2023.0,9067151,https://genius.com/Belly-cocaine-spoon-lyrics,Belly,Rick Ross
Cocaine Spoon (Acapella),,2023.0,9433984,https://genius.com/Belly-cocaine-spoon-acapella-lyrics,Belly,Rick Ross
Cocoa Butter Kisses,,2013.0,146864,https://genius.com/Chance-the-rapper-cocoa-butter-kisses-lyrics,Chance the Rapper,VIC MENSA
Cocoa Butter Kisses,,2013.0,146864,https://genius.com/Chance-the-rapper-cocoa-butter-kisses-lyrics,Chance the Rapper,Twista
Coffee Shop,,2007.0,1205,https://genius.com/Yung-joc-coffee-shop-lyrics,Yung Joc,The-Dream
Cold Winds (DONDA LEAK),,2021.0,13721593,https://genius.com/Kanye-west-cold-winds-donda-leak-lyrics,Kanye West,The Weeknd
Cold Winds (DONDA LEAK),,2021.0,13721593,https://genius.com/Kanye-west-cold-winds-donda-leak-lyrics,Kanye West,André 3000
Cold World,,,7653005,https://genius.com/Kanye-west-cold-world-lyrics,Kanye West,Moneybagg Yo
Collision*,,2026.0,12152159,https://genius.com/Wallie-the-sensei-collision-lyrics,Wallie the Sensei,Travis Scott
Colors in Taylor Swift Songs,,,5264451,https://genius.com/Community-lists-colors-in-taylor-swift-songs-annotated,Community Lists,Taylor Swift
Colourblind,,2015.0,10720737,https://genius.com/Salute-colourblind-lyrics,salute,ABRA
Come All Ye Fair and Tender Ladies,,2012.0,1846122,https://genius.com/The-chieftains-come-all-ye-fair-and-tender-ladies-lyrics,The Chieftains,Pistol Annies
Come Back,,2021.0,5722638,https://genius.com/Mustafa-come-back-lyrics,Mustafa,James Blake
Come Back to Me,,2020.0,4995895,https://genius.com/Teyana-taylor-come-back-to-me-lyrics,Teyana Taylor,Rick Ross
Come Through,,2016.0,2433806,https://genius.com/Donnie-can-come-through-lyrics,Donnie (CAN),Daniel Caesar
Come to Life (Deluxe),,2021.0,7238403,https://genius.com/Kanye-west-come-to-life-deluxe-lyrics,Kanye West,"Tyler, The Creator"
Come to Life (Original),,,13402306,https://genius.com/Kanye-west-come-to-life-original-lyrics,Kanye West,"Tyler, The Creator"
Come to Life (Original),,,13402306,https://genius.com/Kanye-west-come-to-life-original-lyrics,Kanye West,Steve Lacy
Come to Life (Original),,,13402306,https://genius.com/Kanye-west-come-to-life-original-lyrics,Kanye West,Sunday Service Choir
Coming Back,,2021.0,7031977,https://genius.com/James-blake-coming-back-lyrics,James Blake,SZA
Coming Down,,,12400675,https://genius.com/Daniel-caesar-coming-down-lyrics,Daniel Caesar,Ellie Goulding
Company,,2015.0,703732,https://genius.com/Drake-company-lyrics,Drake,Travis Scott
Computerized,,2014.0,378163,https://genius.com/Daft-punk-computerized-lyrics,Daft Punk,JAŸ-Z
Concentrate,,2022.0,8601608,https://genius.com/Billy-lemos-concentrate-lyrics,Billy Lemos,Dua Saleh
Concussion,,2023.0,8998213,https://genius.com/Fivio-foreign-concussion-lyrics,Fivio Foreign,Kanye West
Confident,,2013.0,288756,https://genius.com/Justin-bieber-confident-lyrics,Justin Bieber,Chance the Rapper
Connect the Dots,,2017.0,3156909,https://genius.com/Meek-mill-connect-the-dots-lyrics,Meek Mill,Rick Ross
Connect the Dots,,2017.0,3156909,https://genius.com/Meek-mill-connect-the-dots-lyrics,Meek Mill,Yo Gotti
Consequences,,2025.0,12859333,https://genius.com/Theodore-shapiro-consequences-lyrics,Theodore Shapiro,Caroline Shaw
Convenience (Feat: Kanye West),,2025.0,13312361,https://genius.com/Wyattbeats-convenience-feat-kanye-west-lyrics,WYATTbeats,Kanye West
Cops Shot the Kid,,2018.0,3780016,https://genius.com/Nas-cops-shot-the-kid-lyrics,Nas,Kanye West
Coral,,,9764037,https://genius.com/Bon-iver-coral-lyrics,Bon Iver,Frank Ocean
Corona Blues,,,5580383,https://genius.com/Daniel-caesar-corona-blues-lyrics,Daniel Caesar,Sean Leon
Count Me Out,,,11010913,https://genius.com/Ty-dolla-sign-count-me-out-lyrics,Ty Dolla $ign,Juice WRLD
Count Me Out,,,11010913,https://genius.com/Ty-dolla-sign-count-me-out-lyrics,Ty Dolla $ign,Big Sean
Count Me Out,,,11010913,https://genius.com/Ty-dolla-sign-count-me-out-lyrics,Ty Dolla $ign,Chance the Rapper
Country Blues,,,907060,https://genius.com/The-chieftains-country-blues-lyrics,The Chieftains,Buddy
Country Blues,,,907060,https://genius.com/The-chieftains-country-blues-lyrics,The Chieftains,Julie Miller
Crack Music,,2005.0,3254,https://genius.com/Kanye-west-crack-music-lyrics,Kanye West,The Game
Cranberry Sauce,,2017.0,9494285,https://genius.com/A-ap-rocky-cranberry-sauce-lyrics,A$AP Rocky,The-Dream
Crash Landing,,2020.0,8273464,https://genius.com/Kanye-west-crash-landing-lyrics,Kanye West,KayCyy
Crash Landing,,2020.0,8273464,https://genius.com/Kanye-west-crash-landing-lyrics,Kanye West,Sheck Wes
Crazy,,2007.0,60414,https://genius.com/Ne-yo-crazy-lyrics,Ne-Yo,JAŸ-Z
Crazy (R&B Jumpoff 29),,2007.0,2907906,https://genius.com/Ne-yo-crazy-r-b-jumpoff-29-lyrics,Ne-Yo,JAŸ-Z
Crazy In Love (Instrumental),,,11588722,https://genius.com/Beyonce-crazy-in-love-instrumental-lyrics,Beyoncé,JAŸ-Z
Crazy in Love,,2003.0,32167,https://genius.com/Beyonce-crazy-in-love-lyrics,Beyoncé,JAŸ-Z
Crazy in Love [Mixed],,2024.0,10771870,https://genius.com/Beyonce-crazy-in-love-mixed-lyrics,Beyoncé,JAŸ-Z
Crib,,,2220158,https://genius.com/Meek-mill-and-rick-ross-crib-lyrics,Meek Mill,2 Chainz
Crib,,,2220158,https://genius.com/Meek-mill-and-rick-ross-crib-lyrics,Meek Mill,A$AP Rocky
Crib in My Closet,,2014.0,422269,https://genius.com/2-chainz-crib-in-my-closet-lyrics,2 Chainz,A$AP Rocky
Crib in My Closet,,2014.0,422269,https://genius.com/2-chainz-crib-in-my-closet-lyrics,2 Chainz,Rick Ross
Criminal,,2017.0,3337473,https://genius.com/Miguel-criminal-lyrics,Miguel,Rick Ross
Cross Me,,2019.0,4568965,https://genius.com/Ed-sheeran-cross-me-lyrics,Ed Sheeran,Chance the Rapper
"Crouching Tiger, Hidden Water Moccasin",,2016.0,11874924,https://genius.com/Jim-mangan-crouching-tiger-hidden-water-moccasin-annotated,Jim Mangan,Frank Ocean
Crown,,2013.0,182405,https://genius.com/Jay-z-crown-lyrics,JAŸ-Z,Travis Scott
Crumble,,2023.0,9526231,https://genius.com/The-national-crumble-lyrics,The National,Rosanne Cash
Crystal Meth Christian,,,1964001,https://genius.com/Teddybears-crystal-meth-christian-lyrics,Teddybears,The Flaming Lips
"Cypher (feat. Hit-Boy, Price, BMAC, Oktane, Schoolboy Q, Casey Veggies, XZIBIT, Method Man, Redman & Raekwon)",,,2218219,https://genius.com/Kent-m-ney-cypher-feat-hit-boy-price-bmac-oktane-schoolboy-q-casey-veggies-xzibit-method-man-redman-and-raekwon-lyrics,Kent M$ney,Hit-Boy
"Cypher (feat. Hit-Boy, Price, BMAC, Oktane, Schoolboy Q, Casey Veggies, XZIBIT, Method Man, Redman & Raekwon)",,,2218219,https://genius.com/Kent-m-ney-cypher-feat-hit-boy-price-bmac-oktane-schoolboy-q-casey-veggies-xzibit-method-man-redman-and-raekwon-lyrics,Kent M$ney,Audio Push
"Cypher (feat. Hit-Boy, Price, BMAC, Oktane, Schoolboy Q, Casey Veggies, XZIBIT, Method Man, Redman & Raekwon)",,,2218219,https://genius.com/Kent-m-ney-cypher-feat-hit-boy-price-bmac-oktane-schoolboy-q-casey-veggies-xzibit-method-man-redman-and-raekwon-lyrics,Kent M$ney,Casey Veggies
"Cypher (feat. Hit-Boy, Price, BMAC, Oktane, Schoolboy Q, Casey Veggies, XZIBIT, Method Man, Redman & Raekwon)",,,2218219,https://genius.com/Kent-m-ney-cypher-feat-hit-boy-price-bmac-oktane-schoolboy-q-casey-veggies-xzibit-method-man-redman-and-raekwon-lyrics,Kent M$ney,Rick Ross
D.G.I.F.U.,,2015.0,699873,https://genius.com/Chris-brown-and-tyga-dgifu-lyrics,Chris Brown,Pusha T
D.O.P.E.,,2015.0,2371932,https://genius.com/Rick-ross-dope-lyrics,Rick Ross,Future
DAMN (IAPW Version),,,13352097,https://genius.com/Ye-damn-iapw-version-lyrics,Ye,Hassan Khaffaf
DEAD (Freestyle),,,10622507,https://genius.com/Kanye-west-and-ty-dolla-sign-dead-freestyle-lyrics,"¥$, Kanye West & Ty Dolla $ign",Future
DEAD (Freestyle),,,10622507,https://genius.com/Kanye-west-and-ty-dolla-sign-dead-freestyle-lyrics,"¥$, Kanye West & Ty Dolla $ign",Lil Durk
DEAD (Jew Freestyle),,,10725426,https://genius.com/Kanye-west-and-ty-dolla-sign-dead-jew-freestyle-lyrics,"¥$, Kanye West & Ty Dolla $ign",Future
DEAD (Jew Freestyle),,,10725426,https://genius.com/Kanye-west-and-ty-dolla-sign-dead-jew-freestyle-lyrics,"¥$, Kanye West & Ty Dolla $ign",Lil Durk
DEAD (Ty Dolla $ign & Fre$h Reference),,,11056320,https://genius.com/Kanye-west-and-ty-dolla-sign-dead-ty-dolla-sign-and-fre-h-reference-lyrics,"¥$, Kanye West & Ty Dolla $ign",Future
DEAD (Ty Dolla $ign & Fre$h Reference),,,11056320,https://genius.com/Kanye-west-and-ty-dolla-sign-dead-ty-dolla-sign-and-fre-h-reference-lyrics,"¥$, Kanye West & Ty Dolla $ign",Lil Durk
DELRESTO (ECHOES) [Original],,,9368607,https://genius.com/Travis-scott-delresto-echoes-original-lyrics,Travis Scott,Kanye West
DELRESTO (ECHOES) [Original],,,9368607,https://genius.com/Travis-scott-delresto-echoes-original-lyrics,Travis Scott,James Blake
DELRESTO (ECHOES) [Original],,,9368607,https://genius.com/Travis-scott-delresto-echoes-original-lyrics,Travis Scott,Bon Iver
DIFFERENT REGIONS,,,10766477,https://genius.com/Lil-skydie-different-regions-lyrics,Lil Skydie,Travis Scott
DJ Khaled Interlude,,2008.0,67504,https://genius.com/Rick-ross-dj-khaled-interlude-lyrics,Rick Ross,DJ Khaled
DO IT (Original),,,11420586,https://genius.com/Kanye-west-and-ty-dolla-sign-do-it-original-lyrics,"¥$, Kanye West & Ty Dolla $ign",Tyga
DONDA PRAYER,,,10255819,https://genius.com/Kanye-west-donda-prayer-lyrics,Kanye West,Stalone
DON’T KILL THE PARTY,,2025.0,11979374,https://genius.com/Ty-dolla-sign-dont-kill-the-party-lyrics,Ty Dolla $ign,Quavo
DON’T KILL THE PARTY,,2025.0,11979374,https://genius.com/Ty-dolla-sign-dont-kill-the-party-lyrics,Ty Dolla $ign,Juicy J
DON’T KILL THE PARTY (Coast 2 Coast),,2025.0,12823300,https://genius.com/Ty-dolla-sign-dont-kill-the-party-coast-2-coast-lyrics,Ty Dolla $ign,Tyga
DON’T KILL THE PARTY (Coast 2 Coast),,2025.0,12823300,https://genius.com/Ty-dolla-sign-dont-kill-the-party-coast-2-coast-lyrics,Ty Dolla $ign,Quavo
DON’T KILL THE PARTY (Sped Up),,2025.0,12823306,https://genius.com/Ty-dolla-sign-dont-kill-the-party-sped-up-lyrics,Ty Dolla $ign,Juicy J
DON’T KILL THE PARTY (Sped Up),,2025.0,12823306,https://genius.com/Ty-dolla-sign-dont-kill-the-party-sped-up-lyrics,Ty Dolla $ign,Quavo
DREAMS,,,10061177,https://genius.com/Manuel-1-dreams-lyrics,Manuel #1,Kanye West
DRUNK,,2024.0,10742472,https://genius.com/Kanye-west-and-ty-dolla-sign-drunk-lyrics,"¥$, Kanye West & Ty Dolla $ign",Peso Pluma
DRUNK,,2024.0,10742472,https://genius.com/Kanye-west-and-ty-dolla-sign-drunk-lyrics,"¥$, Kanye West & Ty Dolla $ign",Kodak Black
DTF,,2018.0,3890610,https://genius.com/The-game-dtf-lyrics,The Game,Jeremih
DTF,,2018.0,3890610,https://genius.com/The-game-dtf-lyrics,The Game,Ty Dolla $ign
Daffadowndilly,,2021.0,6475259,https://genius.com/Toth-daffadowndilly-lyrics,Tōth,Flock of Dimes
Daft Punk Louis Vuitton Full Mix 2008,,2008.0,2896892,https://genius.com/Daft-punk-daft-punk-louis-vuitton-full-mix-2008-annotated,Daft Punk,Busta Rhymes
Daft Punk Louis Vuitton Full Mix 2008,,2008.0,2896892,https://genius.com/Daft-punk-daft-punk-louis-vuitton-full-mix-2008-annotated,Daft Punk,Kanye West
Damn Come On (TG16 Version),,,10857840,https://genius.com/Kanye-west-damn-come-on-tg16-version-lyrics,Kanye West,Kid Cudi
Damn*,,,6981634,https://genius.com/Travis-scott-damn-lyrics,Travis Scott,Kirko Bangz
Dance on the Moon,,2013.0,153929,https://genius.com/Travis-scott-dance-on-the-moon-lyrics,Travis Scott,Theophilus London
Dance on the Moon,,2013.0,153929,https://genius.com/Travis-scott-dance-on-the-moon-lyrics,Travis Scott,Paul Wall
Dangerous World,,2018.0,3878829,https://genius.com/Mustard-dangerous-world-lyrics,Mustard,Travis Scott
Danny Boy,,1999.0,1796402,https://genius.com/The-chieftains-danny-boy-lyrics,The Chieftains,Diana Krall
Danza de Concheros,,2010.0,5673500,https://genius.com/The-chieftains-danza-de-concheros-lyrics,The Chieftains,Los Folkloristas
Dappa Dan,,2009.0,4700703,https://genius.com/Max-b-dappa-dan-lyrics,Max B,JAŸ-Z
Dark Knight Dummo,,2017.0,3323370,https://genius.com/Trippie-redd-dark-knight-dummo-lyrics,Trippie Redd,Travis Scott
Dark Side of the Moon,,2018.0,3985346,https://genius.com/Lil-wayne-dark-side-of-the-moon-lyrics,Lil Wayne,Nicki Minaj
Dark as a Dungeon,,,1065512,https://genius.com/The-chieftains-dark-as-a-dungeon-lyrics,The Chieftains,Vince Gill
Dat Side,,2017.0,3296505,https://genius.com/Cyhi-dat-side-lyrics,CyHi,Kanye West
Dawns,,2023.0,8742482,https://genius.com/Zach-bryan-dawns-lyrics,Zach Bryan,Maggie Rogers
"Day In, Day Out",,2019.0,12132635,https://genius.com/Kanye-west-day-in-day-out-lyrics,Kanye West,De La Soul
Day One,,2025.0,11465007,https://genius.com/Bon-iver-day-one-lyrics,Bon Iver,Dijon
Day One,,2025.0,11465007,https://genius.com/Bon-iver-day-one-lyrics,Bon Iver,Flock of Dimes
Daydreams,,2020.0,6120331,https://genius.com/Chester-watson-daydreams-lyrics,Chester Watson,Dua Saleh
Daylight,,2022.0,7016906,https://genius.com/Vory-daylight-lyrics,Vory,Kanye West
Days Ahead,,2022.0,7860195,https://genius.com/Bruce-hornsby-days-ahead-lyrics,Bruce Hornsby,Danielle Haim
Dead Presidents,,2017.0,3019833,https://genius.com/Rick-ross-dead-presidents-lyrics,Rick Ross,Yo Gotti
Dead Presidents,,2017.0,3019833,https://genius.com/Rick-ross-dead-presidents-lyrics,Rick Ross,Jeezy
Dead Presidents,,2017.0,3019833,https://genius.com/Rick-ross-dead-presidents-lyrics,Rick Ross,Future
Deadstream (Rostam Version),,2016.0,2904065,https://genius.com/Jim-e-stack-deadstream-rostam-version-lyrics,Jim-E Stack,Charli xcx
Dear Momma,,2006.0,25778,https://genius.com/Papoose-dear-momma-lyrics,Papoose,Kanye West
Dear Theodosia (Reprise),,2016.0,2899286,https://genius.com/Chance-the-rapper-dear-theodosia-reprise-lyrics,Chance the Rapper,Francis and the Lights
December 4th (The Grey Album),,2004.0,4215031,https://genius.com/Danger-mouse-december-4th-the-grey-album-lyrics,Danger Mouse,JAŸ-Z
Decision,,2009.0,8958,https://genius.com/Busta-rhymes-decision-lyrics,Busta Rhymes,Jamie Foxx
Decision,,2009.0,8958,https://genius.com/Busta-rhymes-decision-lyrics,Busta Rhymes,Mary J. Blige
Decision,,2009.0,8958,https://genius.com/Busta-rhymes-decision-lyrics,Busta Rhymes,John Legend
Decision,,2009.0,8958,https://genius.com/Busta-rhymes-decision-lyrics,Busta Rhymes,Common
Deep,,2014.0,493213,https://genius.com/Mustard-deep-lyrics,Mustard,Wiz Khalifa
Deep,,2014.0,493213,https://genius.com/Mustard-deep-lyrics,Mustard,Rick Ross
Deep End,,2025.0,11564942,https://genius.com/Jim-jones-deep-end-lyrics,Jim Jones,Rick Ross
Deflect The Light,,2017.0,3257566,https://genius.com/Vessels-deflect-the-light-lyrics,Vessels,The Flaming Lips
Dem Guys,,,10492507,https://genius.com/Kanye-west-dem-guys-lyrics,Kanye West,Go Getters
Deserted Soldier (An Saighdiúir Tréigthe),,1999.0,5673202,https://genius.com/The-chieftains-deserted-soldier-an-saighdiuir-treigthe-lyrics,The Chieftains,Mary Chapin Carpenter
Deserve,,2017.0,3268198,https://genius.com/Kris-wu-deserve-lyrics,吴亦凡 (Kris Wu),Travis Scott
Devil In a New Dress,,2010.0,1207,https://genius.com/Kanye-west-devil-in-a-new-dress-lyrics,Kanye West,Rick Ross
Diamonds Dancing,,2021.0,6100435,https://genius.com/Young-stoner-life-young-thug-and-gunna-diamonds-dancing-lyrics,Young Stoner Life,Travis Scott
Diced Pineapples,,2012.0,80557,https://genius.com/Rick-ross-diced-pineapples-lyrics,Rick Ross,Wale
Diced Pineapples,,2012.0,80557,https://genius.com/Rick-ross-diced-pineapples-lyrics,Rick Ross,Drake
Did I Do Enough?,,2025.0,11513280,https://genius.com/Lonnie-holley-did-i-do-enough-lyrics,Lonnie Holley,Jesca Hoop
Did I Really Love You?,,,11613403,https://genius.com/Gracie-abrams-did-i-really-love-you-lyrics,Gracie Abrams,FINNEAS
Did It My Way,,2012.0,2936587,https://genius.com/Stack-bundles-did-it-my-way-lyrics,Stack Bundles,Kanye West
Diddy Intro,,2010.0,459825,https://genius.com/Rick-ross-diddy-intro-lyrics,Rick Ross,Diddy
Didn’t I,,,7738582,https://genius.com/Kanye-west-didnt-i-lyrics,Kanye West,Cailin Russo
Digital Girl,,2008.0,89942,https://genius.com/Jamie-foxx-digital-girl-lyrics,Jamie Foxx,Kanye West
Digital Girl,,2008.0,89942,https://genius.com/Jamie-foxx-digital-girl-lyrics,Jamie Foxx,The-Dream
Digital Thugz,,,3560232,https://genius.com/Kanye-west-digital-thugz-lyrics,Kanye West,Mikkey Halsted
Digital Thugz,,,3560232,https://genius.com/Kanye-west-digital-thugz-lyrics,Kanye West,k-os
Dime Bags,,,13319551,https://genius.com/Jjared-dime-bags-lyrics,Jjared,Daniel Caesar
Dipped in Steel,,2019.0,4458259,https://genius.com/The-flaming-lips-dipped-in-steel-lyrics,The Flaming Lips,Mick Jones
Dirt Off Your Shoulders (The Grey Album),,2004.0,4215033,https://genius.com/Danger-mouse-dirt-off-your-shoulders-the-grey-album-lyrics,Danger Mouse,JAŸ-Z
Disarm You,,2015.0,2275255,https://genius.com/Kaskade-disarm-you-lyrics,Kaskade,Ilsey
Disarm You (Let Me),,2018.0,4560231,https://genius.com/Dj-audiojack-disarm-you-let-me-lyrics,DJ-AudioJack,Ilsey
Disarm You [Mixed],,2022.0,8864503,https://genius.com/Kaskade-disarm-you-mixed-lyrics,Kaskade,Ilsey
Disperse,,2007.0,14534,https://genius.com/Consequence-disperse-lyrics,Consequence,GLC
Disperse,,2007.0,14534,https://genius.com/Consequence-disperse-lyrics,Consequence,The World Famous Tony Williams
Disperse,,2007.0,14534,https://genius.com/Consequence-disperse-lyrics,Consequence,Really Doe
Do I Know U,,2020.0,5748267,https://genius.com/Yung-vex-do-i-know-u-lyrics,Yung Vex,Gracie Abrams
Do It!,,2011.0,1813164,https://genius.com/The-flaming-lips-do-it-lyrics,The Flaming Lips,Yoko Ono
Do Sumthing Strange,,2011.0,59857,https://genius.com/Ludacris-do-sumthing-strange-lyrics,Ludacris,Rick Ross
Do That,,,5646347,https://genius.com/Jeremih-do-that-lyrics,Jeremih,Nicki Minaj
Do This Shit Again,,2010.0,1453311,https://genius.com/Gucci-mane-do-this-shit-again-lyrics,Gucci Mane,Yo Gotti
Do This Shit Again,,2010.0,1453311,https://genius.com/Gucci-mane-do-this-shit-again-lyrics,Gucci Mane,Rick Ross
Do U Wanna Ride,,2006.0,24458,https://genius.com/Jay-z-do-u-wanna-ride-lyrics,JAŸ-Z,John Legend
Do You Believe,,,5124597,https://genius.com/Chance-the-rapper-do-you-believe-lyrics,Chance the Rapper,Childish Gambino
Do You Believe,,,5124597,https://genius.com/Chance-the-rapper-do-you-believe-lyrics,Chance the Rapper,Jhené Aiko
Do You Do You Know,,2021.0,7054203,https://genius.com/Mark-ronson-do-you-do-you-know-lyrics,Mark Ronson,Santigold
Do You Have the Stamina?,,2009.0,11045,https://genius.com/Bob-do-you-have-the-stamina-lyrics,B.o.B,Kanye West
Do You Like It....Do You Want It....,,1999.0,38113,https://genius.com/Diddy-do-you-like-it-do-you-want-it-lyrics,Diddy,JAŸ-Z
Do You Mind,,2016.0,2825347,https://genius.com/Dj-khaled-do-you-mind-lyrics,DJ Khaled,Nicki Minaj
Do You Mind,,2016.0,2825347,https://genius.com/Dj-khaled-do-you-mind-lyrics,DJ Khaled,Chris Brown
Do You Mind,,2016.0,2825347,https://genius.com/Dj-khaled-do-you-mind-lyrics,DJ Khaled,Jeremih
Do You Mind,,2016.0,2825347,https://genius.com/Dj-khaled-do-you-mind-lyrics,DJ Khaled,Future
Do You Mind,,2016.0,2825347,https://genius.com/Dj-khaled-do-you-mind-lyrics,DJ Khaled,Rick Ross
Doin It Well,,2008.0,58026,https://genius.com/Nicki-minaj-doin-it-well-lyrics,Nicki Minaj,Jadakiss
Donda,,2021.0,7016680,https://genius.com/Kanye-west-donda-lyrics,Kanye West,Stalone
Donda,,2021.0,7016680,https://genius.com/Kanye-west-donda-lyrics,Kanye West,The World Famous Tony Williams
Donda Chant,,2021.0,7032166,https://genius.com/Kanye-west-donda-chant-lyrics,Kanye West,Syleena Johnson
Don’t Act Like You Care,,,4538538,https://genius.com/Post-malone-dont-act-like-you-care-lyrics,Post Malone,Justin Bieber
Don’t Act Like You Care,,,4538538,https://genius.com/Post-malone-dont-act-like-you-care-lyrics,Post Malone,Kanye West
Don’t Blame Me,,2018.0,3861913,https://genius.com/Santigold-dont-blame-me-lyrics,Santigold,Shenseea
Don’t Bother*,,,3831347,https://genius.com/Travis-scott-dont-bother-lyrics,Travis Scott,Stevie Wonder
Don’t Hurt Me,,2016.0,2531793,https://genius.com/Mustard-dont-hurt-me-lyrics,Mustard,Jeremih
Don’t Hurt Me,,2016.0,2531793,https://genius.com/Mustard-dont-hurt-me-lyrics,Mustard,Nicki Minaj
Don’t Know What You Got,,,7045041,https://genius.com/Olskool-ice-gre-dont-know-what-you-got-lyrics,Olskool Ice-Gre,John Legend
Don’t Leave,,2020.0,5460825,https://genius.com/Peter-cottontale-dont-leave-lyrics,Peter CottonTale,Ant Clemons
Don’t Let Your Deal Go Down,,2002.0,9795704,https://genius.com/The-chieftains-dont-let-your-deal-go-down-lyrics,The Chieftains,Lyle Lovett
Don’t Look Down,,2010.0,1611,https://genius.com/Kanye-west-dont-look-down-lyrics,Kanye West,Yasiin Bey
Don’t Look Down,,2010.0,1611,https://genius.com/Kanye-west-dont-look-down-lyrics,Kanye West,Lupe Fiasco
Don’t Look Down,,2010.0,1611,https://genius.com/Kanye-west-dont-look-down-lyrics,Kanye West,Big Sean
Don’t Make Me Run*,,,11131419,https://genius.com/Travis-scott-dont-make-me-run-lyrics,Travis Scott,Playboi Carti
Don’t Panic,,2011.0,54115,https://genius.com/Meek-mill-dont-panic-lyrics,Meek Mill,Rick Ross
Don’t Panic,,2011.0,54115,https://genius.com/Meek-mill-dont-panic-lyrics,Meek Mill,Yo Gotti
Don’t Play,,2014.0,389895,https://genius.com/Travis-scott-dont-play-lyrics,Travis Scott,Big Sean
Don’t Play,,2014.0,389895,https://genius.com/Travis-scott-dont-play-lyrics,Travis Scott,The 1975
Don’t Quit,,2017.0,3130809,https://genius.com/Dj-khaled-and-calvin-harris-dont-quit-lyrics,DJ Khaled,Travis Scott
Don’t Quit,,2017.0,3130809,https://genius.com/Dj-khaled-and-calvin-harris-dont-quit-lyrics,DJ Khaled,Jeremih
Don’t Say It’s Too Late,,2024.0,11202937,https://genius.com/Son-lux-dont-say-its-too-late-lyrics,Son Lux,Rob Moose
Don’t Shoot,,2014.0,507496,https://genius.com/The-game-dont-shoot-lyrics,The Game,Rick Ross
Don’t Shoot,,2014.0,507496,https://genius.com/The-game-dont-shoot-lyrics,The Game,2 Chainz
Don’t Shoot,,2014.0,507496,https://genius.com/The-game-dont-shoot-lyrics,The Game,Diddy
Don’t Shoot,,2014.0,507496,https://genius.com/The-game-dont-shoot-lyrics,The Game,Wale
Don’t Shoot,,2014.0,507496,https://genius.com/The-game-dont-shoot-lyrics,The Game,DJ Khaled
Don’t Shoot,,2014.0,507496,https://genius.com/The-game-dont-shoot-lyrics,The Game,Swizz Beatz
Don’t Shoot,,2014.0,507496,https://genius.com/The-game-dont-shoot-lyrics,The Game,Yo Gotti
Don’t Wanna Tell You,,,4707196,https://genius.com/Stack-bundles-dont-wanna-tell-you-lyrics,Stack Bundles,Kanye West
Don’t Worry About It,,2025.0,12859332,https://genius.com/Theodore-shapiro-dont-worry-about-it-lyrics,Theodore Shapiro,Caroline Shaw
Dope,,2022.0,7834310,https://genius.com/John-legend-dope-lyrics,John Legend,JID
Dope Bitch,,,77394,https://genius.com/The-dream-dope-bitch-lyrics,The-Dream,Pusha T
Dope Dealer,,2013.0,229614,https://genius.com/Meek-mill-dope-dealer-lyrics,Meek Mill,Nicki Minaj
Dope Dealer,,2013.0,229614,https://genius.com/Meek-mill-dope-dealer-lyrics,Meek Mill,Rick Ross
Dopechella,,2020.0,5218373,https://genius.com/Yo-gotti-dopechella-lyrics,Yo Gotti,Rick Ross
Down,,2007.0,13790,https://genius.com/Chris-brown-down-lyrics,Chris Brown,Kanye West
Down And Out,,2004.0,5,https://genius.com/Camron-down-and-out-lyrics,Cam’ron,Syleena Johnson
Down And Out,,2004.0,5,https://genius.com/Camron-down-and-out-lyrics,Cam’ron,Kanye West
Down South,,,7194751,https://genius.com/Jadakiss-down-south-lyrics,Jadakiss,Rick Ross
Down The Old Plank Road,,2002.0,9795431,https://genius.com/The-chieftains-down-the-old-plank-road-lyrics,The Chieftains,John Hiatt
Down The Old Plank Road,,2002.0,9795431,https://genius.com/The-chieftains-down-the-old-plank-road-lyrics,The Chieftains,Béla Fleck
Down The Old Plank Road,,2002.0,9795431,https://genius.com/The-chieftains-down-the-old-plank-road-lyrics,The Chieftains,Jeff White
Down The Old Plank Road,,2002.0,9795431,https://genius.com/The-chieftains-down-the-old-plank-road-lyrics,The Chieftains,Tim O’Brien
Down Town,,,8767848,https://genius.com/Kanye-west-down-town-lyrics,Kanye West,Jeff Bhasker
Down and Out (Mixed),,2024.0,11196825,https://genius.com/Camron-down-and-out-mixed-lyrics,Cam’ron,Kanye West
Down and Out (Mixed),,2024.0,11196825,https://genius.com/Camron-down-and-out-mixed-lyrics,Cam’ron,Syleena Johnson
Down for Life,,2017.0,3117586,https://genius.com/Dj-khaled-down-for-life-lyrics,DJ Khaled,PARTYNEXTDOOR
Down for Life,,2017.0,3117586,https://genius.com/Dj-khaled-down-for-life-lyrics,DJ Khaled,Future
Down for Life,,2017.0,3117586,https://genius.com/Dj-khaled-down-for-life-lyrics,DJ Khaled,Travis Scott
Down for Life,,2017.0,3117586,https://genius.com/Dj-khaled-down-for-life-lyrics,DJ Khaled,Rick Ross
Down for Life,,2017.0,3117586,https://genius.com/Dj-khaled-down-for-life-lyrics,DJ Khaled,Kodak Black
Down in tha Dirty,,2007.0,1006,https://genius.com/Ludacris-down-in-tha-dirty-lyrics,Ludacris,Rick Ross
Down in tha Dirty,,2007.0,1006,https://genius.com/Ludacris-down-in-tha-dirty-lyrics,Ludacris,Bun B
Down in the Willow Garden,,2012.0,1857381,https://genius.com/The-chieftains-down-in-the-willow-garden-lyrics,The Chieftains,Bon Iver
Downtown,,2005.0,7027005,https://genius.com/Abstract-mindstate-downtown-lyrics,Abstract Mindstate,Consequence
Dr. James Fadiman Interview,,2022.0,9736033,https://genius.com/Frank-ocean-dr-james-fadiman-interview-annotated,Frank Ocean,James Fadiman
"Draper (feat. Jay-Z, Kanye West)",,,9499901,https://genius.com/Tenoutoftenmiddlepart-draper-feat-jay-z-kanye-west-lyrics,Tenoutoftenmiddlepart,Kanye West
"Draper (feat. Jay-Z, Kanye West)",,,9499901,https://genius.com/Tenoutoftenmiddlepart-draper-feat-jay-z-kanye-west-lyrics,Tenoutoftenmiddlepart,JAŸ-Z
Dreamcatcher,,2018.0,4061274,https://genius.com/Metro-boomin-dreamcatcher-lyrics,Metro Boomin,Swae Lee
Dreamcatcher,,2018.0,4061274,https://genius.com/Metro-boomin-dreamcatcher-lyrics,Metro Boomin,Travis Scott
Dreamin Of The Past,,2022.0,7627286,https://genius.com/Pusha-t-dreamin-of-the-past-lyrics,Pusha T,Kanye West
Dreamin Of The Past [Mixed],,2023.0,9988579,https://genius.com/Pusha-t-dreamin-of-the-past-mixed-lyrics,Pusha T,Kanye West
Dressing Room,,2019.0,5098169,https://genius.com/Theodore-shapiro-dressing-room-lyrics,Theodore Shapiro,Caroline Shaw
Driftless,,2020.0,6322307,https://genius.com/Aero-flynn-driftless-lyrics,Aero Flynn,CJ Camerieri
Driftless,,2020.0,6322307,https://genius.com/Aero-flynn-driftless-lyrics,Aero Flynn,Rob Moose
Driftless,,2020.0,6322307,https://genius.com/Aero-flynn-driftless-lyrics,Aero Flynn,Justin Vernon
Drive Slow,,2005.0,3612,https://genius.com/Kanye-west-drive-slow-lyrics,Kanye West,Paul Wall
Drive Slow,,2005.0,3612,https://genius.com/Kanye-west-drive-slow-lyrics,Kanye West,GLC
Drop Dead Gorgeous,,2002.0,10093722,https://genius.com/Kanye-west-drop-dead-gorgeous-lyrics,Kanye West,Murphy Lee
Drown,,2020.0,5637579,https://genius.com/Lecrae-drown-lyrics,Lecrae,John Legend
Drug Dealers Anonymous,,2016.0,2483335,https://genius.com/Pusha-t-drug-dealers-anonymous-lyrics,Pusha T,JAŸ-Z
Drug Dealin’ (We Don’t Care Early),,2003.0,11655393,https://genius.com/Kanye-west-drug-dealin-we-dont-care-early-lyrics,Kanye West,GLC
Drug Dealin’ (We Don’t Care Early),,2003.0,11655393,https://genius.com/Kanye-west-drug-dealin-we-dont-care-early-lyrics,Kanye West,Keyshia Cole
Drugs/Alcohol in Taylor Swift Songs,,2025.0,12844372,https://genius.com/Community-lists-drugs-alcohol-in-taylor-swift-songs-annotated,Community Lists,Taylor Swift
Drumma Boy,,2018.0,13329020,https://genius.com/A-ap-rocky-drumma-boy-lyrics,A$AP Rocky,Santigold
Drunk and Hot Girls,,2007.0,471,https://genius.com/Kanye-west-drunk-and-hot-girls-lyrics,Kanye West,Yasiin Bey
Drunk in Love,,2013.0,299177,https://genius.com/Beyonce-drunk-in-love-lyrics,Beyoncé,JAŸ-Z
Dunmore Lassies,,,2463652,https://genius.com/The-chieftains-dunmore-lassies-lyrics,The Chieftains,Ry Cooder
DunnHill,,2023.0,9358208,https://genius.com/Westside-gunn-dunnhill-lyrics,Westside Gunn,Rick Ross
Dying for Your Love,,2011.0,55076,https://genius.com/Frank-ocean-dying-for-your-love-lyrics,Frank Ocean,James Fauntleroy
Déjà Vu,,2006.0,32193,https://genius.com/Beyonce-deja-vu-lyrics,Beyoncé,JAŸ-Z
Déjà Vu (Freemasons Radio Mix),,2007.0,3880759,https://genius.com/Beyonce-deja-vu-freemasons-radio-mix-lyrics,Beyoncé,JAŸ-Z
Déjà Vu (Maurice’s Nusoul Mix),,2006.0,9498047,https://genius.com/Beyonce-deja-vu-maurices-nusoul-mix-lyrics,Beyoncé,JAŸ-Z
Déjà Vu (Maurice’s Nusoul Mixshow Mix),,2006.0,9498048,https://genius.com/Beyonce-deja-vu-maurices-nusoul-mixshow-mix-lyrics,Beyoncé,JAŸ-Z
EARFQUAKE,,2019.0,4535557,https://genius.com/Tyler-the-creator-earfquake-lyrics,"Tyler, The Creator",Playboi Carti
EV3RYB0DY! (HE3ZY R3MIX),,2025.0,13695366,https://genius.com/He4d-w0lf-ev3ryb0dy-he3zy-r3mix-lyrics,HE4D W0LF,Kanye West
EVERYBODY,,,9819807,https://genius.com/Kanye-west-and-ty-dolla-sign-everybody-lyrics,"¥$, Kanye West & Ty Dolla $ign",Charlie Wilson
EVERYTHING / Once Again (Original),,,12713708,https://genius.com/Kanye-west-and-ty-dolla-sign-everything-once-again-original-lyrics,"¥$, Kanye West & Ty Dolla $ign",Ant Clemons
Eastern Conference Final,,2015.0,1890209,https://genius.com/Jadakiss-eastern-conference-final-lyrics,Jadakiss,Rick Ross
Easy,,2008.0,58465,https://genius.com/Gucci-mane-easy-lyrics,Gucci Mane,Nicki Minaj
Easy Breezy,,,13402297,https://genius.com/Daniel-caesar-easy-breezy-lyrics,Daniel Caesar,Clairo
Eclipse,,2009.0,212241,https://genius.com/The-flaming-lips-eclipse-lyrics,The Flaming Lips,Stardeath And White Dwarfs
Ed aka the Sloth,,2016.0,10072035,https://genius.com/Federico-aliprandi-ed-aka-the-sloth-annotated,Federico Aliprandi,Evan Clark
Edibles,,2015.0,1779954,https://genius.com/Snoop-dogg-edibles-lyrics,Snoop Dogg,T.I.
Ego Death,,2020.0,4546692,https://genius.com/Ty-dolla-sign-ego-death-lyrics,Ty Dolla $ign,Skrillex
Ego Death,,2020.0,4546692,https://genius.com/Ty-dolla-sign-ego-death-lyrics,Ty Dolla $ign,FKA twigs
Ego Death,,2020.0,4546692,https://genius.com/Ty-dolla-sign-ego-death-lyrics,Ty Dolla $ign,Kanye West
Eiffel Tower,,2011.0,2840416,https://genius.com/Francis-and-the-lights-eiffel-tower-lyrics,Francis and the Lights,inc. no world
El Caballo,,2010.0,5673504,https://genius.com/The-chieftains-el-caballo-lyrics,The Chieftains,Los Camperos de Valles
El Chivo,,2010.0,5673390,https://genius.com/The-chieftains-el-chivo-lyrics,The Chieftains,Los Cenzontles
El Relampago,,2010.0,5673552,https://genius.com/The-chieftains-el-relampago-lyrics,The Chieftains,Lila Downs
Electric Fire,,2019.0,4458266,https://genius.com/The-flaming-lips-electric-fire-lyrics,The Flaming Lips,Mick Jones
Electric Touch (Taylor’s Version) [From the Vault],,2023.0,9199814,https://genius.com/Taylor-swift-electric-touch-taylors-version-from-the-vault-lyrics,Taylor Swift,Fall Out Boy
Elevator Trio,,2019.0,5098126,https://genius.com/Theodore-shapiro-elevator-trio-lyrics,Theodore Shapiro,Caroline Shaw
Elizabeth My Dear,,2013.0,6631797,https://genius.com/The-flaming-lips-elizabeth-my-dear-lyrics,The Flaming Lips,Kesha
Ellen DeGeneres Interview: Kanye Keeps it Real,,2016.0,2711852,https://genius.com/Kanye-west-ellen-degeneres-interview-kanye-keeps-it-real-annotated,Kanye West,Ellen DeGeneres
Embarrassed,,2023.0,8860164,https://genius.com/Don-toliver-embarrassed-lyrics,Don Toliver,Travis Scott
Emergency Love (feat. HAIM),,,12630663,https://genius.com/Carly-rae-jepsen-emergency-love-feat-haim-lyrics,Carly Rae Jepsen,HAIM
Empire,,2016.0,2412876,https://genius.com/Drake-empire-lyrics,Drake,Rick Ross
Encore (The Grey Album),,2004.0,4215030,https://genius.com/Danger-mouse-encore-the-grey-album-lyrics,Danger Mouse,JAŸ-Z
End / Golden Girl,,2012.0,78969,https://genius.com/Frank-ocean-end-golden-girl-lyrics,Frank Ocean,"Tyler, The Creator"
End Credits,,1992.0,13259453,https://genius.com/John-williams-end-credits-lyrics,John Williams,The Chieftains
End Game,,2017.0,3281773,https://genius.com/Taylor-swift-end-game-lyrics,Taylor Swift,Ed Sheeran
End Game,,2017.0,3281773,https://genius.com/Taylor-swift-end-game-lyrics,Taylor Swift,Future
End Game (Karaoke Version),,2018.0,11324992,https://genius.com/Taylor-swift-end-game-karaoke-version-lyrics,Taylor Swift,Ed Sheeran
End Game (Karaoke Version),,2018.0,11324992,https://genius.com/Taylor-swift-end-game-karaoke-version-lyrics,Taylor Swift,Future
Endless Fashion,,2023.0,9285676,https://genius.com/Lil-uzi-vert-endless-fashion-lyrics,Lil Uzi Vert,Nicki Minaj
Endless Fashion (slowed down version),,2023.0,9434739,https://genius.com/Lil-uzi-vert-endless-fashion-slowed-down-version-lyrics,Lil Uzi Vert,Nicki Minaj
Endless Fashion (sped up version),,2023.0,9434743,https://genius.com/Lil-uzi-vert-endless-fashion-sped-up-version-lyrics,Lil Uzi Vert,Nicki Minaj
Enormous,,2013.0,128564,https://genius.com/Hs87-enormous-lyrics,HS87,Kent M$ney
Enormous,,2013.0,128564,https://genius.com/Hs87-enormous-lyrics,HS87,Travis Scott
Enormous,,2013.0,128564,https://genius.com/Hs87-enormous-lyrics,HS87,Hit-Boy
Enough About Me,,2019.0,4575438,https://genius.com/Stwo-enough-about-me-lyrics,Stwo,The-Dream
Enough for Now,,2020.0,5160568,https://genius.com/Ethan-gruska-enough-for-now-lyrics,Ethan Gruska,Phoebe Bridgers
Entertainment 2.0,,2013.0,207651,https://genius.com/Sean-paul-entertainment-20-lyrics,Sean Paul,2 Chainz
Entertainment 2.0,,2013.0,207651,https://genius.com/Sean-paul-entertainment-20-lyrics,Sean Paul,Juicy J
Entertainment 2.0,,2013.0,207651,https://genius.com/Sean-paul-entertainment-20-lyrics,Sean Paul,Nicki Minaj
Entrepreneur,,2020.0,5885570,https://genius.com/Pharrell-williams-entrepreneur-lyrics,Pharrell Williams,JAŸ-Z
Enya,,,8434349,https://genius.com/Kanye-west-enya-lyrics,Kanye West,Theophilus London
Enzo,,2025.0,12859392,https://genius.com/Theodore-shapiro-enzo-lyrics,Theodore Shapiro,Caroline Shaw
Epitaph,,2012.0,7220761,https://genius.com/Linear-downfall-epitaph-lyrics,Linear Downfall,The Flaming Lips
Epitaph,,2012.0,7220761,https://genius.com/Linear-downfall-epitaph-lyrics,Linear Downfall,New Fumes
Epitaph,,2012.0,7220761,https://genius.com/Linear-downfall-epitaph-lyrics,Linear Downfall,Stardeath And White Dwarfs
Epitaph,,2012.0,7220761,https://genius.com/Linear-downfall-epitaph-lyrics,Linear Downfall,Spaceface
Erase Me,,2010.0,621,https://genius.com/Kid-cudi-erase-me-lyrics,Kid Cudi,Kanye West
Errday,,2012.0,65839,https://genius.com/Meek-mill-errday-lyrics,Meek Mill,Rick Ross
Eternal Life,,,5721309,https://genius.com/Kanye-west-eternal-life-lyrics,Kanye West,Big Sean
Eternal Life,,,5721309,https://genius.com/Kanye-west-eternal-life-lyrics,Kanye West,Sheck Wes
Eternal Life (Reference),,,11452518,https://genius.com/Kanye-west-eternal-life-reference-lyrics,Kanye West,KayCyy
Eternal Rest,,,5998883,https://genius.com/Kanye-west-eternal-rest-lyrics,Kanye West,Sunday Service Choir
Euphoria,,2020.0,5183575,https://genius.com/Don-toliver-euphoria-lyrics,Don Toliver,Travis Scott
Euro (Switch Hands),,,2891984,https://genius.com/Kanye-west-euro-switch-hands-lyrics,Kanye West,A$AP Rocky
Euro Whips (Skit),,2017.0,4467035,https://genius.com/Frank-ocean-euro-whips-skit-annotated,Frank Ocean,Federico Aliprandi
Ever Bryan,,,9976362,https://genius.com/Kanye-west-ever-bryan-lyrics,Kanye West,Ant Clemons
Evergreen,,2024.0,10326910,https://genius.com/Deyaz-evergreen-lyrics,Deyaz,Ilsey
Every Hour,,2019.0,4969021,https://genius.com/Kanye-west-every-hour-lyrics,Kanye West,Sunday Service Choir
Every Hour / Selah,,,8335558,https://genius.com/Kanye-west-and-dr-dre-every-hour-selah-lyrics,Kanye West,Sunday Service Choir
Every Hour / Selah,,,8335558,https://genius.com/Kanye-west-and-dr-dre-every-hour-selah-lyrics,Kanye West,Marsha Ambrosius
Everybody,,2008.0,51861,https://genius.com/Fonzworth-bentley-everybody-lyrics,Fonzworth Bentley,Kanye West
Everybody,,2008.0,51861,https://genius.com/Fonzworth-bentley-everybody-lyrics,Fonzworth Bentley,André 3000
Everybody (Alternate Mix),,,9933405,https://genius.com/Kanye-west-and-ty-dolla-sign-everybody-alternate-mix-lyrics,"¥$, Kanye West & Ty Dolla $ign",Lil Baby
Everybody (Alternate Mix),,,9933405,https://genius.com/Kanye-west-and-ty-dolla-sign-everybody-alternate-mix-lyrics,"¥$, Kanye West & Ty Dolla $ign",Charlie Wilson
Everybody (Clean / Radio Edit),,2023.0,9902476,https://genius.com/Nicki-minaj-everybody-clean-radio-edit-lyrics,Nicki Minaj,Lil Uzi Vert
Everybody (Mixed),,2024.0,9936008,https://genius.com/Nicki-minaj-everybody-mixed-lyrics,Nicki Minaj,Lil Uzi Vert
Everybody (Original),,,10006433,https://genius.com/Kanye-west-and-ty-dolla-sign-everybody-original-lyrics,"¥$, Kanye West & Ty Dolla $ign",Lil Baby
Everybody (Original),,,10006433,https://genius.com/Kanye-west-and-ty-dolla-sign-everybody-original-lyrics,"¥$, Kanye West & Ty Dolla $ign",Charlie Wilson
Everybody (iTunes),,,10722460,https://genius.com/Kanye-west-and-ty-dolla-sign-everybody-itunes-lyrics,"¥$, Kanye West & Ty Dolla $ign",Charlie Wilson
Everybody (iTunes),,,10722460,https://genius.com/Kanye-west-and-ty-dolla-sign-everybody-itunes-lyrics,"¥$, Kanye West & Ty Dolla $ign",Lil Baby
Everybody Knows (Wale’s Version),,2021.0,6710541,https://genius.com/The-world-famous-tony-williams-everybody-knows-wales-version-lyrics,The World Famous Tony Williams,Wale
Everybody’s,,2023.0,12325916,https://genius.com/Kanye-west-everybodys-lyrics,Kanye West,Charlie Wilson
Everybody’s,,2023.0,12325916,https://genius.com/Kanye-west-everybodys-lyrics,Kanye West,Lil Baby
Everybody’s,,2023.0,12325916,https://genius.com/Kanye-west-everybodys-lyrics,Kanye West,Ty Dolla $ign
Everybody’s Something,,2013.0,146878,https://genius.com/Chance-the-rapper-everybodys-something-lyrics,Chance the Rapper,BJ the Chicago Kid
Everyone Needs Love,,2014.0,528076,https://genius.com/Foxygen-everyone-needs-love-lyrics,Foxygen,The Flaming Lips
Everything (KayCyy & Jozzy Reference),,,8437422,https://genius.com/Kanye-west-everything-kaycyy-and-jozzy-reference-lyrics,Kanye West,Jozzy
Everything (KayCyy & Jozzy Reference),,,8437422,https://genius.com/Kanye-west-everything-kaycyy-and-jozzy-reference-lyrics,Kanye West,KayCyy
Everything (LOVE EVERYONE),,2018.0,13739331,https://genius.com/Kanye-west-everything-love-everyone-lyrics,Kanye West,The-Dream
Everything Has Changed,,2013.0,102730,https://genius.com/Taylor-swift-everything-has-changed-lyrics,Taylor Swift,Ed Sheeran
Everything Has Changed (Taylor’s Version),,2021.0,6688208,https://genius.com/Taylor-swift-everything-has-changed-taylors-version-lyrics,Taylor Swift,Ed Sheeran
Everything I Am,,2007.0,2170,https://genius.com/Kanye-west-everything-i-am-lyrics,Kanye West,DJ Premier
Everything I Got,,,450498,https://genius.com/Kanye-west-everything-i-got-lyrics,Kanye West,Termanology
Everything I Love,,2006.0,38138,https://genius.com/Diddy-everything-i-love-lyrics,Diddy,Nas
Everything We Need,,2019.0,4966857,https://genius.com/Kanye-west-everything-we-need-lyrics,Kanye West,Ant Clemons
Everything We Need,,2019.0,4966857,https://genius.com/Kanye-west-everything-we-need-lyrics,Kanye West,Ty Dolla $ign
Everything We Need [Leaked Version],,,10144848,https://genius.com/Kanye-west-everything-we-need-leaked-version-lyrics,Kanye West,Ty Dolla $ign
Everything We Need [Leaked Version],,,10144848,https://genius.com/Kanye-west-everything-we-need-leaked-version-lyrics,Kanye West,Ant Clemons
Everywhere Nowhere,,,5310002,https://genius.com/Anderson-paak-everywhere-nowhere-lyrics,Anderson .Paak,John Legend
Excited,,2019.0,5074350,https://genius.com/Ant-clemons-excited-lyrics,Ant Clemons,Ty Dolla $ign
Excuse Me Miss,,2003.0,1341,https://genius.com/Jay-z-excuse-me-miss-lyrics,JAŸ-Z,Pharrell Williams
Exodus 23:1,,2012.0,75177,https://genius.com/Pusha-t-exodus-23-1-lyrics,Pusha T,The-Dream
Expensive,,2020.0,5455818,https://genius.com/Ty-dolla-sign-expensive-lyrics,Ty Dolla $ign,Nicki Minaj
Explode,,2019.0,5098182,https://genius.com/Theodore-shapiro-explode-lyrics,Theodore Shapiro,Caroline Shaw
Extra,,,10322749,https://genius.com/Travis-scott-extra-lyrics,Travis Scott,Offset
Extra Special,,2021.0,7311622,https://genius.com/Wale-extra-special-lyrics,Wale,Ant Clemons
Extract,,2023.0,9336069,https://genius.com/Rob-moose-and-gabriel-cabezas-extract-lyrics,Rob Moose,Sara Bareilles
Extravagant,,2019.0,4737781,https://genius.com/Lil-durk-extravagant-lyrics,Lil Durk,Nicki Minaj
Extravaganza,,2005.0,32248,https://genius.com/Jamie-foxx-extravaganza-lyrics,Jamie Foxx,Kanye West
Extremely Blessed,,2012.0,82861,https://genius.com/2-chainz-extremely-blessed-lyrics,2 Chainz,The-Dream
Eyes Closed,,2024.0,10679474,https://genius.com/The-pastelle-collective-yedits-eyes-closed-lyrics,The Pastelle Collective (Yedits),John Legend
Eyez Closed,,2011.0,5742,https://genius.com/Snoop-dogg-eyez-closed-lyrics,Snoop Dogg,John Legend
Eyez Closed,,2011.0,5742,https://genius.com/Snoop-dogg-eyez-closed-lyrics,Snoop Dogg,Kanye West
Ezekiel’s Wheel,,2020.0,5345205,https://genius.com/Jay-electronica-ezekiels-wheel-lyrics,Jay Electronica,JAŸ-Z
Ezekiel’s Wheel,,2020.0,5345205,https://genius.com/Jay-electronica-ezekiels-wheel-lyrics,Jay Electronica,The-Dream
FACE DOWN,,,12665901,https://genius.com/The-pastelle-collective-yedits-face-down-lyrics,The Pastelle Collective (Yedits),Quavo
FACE DOWN,,,12665901,https://genius.com/The-pastelle-collective-yedits-face-down-lyrics,The Pastelle Collective (Yedits),070 Shake
FE!N,,2023.0,9368459,https://genius.com/Travis-scott-fe-n-lyrics,Travis Scott,Playboi Carti
FE!N (Dolby Atmos),,,9548207,https://genius.com/Travis-scott-fe-n-dolby-atmos-lyrics,Travis Scott,Playboi Carti
FE!N (First Edition Version),,2023.0,9368948,https://genius.com/Travis-scott-fe-n-first-edition-version-lyrics,Travis Scott,Playboi Carti
FE!N (First Edition Version),,2023.0,9368948,https://genius.com/Travis-scott-fe-n-first-edition-version-lyrics,Travis Scott,Sheck Wes
FE!N (STUDIO SNIPPET),,,11706791,https://genius.com/Travis-scott-fe-n-studio-snippet-lyrics,Travis Scott,Playboi Carti
FEEL THE SAME,,,10766476,https://genius.com/Lil-skydie-feel-the-same-lyrics,Lil Skydie,Travis Scott
FEFE,,2018.0,3767821,https://genius.com/6ix9ine-fefe-lyrics,6ix9ine,Nicki Minaj
FEFE (Alternative Verse),,,6072040,https://genius.com/6ix9ine-fefe-alternative-verse-lyrics,6ix9ine,Nicki Minaj
FEFE (Original Version),,2018.0,3898217,https://genius.com/6ix9ine-fefe-original-version-lyrics,6ix9ine,Nicki Minaj
FIELD TRIP,,2024.0,10047574,https://genius.com/Kanye-west-and-ty-dolla-sign-playboi-carti-and-don-toliver-field-trip-lyrics,"¥$, Kanye West & Ty Dolla $ign",Kodak Black
FIELD TRIP (Freestyle),,,10163046,https://genius.com/Kanye-west-and-ty-dolla-sign-field-trip-freestyle-lyrics,"¥$, Kanye West & Ty Dolla $ign",Don Toliver
FIELD TRIP (Original),,,10725377,https://genius.com/Kanye-west-and-ty-dolla-sign-field-trip-original-lyrics,"¥$, Kanye West & Ty Dolla $ign",Don Toliver
FIELD TRIP (Original),,,10725377,https://genius.com/Kanye-west-and-ty-dolla-sign-field-trip-original-lyrics,"¥$, Kanye West & Ty Dolla $ign",Playboi Carti
FIELD TRIP (Original),,,10725377,https://genius.com/Kanye-west-and-ty-dolla-sign-field-trip-original-lyrics,"¥$, Kanye West & Ty Dolla $ign",Lil Durk
FIELD TRIP (Version 12),,,11041044,https://genius.com/Kanye-west-and-ty-dolla-sign-field-trip-version-12-lyrics,"¥$, Kanye West & Ty Dolla $ign",Playboi Carti
FIELD TRIP (Version 12),,,11041044,https://genius.com/Kanye-west-and-ty-dolla-sign-field-trip-version-12-lyrics,"¥$, Kanye West & Ty Dolla $ign",Lil Durk
FIELD TRIP (Version 12),,,11041044,https://genius.com/Kanye-west-and-ty-dolla-sign-field-trip-version-12-lyrics,"¥$, Kanye West & Ty Dolla $ign",Don Toliver
FIRE & FAITH,,2026.0,13325255,https://genius.com/Ye-fire-and-faith-lyrics,Ye,Burna Boy
FIRST ANGEL*,,,9334228,https://genius.com/Playboi-carti-first-angel-lyrics,Playboi Carti,Kanye West
FIRST TIME IN A LONG TIME,,2025.0,7655372,https://genius.com/Ye-first-time-in-a-long-time-lyrics,Ye,Soulja Boy
FIRST TIME IN A LONG TIME (Gunna Reference),,,7682587,https://genius.com/Ye-first-time-in-a-long-time-gunna-reference-lyrics,Ye,Gunna
FIRST TIME IN A LONG TIME [V21],,,8870963,https://genius.com/Ye-first-time-in-a-long-time-v21-lyrics,Ye,CyHi
FIRST TIME IN A LONG TIME [V6],,,8974957,https://genius.com/Ye-first-time-in-a-long-time-v6-lyrics,Ye,JAYLIEN
FML,,2016.0,2421661,https://genius.com/Kanye-west-fml-lyrics,Kanye West,The Weeknd
FML (Travis Scott Reference),,,11470970,https://genius.com/Kanye-west-fml-travis-scott-reference-lyrics,Kanye West,Travis Scott
FOR ALL THE BARBZ,,2023.0,9644467,https://genius.com/Nicki-minaj-for-all-the-barbz-lyrics,Nicki Minaj,Drake
FOR ALL THE BARBZ,,2023.0,9644467,https://genius.com/Nicki-minaj-for-all-the-barbz-lyrics,Nicki Minaj,Chief Keef
FRANCHISE,,2020.0,5786497,https://genius.com/Travis-scott-franchise-lyrics,Travis Scott,M.I.A.
FRANCHISE,,2020.0,5786497,https://genius.com/Travis-scott-franchise-lyrics,Travis Scott,Young Thug
FRANCHISE (Promo CD Version),,,6836954,https://genius.com/Travis-scott-franchise-promo-cd-version-lyrics,Travis Scott,M.I.A.
FRANCHISE (Promo CD Version),,,6836954,https://genius.com/Travis-scott-franchise-promo-cd-version-lyrics,Travis Scott,Young Thug
FRIENDS DON’T HURT FRIENDS,,2024.0,10810587,https://genius.com/Kaycyy-friends-dont-hurt-friends-lyrics,KayCyy,VIC MENSA
FRIENDS DON’T HURT FRIENDS,,2024.0,10810587,https://genius.com/Kaycyy-friends-dont-hurt-friends-lyrics,KayCyy,Lil Yachty
FRIENDS DON’T HURT FRIENDS,,2024.0,10810587,https://genius.com/Kaycyy-friends-dont-hurt-friends-lyrics,KayCyy,Ant Clemons
FRONTAL LOBE MUZIK,,2019.0,4660977,https://genius.com/Daniel-caesar-frontal-lobe-muzik-lyrics,Daniel Caesar,Pharrell Williams
FTCU (SLEEZEMIX),,2024.0,10272409,https://genius.com/Nicki-minaj-ftcu-sleezemix-lyrics,Nicki Minaj,Travis Scott
FTCU (SLEEZEMIX),,2024.0,10272409,https://genius.com/Nicki-minaj-ftcu-sleezemix-lyrics,Nicki Minaj,Chris Brown
FTCU (SLEEZEMIX),,2024.0,10272409,https://genius.com/Nicki-minaj-ftcu-sleezemix-lyrics,Nicki Minaj,Sexyy Red
FUCKING YOUNG / PERFECT,,2015.0,745210,https://genius.com/Tyler-the-creator-fucking-young-perfect-lyrics,"Tyler, The Creator",Toro y Moi
FUCKING YOUNG / PERFECT,,2015.0,745210,https://genius.com/Tyler-the-creator-fucking-young-perfect-lyrics,"Tyler, The Creator",Kali Uchis
FUCKING YOUNG / PERFECT,,2015.0,745210,https://genius.com/Tyler-the-creator-fucking-young-perfect-lyrics,"Tyler, The Creator",Syd
FUCKING YOUNG / PERFECT,,2015.0,745210,https://genius.com/Tyler-the-creator-fucking-young-perfect-lyrics,"Tyler, The Creator",Charlie Wilson
FUK SUMN,,2024.0,9822247,https://genius.com/Kanye-west-and-ty-dolla-sign-fuk-sumn-lyrics,"¥$, Kanye West & Ty Dolla $ign",Playboi Carti
FUK SUMN,,2024.0,9822247,https://genius.com/Kanye-west-and-ty-dolla-sign-fuk-sumn-lyrics,"¥$, Kanye West & Ty Dolla $ign",Travis Scott
FUK SUMN (AHMED 2.0 EDIT),,,10509262,https://genius.com/Kanye-west-and-ty-dolla-sign-fuk-sumn-ahmed-20-edit-lyrics,"¥$, Kanye West & Ty Dolla $ign",Playboi Carti
FUK SUMN (AHMED 2.0 EDIT),,,10509262,https://genius.com/Kanye-west-and-ty-dolla-sign-fuk-sumn-ahmed-20-edit-lyrics,"¥$, Kanye West & Ty Dolla $ign",Quavo
FUK SUMN (AHMED 2.0 EDIT),,,10509262,https://genius.com/Kanye-west-and-ty-dolla-sign-fuk-sumn-ahmed-20-edit-lyrics,"¥$, Kanye West & Ty Dolla $ign",Juicy J
FUK SUMN (AHMED 2.0 EDIT),,,10509262,https://genius.com/Kanye-west-and-ty-dolla-sign-fuk-sumn-ahmed-20-edit-lyrics,"¥$, Kanye West & Ty Dolla $ign",Travis Scott
FUK SUMN (Bump J Reference),,,9944928,https://genius.com/Kanye-west-and-ty-dolla-sign-fuk-sumn-bump-j-reference-lyrics,"¥$, Kanye West & Ty Dolla $ign",Bump J
FUK SUMN (Quavo Reference),,,10232887,https://genius.com/Kanye-west-and-ty-dolla-sign-fuk-sumn-quavo-reference-lyrics,"¥$, Kanye West & Ty Dolla $ign",Playboi Carti
FUK SUMN (Quavo Reference),,,10232887,https://genius.com/Kanye-west-and-ty-dolla-sign-fuk-sumn-quavo-reference-lyrics,"¥$, Kanye West & Ty Dolla $ign",Quavo
FUK SUMN Pt. 2,,,10035944,https://genius.com/Kanye-west-and-ty-dolla-sign-fuk-sumn-pt-2-lyrics,"¥$, Kanye West & Ty Dolla $ign",Playboi Carti
FUK SUMN Pt. 2,,,10035944,https://genius.com/Kanye-west-and-ty-dolla-sign-fuk-sumn-pt-2-lyrics,"¥$, Kanye West & Ty Dolla $ign",Quavo
FUK SUMN Pt. 2,,,10035944,https://genius.com/Kanye-west-and-ty-dolla-sign-fuk-sumn-pt-2-lyrics,"¥$, Kanye West & Ty Dolla $ign",Travis Scott
FUTURE $OUND$,,,11174746,https://genius.com/Kanye-west-and-ty-dolla-sign-future-sound-lyrics,"¥$, Kanye West & Ty Dolla $ign",Travis Scott
Face Down,,,3632697,https://genius.com/Kanye-west-face-down-lyrics,Kanye West,Quavo
Face Down,,,3632697,https://genius.com/Kanye-west-face-down-lyrics,Kanye West,Lil Yachty
Factory Girl,,1999.0,1805699,https://genius.com/The-chieftains-factory-girl-lyrics,The Chieftains,Sinéad O’Connor
Fade,,2016.0,2307999,https://genius.com/Kanye-west-fade-lyrics,Kanye West,Post Malone
Fade,,2016.0,2307999,https://genius.com/Kanye-west-fade-lyrics,Kanye West,Ty Dolla $ign
Fair Trade,,2021.0,6833653,https://genius.com/Drake-fair-trade-lyrics,Drake,Travis Scott
Faithful,,2005.0,14347,https://genius.com/Common-faithful-lyrics,Common,John Legend
Fall Creek Boys Choir,,2011.0,91688,https://genius.com/James-blake-fall-creek-boys-choir-lyrics,James Blake,Bon Iver
Fall Into You / Trophy Wife,,,10937162,https://genius.com/Kanye-west-fall-into-you-trophy-wife-lyrics,Kanye West,Paul McCartney
Family,,2012.0,69744,https://genius.com/Chance-the-rapper-family-lyrics,Chance the Rapper,VIC MENSA
Family Feud,,2017.0,3138628,https://genius.com/Jay-z-family-feud-lyrics,JAŸ-Z,Beyoncé
Family For,,2017.0,3380239,https://genius.com/Chance-the-rapper-and-jeremih-family-for-lyrics,Chance the Rapper,Francis and the Lights
Famous,,2016.0,2412662,https://genius.com/Kanye-west-famous-lyrics,Kanye West,Rihanna
Famous (Original Version),,,2861193,https://genius.com/Kanye-west-famous-original-version-lyrics,Kanye West,Chance the Rapper
Famous (Original Version),,,2861193,https://genius.com/Kanye-west-famous-original-version-lyrics,Kanye West,Swizz Beatz
Famous (Original Version),,,2861193,https://genius.com/Kanye-west-famous-original-version-lyrics,Kanye West,Rihanna
Famous (Video Version),,2016.0,13155336,https://genius.com/Kanye-west-famous-video-version-lyrics,Kanye West,Rihanna
Famous (Video Version),,2016.0,13155336,https://genius.com/Kanye-west-famous-video-version-lyrics,Kanye West,Kid Cudi
Fantom,,,7873857,https://genius.com/Tinashe-fantom-lyrics,Tinashe,Travis Scott
Fashion,,,9900395,https://genius.com/Kanye-west-fashion-lyrics,Kanye West,Playboi Carti
Father Stretch My Hands (Original V2),,2016.0,5334823,https://genius.com/Kanye-west-father-stretch-my-hands-original-v2-lyrics,Kanye West,Kelly Price
Father Stretch My Hands (Original V2),,2016.0,5334823,https://genius.com/Kanye-west-father-stretch-my-hands-original-v2-lyrics,Kanye West,Kid Cudi
Father Stretch My Hands Pt. 1 & Pt. 2,,,6954565,https://genius.com/Kanye-west-father-stretch-my-hands-pt-1-and-pt-2-lyrics,Kanye West,Desiigner
Father Stretch My Hands Pt. 1 & Pt. 2,,,6954565,https://genius.com/Kanye-west-father-stretch-my-hands-pt-1-and-pt-2-lyrics,Kanye West,Kid Cudi
"Father Stretch My Hands, Pt. 1",,2016.0,2412669,https://genius.com/Kanye-west-father-stretch-my-hands-pt-1-lyrics,Kanye West,Kid Cudi
Father Time,,,12087542,https://genius.com/Daniel-caesar-father-time-lyrics,Daniel Caesar,Jjared
Favorite,,2014.0,601814,https://genius.com/Nicki-minaj-favorite-lyrics,Nicki Minaj,Jeremih
Favorite (Target Version),,2014.0,7705092,https://genius.com/Nicki-minaj-favorite-target-version-lyrics,Nicki Minaj,Jeremih
Favorite Song,,2013.0,146855,https://genius.com/Chance-the-rapper-favorite-song-lyrics,Chance the Rapper,Childish Gambino
Fed Up,,2009.0,2687,https://genius.com/Dj-khaled-fed-up-lyrics,DJ Khaled,USHER
Fed Up,,2009.0,2687,https://genius.com/Dj-khaled-fed-up-lyrics,DJ Khaled,Lil Wayne
Fed Up,,2009.0,2687,https://genius.com/Dj-khaled-fed-up-lyrics,DJ Khaled,Drake
Fed Up,,2009.0,2687,https://genius.com/Dj-khaled-fed-up-lyrics,DJ Khaled,Rick Ross
Fed Up,,2009.0,2687,https://genius.com/Dj-khaled-fed-up-lyrics,DJ Khaled,Jeezy
Feedaloodum Beedle Dot,,2019.0,4458268,https://genius.com/The-flaming-lips-feedaloodum-beedle-dot-lyrics,The Flaming Lips,Mick Jones
Feedback [Consequence Reference],,,12642662,https://genius.com/Kanye-west-feedback-consequence-reference-lyrics,Kanye West,Consequence
Feel Inside (Original Version),,,51477,https://genius.com/Mary-j-blige-feel-inside-original-version-lyrics,Mary J. Blige,Nicki Minaj
Feel Me,,2017.0,2944823,https://genius.com/Tyga-feel-me-lyrics,Tyga,Kanye West
Feel My Pain,,2016.0,2837606,https://genius.com/The-lox-feel-my-pain-lyrics,The LOX,Rick Ross
Feel This Way,,2007.0,14527,https://genius.com/Consequence-feel-this-way-lyrics,Consequence,John Legend
Feel a Way,,2020.0,6148551,https://genius.com/2-chainz-feel-a-way-lyrics,2 Chainz,Brent Faiyaz
Feel a Way,,2020.0,6148551,https://genius.com/2-chainz-feel-a-way-lyrics,2 Chainz,Kanye West
Feel the Same / I Need a Forest Fire (Mixed),,2020.0,7616935,https://genius.com/Salute-and-james-blake-feel-the-same-i-need-a-forest-fire-mixed-lyrics,salute,Bon Iver
Feeling Myself,,2015.0,601809,https://genius.com/Nicki-minaj-feeling-myself-lyrics,Nicki Minaj,Beyoncé
Fight With the Best,,1999.0,40164,https://genius.com/Kanye-west-fight-with-the-best-lyrics,Kanye West,Rhymefest
Fight With the Best,,1999.0,40164,https://genius.com/Kanye-west-fight-with-the-best-lyrics,Kanye West,Mikkey Halsted
Fighting For Dough,,1992.0,13259442,https://genius.com/John-williams-fighting-for-dough-lyrics,John Williams,The Chieftains
Figure It Out,,2016.0,2425253,https://genius.com/French-montana-figure-it-out-lyrics,French Montana,Kanye West
Figure It Out,,2016.0,2425253,https://genius.com/French-montana-figure-it-out-lyrics,French Montana,Nas
"Figures, a Reprise",,2018.0,3606431,https://genius.com/Jessie-reyez-figures-a-reprise-lyrics,Jessie Reyez,Daniel Caesar
Fill The Void,,2016.0,2461064,https://genius.com/Stwo-fill-the-void-lyrics,Stwo,Daniel Caesar
Finals,,2011.0,51768,https://genius.com/Rick-ross-finals-lyrics,Rick Ross,Meek Mill
Finals 2,,2014.0,444780,https://genius.com/Rick-ross-finals-2-lyrics,Rick Ross,French Montana
Finals 2,,2014.0,444780,https://genius.com/Rick-ross-finals-2-lyrics,Rick Ross,Rockie Fresh
Finals 2,,2014.0,444780,https://genius.com/Rick-ross-finals-2-lyrics,Rick Ross,Wale
Find Me Love,,2020.0,6322308,https://genius.com/Aero-flynn-find-me-love-lyrics,Aero Flynn,CJ Camerieri
Find Me Love,,2020.0,6322308,https://genius.com/Aero-flynn-find-me-love-lyrics,Aero Flynn,Justin Vernon
Find Me Love,,2020.0,6322308,https://genius.com/Aero-flynn-find-me-love-lyrics,Aero Flynn,Rob Moose
Find U Again,,2019.0,4324077,https://genius.com/Mark-ronson-find-u-again-lyrics,Mark Ronson,Camila Cabello
Finding Forever,,,8437458,https://genius.com/Nas-finding-forever-lyrics,Nas,Ant Clemons
Fine Line,,,6098084,https://genius.com/Kanye-west-fine-line-lyrics,Kanye West,Bon Iver
Finer Things,,2008.0,17058,https://genius.com/Dj-felli-fel-finer-things-lyrics,DJ Felli Fel,Ne-Yo
Finer Things,,2008.0,17058,https://genius.com/Dj-felli-fel-finer-things-lyrics,DJ Felli Fel,Kanye West
Fingers Blue,,2017.0,3253905,https://genius.com/Smokepurpp-fingers-blue-lyrics,Smokepurpp,Travis Scott
Finish Line / Drown,,2016.0,2472239,https://genius.com/Chance-the-rapper-finish-line-drown-lyrics,Chance the Rapper,T-Pain
Finish Line / Drown,,2016.0,2472239,https://genius.com/Chance-the-rapper-finish-line-drown-lyrics,Chance the Rapper,Kirk Franklin
Fire,,2013.0,216944,https://genius.com/Bun-b-fire-lyrics,Bun B,2 Chainz
Fire,,2013.0,216944,https://genius.com/Bun-b-fire-lyrics,Bun B,Rick Ross
Firm Biz ’08,,2008.0,114850,https://genius.com/Nicki-minaj-firm-biz-08-lyrics,Nicki Minaj,Jadakiss
First Off,,2019.0,4230409,https://genius.com/Future-first-off-lyrics,Future,Travis Scott
First World Problems,,2017.0,3250389,https://genius.com/Chance-the-rapper-first-world-problems-lyrics,Chance the Rapper,Daniel Caesar
Fish N Grits,,2016.0,11416397,https://genius.com/Travis-scott-fish-n-grits-lyrics,Travis Scott,Wale
Fish n Grits,,2017.0,2851126,https://genius.com/Wale-fish-n-grits-lyrics,Wale,Travis Scott
Fitness,,2018.0,13247405,https://genius.com/Kanye-west-fitness-lyrics,Kanye West,070 Shake
Fitted Cap,,2011.0,50110,https://genius.com/Wale-meek-mill-and-rick-ross-fitted-cap-lyrics,Wale,J. Cole
Five Nights,,,10159978,https://genius.com/Adent-five-nights-lyrics,Adent,Kanye West
Fixing a Hole,,2014.0,911228,https://genius.com/The-flaming-lips-fixing-a-hole-lyrics,The Flaming Lips,Electric Würms
Flagstaff,,,8331604,https://genius.com/Kanye-west-flagstaff-lyrics,Kanye West,Baby Keem
Flashing Lights,,2007.0,523,https://genius.com/Kanye-west-flashing-lights-lyrics,Kanye West,Dwele
Flashing Lights 2,,2024.0,10226762,https://genius.com/The-pastelle-collective-yedits-flashing-lights-2-lyrics,The Pastelle Collective (Yedits),Charlie Wilson
Flashing Lights 2,,2024.0,10226762,https://genius.com/The-pastelle-collective-yedits-flashing-lights-2-lyrics,The Pastelle Collective (Yedits),Connie Mitchell
Flashlights,,,11863044,https://genius.com/Kanye-west-flashlights-lyrics,Kanye West,John Legend
Flashlights,,,11863044,https://genius.com/Kanye-west-flashlights-lyrics,Kanye West,Seal
Flashy Cars Movie Stars,,2013.0,157766,https://genius.com/Rick-ross-and-birdman-flashy-cars-movie-stars-lyrics,Rick Ross,DJ Khaled
Flight School,,2010.0,21230,https://genius.com/Glc-flight-school-lyrics,GLC,T-Pain
Flight School,,2010.0,21230,https://genius.com/Glc-flight-school-lyrics,GLC,Kanye West
Flip That Bitch a Few Times,,2010.0,58318,https://genius.com/Juicy-j-and-lex-luger-flip-that-bitch-a-few-times-lyrics,Juicy J,Rick Ross
Floatin,,2021.0,5918868,https://genius.com/Osbe-chill-floatin-lyrics,Osbe Chill,Kanye West
Floatin’,,2005.0,951601,https://genius.com/Charlie-wilson-floatin-lyrics,Charlie Wilson,will.i.am
Flocky Flocky,,2021.0,6036291,https://genius.com/Don-toliver-flocky-flocky-lyrics,Don Toliver,Travis Scott
Flocky Flocky ft. Travis Scott (Türkçe Çeviri),,2021.0,13167010,https://genius.com/Don-toliver-flocky-flocky-ft-travis-scott-turkce-ceviri-lyrics,Don Toliver,Travis Scott
Flood,,2026.0,13070432,https://genius.com/Dua-saleh-flood-lyrics,Dua Saleh,Bon Iver
Florida Boy,,2018.0,3490155,https://genius.com/Rick-ross-florida-boy-lyrics,Rick Ross,T-Pain
Florida Boy,,2018.0,3490155,https://genius.com/Rick-ross-florida-boy-lyrics,Rick Ross,Kodak Black
Florida!!!,,2024.0,10291434,https://genius.com/Taylor-swift-florida-lyrics,Taylor Swift,Florence + the Machine
Flowers (Original),,,9508857,https://genius.com/Digital-nas-flowers-original-lyrics,Digital Nas,Kanye West
Floyd Mayweather,,2016.0,2837942,https://genius.com/Young-thug-floyd-mayweather-lyrics,Young Thug,Travis Scott
Floyd Mayweather,,2016.0,2837942,https://genius.com/Young-thug-floyd-mayweather-lyrics,Young Thug,Gunna
Floyd Mayweather,,2016.0,2837942,https://genius.com/Young-thug-floyd-mayweather-lyrics,Young Thug,Gucci Mane
Fluorescent Ink,,2012.0,78681,https://genius.com/Wale-fluorescent-ink-lyrics,Wale,Rick Ross
Flute Flow Freestyle,,2009.0,10302466,https://genius.com/Dj-hot-day-flute-flow-freestyle-lyrics,DJ Hot Day,Kanye West
Flux Capacitor,,2020.0,5345203,https://genius.com/Jay-electronica-flux-capacitor-lyrics,Jay Electronica,JAŸ-Z
Fly,,2011.0,2078,https://genius.com/Nicki-minaj-fly-lyrics,Nicki Minaj,Rihanna
Fly (Super Clean Edit),,2011.0,5762062,https://genius.com/Nicki-minaj-fly-super-clean-edit-lyrics,Nicki Minaj,Rihanna
Flying High,,2015.0,2290810,https://genius.com/Travis-scott-flying-high-lyrics,Travis Scott,Toro y Moi
Fog,,2020.0,6120330,https://genius.com/Chester-watson-fog-lyrics,Chester Watson,Dua Saleh
Follow God (Rhymefest Reference),,,12918302,https://genius.com/Kanye-west-follow-god-rhymefest-reference-lyrics,Kanye West,Rhymefest
Follow The Light,,,8977951,https://genius.com/Kanye-west-follow-the-light-lyrics,Kanye West,Ant Clemons
Follow the Rules,,2025.0,12859331,https://genius.com/Theodore-shapiro-follow-the-rules-lyrics,Theodore Shapiro,Caroline Shaw
Fontaine Bleu,,,456511,https://genius.com/Rick-ross-fontaine-bleu-lyrics,Rick Ross,Diddy
Foolish Game,,1999.0,5069196,https://genius.com/Go-getters-foolish-game-lyrics,Go Getters,Mikkey Halsted
For My Good,,2012.0,480572,https://genius.com/Trip-lee-for-my-good-lyrics,Trip Lee,Lil Animus
Forever Always,,2018.0,3796135,https://genius.com/Peter-cottontale-forever-always-lyrics,Peter CottonTale,Yebba
Forever Always,,2018.0,3796135,https://genius.com/Peter-cottontale-forever-always-lyrics,Peter CottonTale,Daniel Caesar
Forever Always,,2018.0,3796135,https://genius.com/Peter-cottontale-forever-always-lyrics,Peter CottonTale,Chance the Rapper
Forever Always,,2018.0,3796135,https://genius.com/Peter-cottontale-forever-always-lyrics,Peter CottonTale,Rex Orange County
Forever Rolling (Original),,,10917808,https://genius.com/Lil-baby-forever-rolling-original-lyrics,Lil Baby,"¥$, Kanye West & Ty Dolla $ign"
Forgiven,,2019.0,4327619,https://genius.com/2-chainz-forgiven-lyrics,2 Chainz,Marsha Ambrosius
Fortnight,,2024.0,10024009,https://genius.com/Taylor-swift-fortnight-lyrics,Taylor Swift,Post Malone
Fortnite edging,,2022.0,9956423,https://genius.com/Navethesigma-fortnite-edging-lyrics,Navethesigma,Kanye West
Fortunate,,2022.0,8277376,https://genius.com/The-game-fortunate-lyrics,The Game,Kanye West
Fortunate,,2022.0,8277376,https://genius.com/The-game-fortunate-lyrics,The Game,Dreezy
Forward,,2016.0,2461261,https://genius.com/Beyonce-forward-lyrics,Beyoncé,James Blake
Fox News Apologies,,2019.0,5098118,https://genius.com/Theodore-shapiro-fox-news-apologies-lyrics,Theodore Shapiro,Caroline Shaw
Frank Ocean GQ ‘Men of the Year’ Interview,,2012.0,201085,https://genius.com/Frank-ocean-frank-ocean-gq-men-of-the-year-interview-annotated,Frank Ocean,Amy Wallace
Frank Ocean Oyster Magazine Interview,,,219363,https://genius.com/Oyster-magazine-frank-ocean-oyster-magazine-interview-annotated,Oyster Magazine,Frank Ocean
Frank Ocean Oyster Magazine Photoshoot,,,266306,https://genius.com/Oyster-magazine-frank-ocean-oyster-magazine-photoshoot-annotated,Oyster Magazine,Nabil Elderkin
Frank Ocean Oyster Magazine Photoshoot,,,266306,https://genius.com/Oyster-magazine-frank-ocean-oyster-magazine-photoshoot-annotated,Oyster Magazine,Frank Ocean
Frank’s Track,,2016.0,2439766,https://genius.com/Kanye-west-franks-track-lyrics,Kanye West,Frank Ocean
Freaks,,2013.0,118027,https://genius.com/French-montana-freaks-lyrics,French Montana,Nicki Minaj
Freaky Friday,,2018.0,3258567,https://genius.com/Lil-dicky-freaky-friday-lyrics,Lil Dicky,Chris Brown
Freaky Hoe,,2016.0,2885091,https://genius.com/Rick-ross-freaky-hoe-lyrics,Rick Ross,Juicy J
Free (Rhymefest Reference Track),,,13171214,https://genius.com/Kanye-west-and-rhymefest-free-rhymefest-reference-track-lyrics,Kanye West,Victory
Free Enterprise,,2015.0,2371930,https://genius.com/Rick-ross-free-enterprise-lyrics,Rick Ross,John Legend
Free Hoover,,,8438361,https://genius.com/Kanye-west-free-hoover-lyrics,Kanye West,Juss
Free Mason,,2010.0,683,https://genius.com/Rick-ross-free-mason-lyrics,Rick Ross,JAŸ-Z
Free Mason,,2010.0,683,https://genius.com/Rick-ross-free-mason-lyrics,Rick Ross,John Legend
Free Spirit,,2011.0,55589,https://genius.com/Drake-free-spirit-lyrics,Drake,Rick Ross
Free Suge,,,11667524,https://genius.com/The-game-free-suge-lyrics,The Game,Kanye West
Free Suge,,,11667524,https://genius.com/The-game-free-suge-lyrics,The Game,King Combs
Freedom,,2004.0,1582010,https://genius.com/Estelle-freedom-lyrics,Estelle,Talib Kweli
Freedom,,2004.0,1582010,https://genius.com/Estelle-freedom-lyrics,Estelle,John Legend
Freestyle (Raincoat),,,7304660,https://genius.com/Juice-wrld-freestyle-raincoat-lyrics,Juice WRLD,Chance the Rapper
Freestyle 4,,2016.0,2421331,https://genius.com/Kanye-west-freestyle-4-lyrics,Kanye West,Desiigner
Freestyle 4 Extended,,2022.0,13752059,https://genius.com/Franki8000-freestyle-4-extended-lyrics,Franki8000,Kanye West
Freestyle 4 Extended,,2022.0,13752059,https://genius.com/Franki8000-freestyle-4-extended-lyrics,Franki8000,A$AP Ferg
Freestyle 4 Extended,,2022.0,13752059,https://genius.com/Franki8000-freestyle-4-extended-lyrics,Franki8000,Big Sean
Freestyle 4 Extended,,2022.0,13752059,https://genius.com/Franki8000-freestyle-4-extended-lyrics,Franki8000,Desiigner
Freestyle 4 Extended,,2022.0,13752059,https://genius.com/Franki8000-freestyle-4-extended-lyrics,Franki8000,"Tyler, The Creator"
Freestyle 4 Extended,,2022.0,13752059,https://genius.com/Franki8000-freestyle-4-extended-lyrics,Franki8000,A$AP Rocky
Freestyle in Joc Studio,,2008.0,2462597,https://genius.com/Travis-scott-freestyle-in-joc-studio-lyrics,Travis Scott,Yung Joc
Freestyle in Joc Studio,,2008.0,2462597,https://genius.com/Travis-scott-freestyle-in-joc-studio-lyrics,Travis Scott,OG CHE$$
Friends,,2016.0,2817345,https://genius.com/Francis-and-the-lights-friends-lyrics,Francis and the Lights,Bon Iver
Friends Don’t Hurt Friends (Original),,,6905012,https://genius.com/Kaycyy-friends-dont-hurt-friends-original-lyrics,KayCyy,VIC MENSA
Friendship Heights,,2014.0,648197,https://genius.com/Wale-friendship-heights-lyrics,Wale,Chance the Rapper
Frontin’,,2003.0,49781,https://genius.com/Pharrell-williams-frontin-lyrics,Pharrell Williams,JAŸ-Z
Froze,,2016.0,2412014,https://genius.com/Meek-mill-froze-lyrics,Meek Mill,Nicki Minaj
Froze,,2016.0,2412014,https://genius.com/Meek-mill-froze-lyrics,Meek Mill,Lil Uzi Vert
Frozen,,2021.0,7031979,https://genius.com/James-blake-frozen-lyrics,James Blake,SWAVAY
Frozen,,2021.0,7031979,https://genius.com/James-blake-frozen-lyrics,James Blake,JID
Fuck & Smoke,,2014.0,444779,https://genius.com/Trav-fuck-and-smoke-lyrics,Trav,Meek Mill
Fuck & Smoke,,2014.0,444779,https://genius.com/Trav-fuck-and-smoke-lyrics,Trav,Travis Scott
Fuck All Nite,,2002.0,5068,https://genius.com/Jay-z-fuck-all-nite-lyrics,JAŸ-Z,Pharrell Williams
Fuck Em,,2012.0,63016,https://genius.com/Rick-ross-fuck-em-lyrics,Rick Ross,Wale
Fuck Em,,2012.0,63016,https://genius.com/Rick-ross-fuck-em-lyrics,Rick Ross,2 Chainz
Fuck Jaz-O AKA Jaz Ho (Jaz-O Diss),,2002.0,10349762,https://genius.com/Jay-z-fuck-jaz-o-aka-jaz-ho-jaz-o-diss-lyrics,JAŸ-Z,Freeway
Fuck My Fucking Pussy Nigga,,,12092644,https://genius.com/Mrdjsay-fuck-my-fucking-pussy-nigga-lyrics,Mrdjsay,Kanye West
Fuck My Fucking Pussy Nigga,,,12092644,https://genius.com/Mrdjsay-fuck-my-fucking-pussy-nigga-lyrics,Mrdjsay,Kendrick Lamar
Fuck The Internet,,,4839301,https://genius.com/Post-malone-fuck-the-internet-lyrics,Post Malone,Kanye West
Fuck U Silly,,2010.0,76971,https://genius.com/Cassie-fuck-u-silly-lyrics,Cassie,Nicki Minaj
Fuck Up the Club,,2016.0,2826274,https://genius.com/Dj-khaled-fuck-up-the-club-lyrics,DJ Khaled,Yo Gotti
Fuck Up the Club,,2016.0,2826274,https://genius.com/Dj-khaled-fuck-up-the-club-lyrics,DJ Khaled,Rick Ross
Fuck Up the Club,,2016.0,2826274,https://genius.com/Dj-khaled-fuck-up-the-club-lyrics,DJ Khaled,Future
Fuck You All the Time (Extended),,2014.0,481772,https://genius.com/Jeremih-and-shlohmo-fuck-you-all-the-time-extended-lyrics,Jeremih,Chance the Rapper
FuckWitMeYouKnowIGotIt,,2013.0,213179,https://genius.com/Lil-wayne-fuckwitmeyouknowigotit-lyrics,Lil Wayne,T.I.
FuckWithMeYouKnowIGotIt,,2013.0,182976,https://genius.com/Jay-z-fuckwithmeyouknowigotit-lyrics,JAŸ-Z,Rick Ross
Fuckin’ With You,,2021.0,8462685,https://genius.com/John-legend-fuckin-with-you-lyrics,John Legend,Ariana Grande
Full Circle,,2014.0,3839109,https://genius.com/Hazakim-full-circle-lyrics,Hazakim,Lil Animus
Full Time Cappers,,2019.0,4948092,https://genius.com/G-eazy-full-time-cappers-lyrics,G-Eazy,Ant Clemons
Full Time Cappers,,2019.0,4948092,https://genius.com/G-eazy-full-time-cappers-lyrics,G-Eazy,French Montana
Full Time Cappers,,2019.0,4948092,https://genius.com/G-eazy-full-time-cappers-lyrics,G-Eazy,Moneybagg Yo
Fun,,2016.0,2937644,https://genius.com/Justine-skye-fun-lyrics,Justine Skye,Wale
Funeral Parade,,2019.0,4458269,https://genius.com/The-flaming-lips-funeral-parade-lyrics,The Flaming Lips,Mick Jones
Future Bright,,2020.0,5158996,https://genius.com/Rick-ross-future-bright-lyrics,Rick Ross,Bryson Tiller
Future Sounds,,2020.0,5780855,https://genius.com/Kanye-west-future-sounds-lyrics,Kanye West,Travis Scott
Future Sounds,,2020.0,5780855,https://genius.com/Kanye-west-future-sounds-lyrics,Kanye West,Harmony Boyd
Futuristic Sex Toys,,,2016891,https://genius.com/Kesha-futuristic-sex-toys-lyrics,Kesha,The Flaming Lips
G.O.O.D. Friday,,2010.0,1279,https://genius.com/Kanye-west-good-friday-lyrics,Kanye West,Kid Cudi
G.O.O.D. Friday,,2010.0,1279,https://genius.com/Kanye-west-good-friday-lyrics,Kanye West,Charlie Wilson
G.O.O.D. Friday,,2010.0,1279,https://genius.com/Kanye-west-good-friday-lyrics,Kanye West,Common
G.O.O.D. Friday,,2010.0,1279,https://genius.com/Kanye-west-good-friday-lyrics,Kanye West,Pusha T
G.O.O.D. Friday,,2010.0,1279,https://genius.com/Kanye-west-good-friday-lyrics,Kanye West,Big Sean
GET LOST (Fat Money Reference),,,9013296,https://genius.com/Ye-get-lost-fat-money-reference-lyrics,Ye,Fat Money
GHETTO PARTY,,,6396412,https://genius.com/Jean-dawson-ghetto-party-lyrics,Jean Dawson,Dijon
GLC the Knockout King,,2003.0,3560233,https://genius.com/Kanye-west-glc-the-knockout-king-lyrics,Kanye West,GLC
GLOW,,,12665846,https://genius.com/The-pastelle-collective-yedits-glow-lyrics,The Pastelle Collective (Yedits),Drake
GLOW,,,12665846,https://genius.com/The-pastelle-collective-yedits-glow-lyrics,The Pastelle Collective (Yedits),PARTYNEXTDOOR
GO!,,2005.0,887,https://genius.com/Common-go-lyrics,Common,John Mayer
GO!,,2005.0,887,https://genius.com/Common-go-lyrics,Common,Kanye West
GOD DID,,2022.0,8176021,https://genius.com/Dj-khaled-god-did-lyrics,DJ Khaled,Rick Ross
GOD DID,,2022.0,8176021,https://genius.com/Dj-khaled-god-did-lyrics,DJ Khaled,Lil Wayne
GOD DID,,2022.0,8176021,https://genius.com/Dj-khaled-god-did-lyrics,DJ Khaled,JAŸ-Z
GOD DID,,2022.0,8176021,https://genius.com/Dj-khaled-god-did-lyrics,DJ Khaled,John Legend
GOD’S IN CONTROL,,2026.0,12703355,https://genius.com/Hassan-khaffaf-gods-in-control-lyrics,Hassan Khaffaf,Ye
GOSPEL,,2019.0,4895350,https://genius.com/Dababy-gospel-lyrics,DaBaby,Gucci Mane
GOSPEL,,2019.0,4895350,https://genius.com/Dababy-gospel-lyrics,DaBaby,Chance the Rapper
GQ Magazine August 2014 Cover Shoot: Kanye West,,2014.0,480926,https://genius.com/Gq-magazine-gq-magazine-august-2014-cover-shoot-kanye-west-annotated,GQ Magazine,Kanye West
GRATEFUL,,2022.0,8317724,https://genius.com/Dj-khaled-grateful-lyrics,DJ Khaled,Vory
GUILTY,,2024.0,9956490,https://genius.com/Moor-mother-guilty-lyrics,Moor Mother,Lonnie Holley
GUN TO MY HEAD (Original),,,10765465,https://genius.com/Kanye-west-and-ty-dolla-sign-gun-to-my-head-original-lyrics,"¥$, Kanye West & Ty Dolla $ign",Kid Cudi
Game On,,,366095,https://genius.com/Lecrae-game-on-lyrics,Lecrae,Lil Animus
Gang Gang Gang,,,7945457,https://genius.com/French-montana-gang-gang-gang-lyrics,French Montana,Travis Scott
Gangsta Luv,,2009.0,4988,https://genius.com/Snoop-dogg-gangsta-luv-lyrics,Snoop Dogg,The-Dream
Gangsta Shit,,1998.0,17006,https://genius.com/Dj-clue-gangsta-shit-lyrics,DJ Clue,JAŸ-Z
Gangsta Shit (Pop Ya Guns),,2006.0,7310842,https://genius.com/Shawnna-gangsta-shit-pop-ya-guns-lyrics,Shawnna,Rick Ross
Garden,,,4238850,https://genius.com/Sunday-service-choir-garden-lyrics,Sunday Service Choir,Ant Clemons
Gemini Syringes,,2009.0,212298,https://genius.com/The-flaming-lips-gemini-syringes-lyrics,The Flaming Lips,Dr. Thorsten Wörmann
Get Around,,2022.0,8326255,https://genius.com/Kenny-beats-get-around-lyrics,Kenny Beats,Dijon
Get Down,,2008.0,2941777,https://genius.com/Rick-ross-get-down-lyrics,Rick Ross,Pharrell Williams
Get Em High,,2004.0,1083,https://genius.com/Kanye-west-get-em-high-lyrics,Kanye West,Talib Kweli
Get Em High,,2004.0,1083,https://genius.com/Kanye-west-get-em-high-lyrics,Kanye West,Common
Get In 2 Dis,,,4226637,https://genius.com/Snoop-dogg-get-in-2-dis-lyrics,Snoop Dogg,Charlie Wilson
Get It Up,,2008.0,7777101,https://genius.com/Santigold-and-diplo-get-it-up-lyrics,Santigold,M.I.A.
Get Like Me,,2013.0,174384,https://genius.com/Nelly-get-like-me-lyrics,Nelly,Nicki Minaj
Get Like Me,,2013.0,174384,https://genius.com/Nelly-get-like-me-lyrics,Nelly,Pharrell Williams
Get On Your Knees,,2014.0,601808,https://genius.com/Nicki-minaj-get-on-your-knees-lyrics,Nicki Minaj,Ariana Grande
Get On Your Knees (Clean Version),,2014.0,7710884,https://genius.com/Nicki-minaj-get-on-your-knees-clean-version-lyrics,Nicki Minaj,Ariana Grande
Get Out Of Earth,,,9556431,https://genius.com/Kanye-west-get-out-of-earth-lyrics,Kanye West,Skrillex
Get Throwed,,2005.0,1007,https://genius.com/Bun-b-get-throwed-lyrics,Bun B,JAŸ-Z
Get Throwed,,2005.0,1007,https://genius.com/Bun-b-get-throwed-lyrics,Bun B,Jeezy
Get You,,2016.0,2887594,https://genius.com/Daniel-caesar-get-you-lyrics,Daniel Caesar,Kali Uchis
Get Your Lies Straight,,2022.0,8602523,https://genius.com/Demegod-get-your-lies-straight-lyrics,Demegod,Kanye West
Get Your Mind Right Mami,,2000.0,3181,https://genius.com/Jay-z-and-memphis-bleek-get-your-mind-right-mami-lyrics,JAŸ-Z,Snoop Dogg
Get Your Money Right,,2004.0,395361,https://genius.com/The-game-get-your-money-right-lyrics,The Game,JAŸ-Z
Getting Better,,2014.0,911227,https://genius.com/The-flaming-lips-getting-better-lyrics,The Flaming Lips,Morgan Delt
Getting Better,,2014.0,911227,https://genius.com/The-flaming-lips-getting-better-lyrics,The Flaming Lips,Dr. Dog
Getting Better,,2014.0,911227,https://genius.com/The-flaming-lips-getting-better-lyrics,The Flaming Lips,Chuck Inglish
Getting Out the Game,,2004.0,14539,https://genius.com/Consequence-getting-out-the-game-lyrics,Consequence,John Legend
Getting Out the Game,,2004.0,14539,https://genius.com/Consequence-getting-out-the-game-lyrics,Consequence,Kanye West
Gettin’ It In,,2004.0,24053,https://genius.com/Jadakiss-gettin-it-in-lyrics,Jadakiss,Kanye West
Ghetto,,2024.0,10655508,https://genius.com/Mustard-ghetto-lyrics,Mustard,Young Thug
Ghetto,,2024.0,10655508,https://genius.com/Mustard-ghetto-lyrics,Mustard,Lil Durk
Ghetto (Grew Up) [Original],,,10554773,https://genius.com/Lil-durk-ghetto-grew-up-original-lyrics,Lil Durk,Rick Ross
Ghetto Dreams,,2012.0,82867,https://genius.com/2-chainz-ghetto-dreams-lyrics,2 Chainz,John Legend
Ghetto University,,2009.0,9280890,https://genius.com/Kanye-west-ghetto-university-lyrics,Kanye West,Charlie Wilson
Ghetto University,,2009.0,9280890,https://genius.com/Kanye-west-ghetto-university-lyrics,Kanye West,The World Famous Tony Williams
Ghetto University,,2009.0,9280890,https://genius.com/Kanye-west-ghetto-university-lyrics,Kanye West,John Legend
Ghost Town,,2018.0,3756523,https://genius.com/Kanye-west-ghost-town-lyrics,Kanye West,PARTYNEXTDOOR
Ghost Town,,2018.0,3756523,https://genius.com/Kanye-west-ghost-town-lyrics,Kanye West,070 Shake
Ghost Town,,2018.0,3756523,https://genius.com/Kanye-west-ghost-town-lyrics,Kanye West,Kid Cudi
Ghost house,,,8759924,https://genius.com/Myizz-ghost-house-lyrics,Myizz,Kanye West
Ghost in the Machine,,2022.0,8617517,https://genius.com/Sza-ghost-in-the-machine-lyrics,SZA,Phoebe Bridgers
Ghost of Soulja Slim,,2020.0,5345196,https://genius.com/Jay-electronica-ghost-of-soulja-slim-lyrics,Jay Electronica,JAŸ-Z
Ghostface Killers,,2017.0,3296791,https://genius.com/21-savage-offset-and-metro-boomin-ghostface-killers-lyrics,21 Savage,Travis Scott
Ghosttown,,2014.0,521657,https://genius.com/Yung-lean-ghosttown-lyrics,Yung Lean,Travis Scott
Giant Baby,,2019.0,4458263,https://genius.com/The-flaming-lips-giant-baby-lyrics,The Flaming Lips,Mick Jones
Gifted,,2020.0,5905229,https://genius.com/Cordae-gifted-lyrics,Cordae,Ant Clemons
Gifted,,2020.0,5905229,https://genius.com/Cordae-gifted-lyrics,Cordae,Roddy Ricch
Gigawaabamin (Come Through),,2024.0,10445026,https://genius.com/Bizhiki-gigawaabamin-come-through-lyrics,Bizhiki,Mike Sullivan
Gimme A Second 2,,2024.0,10395092,https://genius.com/Rich-the-kid-and-kanye-west-gimme-a-second-2-lyrics,Rich The Kid,Ty Dolla $ign
Gimme A Second 2,,2024.0,10395092,https://genius.com/Rich-the-kid-and-kanye-west-gimme-a-second-2-lyrics,Rich The Kid,Peso Pluma
Gimme Whatcha Got,,2007.0,2963,https://genius.com/Chris-brown-gimme-whatcha-got-lyrics,Chris Brown,Lil Wayne
Girl After Girl,,2010.0,2304799,https://genius.com/Juicy-j-and-lex-luger-girl-after-girl-lyrics,Juicy J,Nicki Minaj
Girl After Girl,,2010.0,2304799,https://genius.com/Juicy-j-and-lex-luger-girl-after-girl-lyrics,Juicy J,Gucci Mane
"Girl, You’re So Weird",,2011.0,1793737,https://genius.com/The-flaming-lips-girl-youre-so-weird-lyrics,The Flaming Lips,New Fumes
Girls Kissing Girls,,2009.0,64024,https://genius.com/Gucci-mane-girls-kissing-girls-lyrics,Gucci Mane,Nicki Minaj
Give Me All Your Luvin’,,2012.0,64924,https://genius.com/Madonna-give-me-all-your-luvin-lyrics,Madonna,M.I.A.
Give Me All Your Luvin’,,2012.0,64924,https://genius.com/Madonna-give-me-all-your-luvin-lyrics,Madonna,Nicki Minaj
Give Me All Your Luvin’ (Just Blaze Bionic Dub),,2012.0,7040175,https://genius.com/Madonna-give-me-all-your-luvin-just-blaze-bionic-dub-lyrics,Madonna,M.I.A.
Give Me All Your Luvin’ (Just Blaze Bionic Dub),,2012.0,7040175,https://genius.com/Madonna-give-me-all-your-luvin-just-blaze-bionic-dub-lyrics,Madonna,Nicki Minaj
Give Me All Your Luvin’ (Radio Edit),,2012.0,12911221,https://genius.com/Madonna-give-me-all-your-luvin-radio-edit-lyrics,Madonna,M.I.A.
Give Me All Your Luvin’ (Radio Edit),,2012.0,12911221,https://genius.com/Madonna-give-me-all-your-luvin-radio-edit-lyrics,Madonna,Nicki Minaj
Give Me Jesus,,2012.0,8982699,https://genius.com/Norwill-simmonds-give-me-jesus-lyrics,Norwill Simmonds,Daniel Caesar
Give No Fxk,,2020.0,5077162,https://genius.com/Migos-give-no-fxk-lyrics,Migos,Young Thug
Give No Fxk,,2020.0,5077162,https://genius.com/Migos-give-no-fxk-lyrics,Migos,Travis Scott
Glam,,2014.0,375233,https://genius.com/Chuck-inglish-glam-lyrics,Chuck Inglish,Chance the Rapper
Glenwood,,2009.0,50270,https://genius.com/Big-sean-glenwood-lyrics,Big Sean,Kanye West
Glory (Sierra Canyon),,,4966863,https://genius.com/Kanye-west-glory-sierra-canyon-lyrics,Kanye West,Victory
Glory-Down,,,3771048,https://genius.com/Common-glory-down-lyrics,Common,John Legend
Glow,,2026.0,13070441,https://genius.com/Dua-saleh-glow-lyrics,Dua Saleh,Bon Iver
Go Ahead,,2008.0,17378,https://genius.com/Dj-khaled-go-ahead-lyrics,DJ Khaled,Rick Ross
Go Ahead,,2008.0,17378,https://genius.com/Dj-khaled-go-ahead-lyrics,DJ Khaled,Fat Joe
Go All Night,,2015.0,1878554,https://genius.com/Hit-boy-go-all-night-lyrics,Hit-Boy,Travis Scott
Go Crazy,,2005.0,71,https://genius.com/Jeezy-go-crazy-lyrics,Jeezy,JAŸ-Z
Go Hard,,2008.0,871,https://genius.com/Dj-khaled-go-hard-lyrics,DJ Khaled,Kanye West
Go Hard,,2008.0,871,https://genius.com/Dj-khaled-go-hard-lyrics,DJ Khaled,T-Pain
Go Legend,,2017.0,3187524,https://genius.com/Big-sean-and-metro-boomin-go-legend-lyrics,Big Sean,Travis Scott
Go Legendary,,,8906452,https://genius.com/Kanye-west-go-legendary-lyrics,Kanye West,KayCyy
Go Off,,2015.0,2336555,https://genius.com/Surf-club-go-off-lyrics,Surf Club,Travis Scott
Go Off,,2015.0,2336555,https://genius.com/Surf-club-go-off-lyrics,Surf Club,Quentin Miller
Go!,,2012.0,72423,https://genius.com/Santigold-go-lyrics,Santigold,Karen O
Go2DaMoon,,2020.0,6204974,https://genius.com/Playboi-carti-go2damoon-lyrics,Playboi Carti,Kanye West
Go2DaMoon (Alternate),,,9532373,https://genius.com/Playboi-carti-go2damoon-alternate-lyrics,Playboi Carti,Kanye West
Go2DaMoon (Original),,,6309791,https://genius.com/Playboi-carti-go2damoon-original-lyrics,Playboi Carti,Kanye West
Goat,,2015.0,2279371,https://genius.com/2-chainz-goat-lyrics,2 Chainz,The-Dream
God,,2015.0,8982575,https://genius.com/Jiin-god-lyrics,JIIN,Daniel Caesar
God Bless,,2007.0,8169089,https://genius.com/Kidz-in-the-hall-god-bless-lyrics,Kidz in the Hall,Kanye West
God Breathed,,2021.0,5351763,https://genius.com/Kanye-west-god-breathed-lyrics,Kanye West,Vory
God Level (BOOTS Reference),,2014.0,9793768,https://genius.com/Kanye-west-god-level-boots-reference-lyrics,Kanye West,BOOTS
God Level (CyHi Reference),,,9486555,https://genius.com/Kanye-west-god-level-cyhi-reference-lyrics,Kanye West,CyHi
God and the Policeman,,2020.0,5708885,https://genius.com/The-flaming-lips-god-and-the-policeman-lyrics,The Flaming Lips,Kacey Musgraves
Godzilla/Alien,,,6376751,https://genius.com/Kanye-west-godzilla-alien-lyrics,Kanye West,Kid Cudi
Godzilla/Alien,,,6376751,https://genius.com/Kanye-west-godzilla-alien-lyrics,Kanye West,Offset
Godzilla/Alien,,,6376751,https://genius.com/Kanye-west-godzilla-alien-lyrics,Kanye West,Quavo
Godzilla/Alien,,,6376751,https://genius.com/Kanye-west-godzilla-alien-lyrics,Kanye West,Young Thug
Godzilla/Alien,,,6376751,https://genius.com/Kanye-west-godzilla-alien-lyrics,Kanye West,Ant Clemons
God’s Country (Original),,,8273583,https://genius.com/Kanye-west-gods-country-original-lyrics,Kanye West,Travis Scott
God’s Test,,,7534543,https://genius.com/Kanye-west-gods-test-lyrics,Kanye West,2 Chainz
Going Up,,2023.0,8969024,https://genius.com/Kassa-overall-going-up-lyrics,Kassa Overall,Lil B
Going Up,,2023.0,8969024,https://genius.com/Kassa-overall-going-up-lyrics,Kassa Overall,Francis and the Lights
Gold Digger,,2005.0,1267,https://genius.com/Kanye-west-gold-digger-lyrics,Kanye West,Jamie Foxx
Gold Roses,,2019.0,4720076,https://genius.com/Rick-ross-gold-roses-lyrics,Rick Ross,Drake
Gold Roses (Music Video Version),,2019.0,4864603,https://genius.com/Rick-ross-gold-roses-music-video-version-lyrics,Rick Ross,Drake
Gold Rush,,2017.0,3049304,https://genius.com/Charlie-wilson-gold-rush-lyrics,Charlie Wilson,Snoop Dogg
Gone,,2005.0,684,https://genius.com/Kanye-west-gone-lyrics,Kanye West,Consequence
Gone,,2005.0,684,https://genius.com/Kanye-west-gone-lyrics,Kanye West,Cam’ron
Gone To The Moon,,2012.0,91941,https://genius.com/Rick-ross-gone-to-the-moon-lyrics,Rick Ross,Future
Good Ass Intro,,2013.0,128452,https://genius.com/Chance-the-rapper-good-ass-intro-lyrics,Chance the Rapper,BJ the Chicago Kid
Good Ass Job,,2001.0,40166,https://genius.com/Rhymefest-good-ass-job-lyrics,Rhymefest,Mikkey Halsted
Good Ass Job,,2001.0,40166,https://genius.com/Rhymefest-good-ass-job-lyrics,Rhymefest,Kanye West
Good Enough,,2019.0,4945760,https://genius.com/Jim-e-stack-good-enough-lyrics,Jim-E Stack,Ant Clemons
Good Life,,2007.0,1043,https://genius.com/Kanye-west-good-life-lyrics,Kanye West,T-Pain
Good Morning,,,6172603,https://genius.com/Ant-clemons-good-morning-lyrics,Ant Clemons,Jeremih
Good Morning Good Morning,,2014.0,911242,https://genius.com/The-flaming-lips-good-morning-good-morning-lyrics,The Flaming Lips,Grace Potter
Good Morning Good Morning,,2014.0,911242,https://genius.com/The-flaming-lips-good-morning-good-morning-lyrics,The Flaming Lips,Treasure Mammal
Good Morning Good Morning,,2014.0,911242,https://genius.com/The-flaming-lips-good-morning-good-morning-lyrics,The Flaming Lips,Zorch
Good Night,,2007.0,3401,https://genius.com/Kanye-west-good-night-lyrics,Kanye West,Al Be Back
Good Night,,2007.0,3401,https://genius.com/Kanye-west-good-night-lyrics,Kanye West,Yasiin Bey
Good Ol’ Days,,1997.0,3747676,https://genius.com/Rick-james-good-ol-days-lyrics,Rick James,Charlie Wilson
Goodnight,,,4550194,https://genius.com/Quavo-goodnight-lyrics,Quavo,Desiigner
Goodnight Irene,,,1232764,https://genius.com/The-chieftains-goodnight-irene-lyrics,The Chieftains,Willie Nelson
Goosebumps Freestyle,,,9117022,https://genius.com/4n-way-goosebumps-freestyle-lyrics,4n Way,Travis Scott
Gorgeous,,2010.0,1791,https://genius.com/Kanye-west-gorgeous-lyrics,Kanye West,Kid Cudi
Gorgeous,,2010.0,1791,https://genius.com/Kanye-west-gorgeous-lyrics,Kanye West,Raekwon
"Gost Niex, I love you…",,2001.0,11374762,https://genius.com/Kanye-west-gost-niex-i-love-you-lyrics,Kanye West,Gost Niex
Got Money [v3],,,12899304,https://genius.com/Kanye-west-got-money-v3-lyrics,Kanye West,Jeezy
Got Your Back,,2010.0,3565,https://genius.com/Ti-got-your-back-lyrics,T.I.,Keri Hilson
Got a Bitch,,2013.0,157774,https://genius.com/Rick-ross-and-birdman-got-a-bitch-lyrics,Rick Ross,DJ Khaled
Gotta Be,,2012.0,3102904,https://genius.com/Kent-m-ney-gotta-be-lyrics,Kent M$ney,Frank Ocean
Gotta Go Hard,,2009.0,1281,https://genius.com/Nicki-minaj-gotta-go-hard-lyrics,Nicki Minaj,Lil Wayne
Gotti Family,,2010.0,3340007,https://genius.com/Rick-ross-gotti-family-lyrics,Rick Ross,Yo Gotti
Grace N Mercy,,,8610053,https://genius.com/Kanye-west-grace-n-mercy-lyrics,Kanye West,Momo Boyd
Grammy Family,,2006.0,5227,https://genius.com/Dj-khaled-grammy-family-lyrics,DJ Khaled,Kanye West
Grammy Family,,2006.0,5227,https://genius.com/Dj-khaled-grammy-family-lyrics,DJ Khaled,John Legend
Grammy Family,,2006.0,5227,https://genius.com/Dj-khaled-grammy-family-lyrics,DJ Khaled,Consequence
Grammy Interlude,,,4928615,https://genius.com/Desiigner-grammy-interlude-lyrics,Desiigner,The-Dream
Grammy Red Carpet Interview with Kanye West,,,911942,https://genius.com/Entertainment-tonight-grammy-red-carpet-interview-with-kanye-west-lyrics,Entertainment Tonight,Kanye West
Green & Purple,,2017.0,3089179,https://genius.com/Travis-scott-green-and-purple-lyrics,Travis Scott,Playboi Carti
Green & Purple (Version 6),,,10758330,https://genius.com/Travis-scott-green-and-purple-version-6-lyrics,Travis Scott,Playboi Carti
Green Gucci Suit,,2018.0,3728644,https://genius.com/Rick-ross-green-gucci-suit-lyrics,Rick Ross,Future
Green Light (Afroganic Mix),,2008.0,1197528,https://genius.com/John-legend-green-light-afroganic-mix-lyrics,John Legend,André 3000
Green Light (Johnny Douglas Radio Edit),,2008.0,9359338,https://genius.com/John-legend-green-light-johnny-douglas-radio-edit-lyrics,John Legend,André 3000
Green Purse,,2010.0,9330120,https://genius.com/Tyler-the-creator-green-purse-lyrics,"Tyler, The Creator",Frank Ocean
Grieving,,2020.0,5534229,https://genius.com/Kehlani-grieving-lyrics,Kehlani,James Blake
Groupie,,1996.0,43117,https://genius.com/Snoop-dogg-groupie-lyrics,Snoop Dogg,Charlie Wilson
Grown Man Pt. 2,,2005.0,1808913,https://genius.com/Young-gunz-grown-man-pt-2-lyrics,Young Gunz,Kanye West
Grown Man Pt. 2,,2005.0,1808913,https://genius.com/Young-gunz-grown-man-pt-2-lyrics,Young Gunz,John Legend
Grown Woman,,2007.0,1076998,https://genius.com/Mary-j-blige-grown-woman-lyrics,Mary J. Blige,Ludacris
Guap,,2012.0,94434,https://genius.com/Big-sean-guap-lyrics,Big Sean,Kanye West
Guard Down,,2015.0,2368106,https://genius.com/Ty-dolla-sign-guard-down-lyrics,Ty Dolla $ign,Kanye West
Guard Down,,2015.0,2368106,https://genius.com/Ty-dolla-sign-guard-down-lyrics,Ty Dolla $ign,Diddy
Gucci,,2009.0,5726621,https://genius.com/Gucci-mane-gucci-lyrics,Gucci Mane,Nicki Minaj
Gucci,,2009.0,5726621,https://genius.com/Gucci-mane-gucci-lyrics,Gucci Mane,Shawnna
Guerrilla Monsoon Rap,,2002.0,1731,https://genius.com/Talib-kweli-guerrilla-monsoon-rap-lyrics,Talib Kweli,Kanye West
Guilt Trip,,2013.0,171407,https://genius.com/Kanye-west-guilt-trip-lyrics,Kanye West,Kid Cudi
Gulls,,2025.0,12471800,https://genius.com/Cole-davis-gulls-lyrics,Cole Davis,CJ Camerieri
H.A.M (Sandwich),,2012.0,83370,https://genius.com/Odd-future-ham-sandwich-lyrics,Odd Future,"Tyler, The Creator"
H.A.M (Sandwich),,2012.0,83370,https://genius.com/Odd-future-ham-sandwich-lyrics,Odd Future,Earl Sweatshirt
H.A.M (Sandwich),,2012.0,83370,https://genius.com/Odd-future-ham-sandwich-lyrics,Odd Future,Domo Genesis
H2O,,2024.0,10144986,https://genius.com/Ms-boogie-h2o-lyrics,Ms. Boogie,Dua Saleh
HAD ENOUGH,,2019.0,4480026,https://genius.com/Don-toliver-had-enough-lyrics,Don Toliver,Quavo
HAD ENOUGH,,2019.0,4480026,https://genius.com/Don-toliver-had-enough-lyrics,Don Toliver,Offset
HAPPY,,2025.0,7667927,https://genius.com/Ye-happy-lyrics,Ye,Future
HAPPY (Explicit),,,8782112,https://genius.com/Ye-happy-explicit-lyrics,Ye,Future
HEARTBEAT*,,,6665713,https://genius.com/Chase-b-heartbeat-lyrics,CHASE B,Travis Scott
HEARTBEAT*,,,6665713,https://genius.com/Chase-b-heartbeat-lyrics,CHASE B,Swae Lee
HELP YOURSELF,,2020.0,5301613,https://genius.com/Adam-melchor-help-yourself-lyrics,Adam Melchor,Ethan Gruska
HER Love,,2019.0,4627717,https://genius.com/Common-her-love-lyrics,Common,Daniel Caesar
HIGHS AND LOWS (Saintboy Reference),,,13275285,https://genius.com/Kanye-west-highs-and-lows-saintboy-reference-lyrics,Kanye West,Saintboy
HOLD TIGHT,,2025.0,12631900,https://genius.com/The-pastelle-collective-yedits-hold-tight-lyrics,The Pastelle Collective (Yedits),Quavo
HOLD TIGHT,,2025.0,12631900,https://genius.com/The-pastelle-collective-yedits-hold-tight-lyrics,The Pastelle Collective (Yedits),Young Thug
HOLD TIGHT,,2025.0,12631900,https://genius.com/The-pastelle-collective-yedits-hold-tight-lyrics,The Pastelle Collective (Yedits),Takeoff
HOLD TIGHT,,2025.0,12631900,https://genius.com/The-pastelle-collective-yedits-hold-tight-lyrics,The Pastelle Collective (Yedits),Offset
HOLD UP,,,6080485,https://genius.com/Rae-sremmurd-hold-up-lyrics,Rae Sremmurd,Travis Scott
HOUDINI (Original),,,9353525,https://genius.com/Travis-scott-houdini-original-lyrics,Travis Scott,Playboi Carti
Haiku4U,,2020.0,5172328,https://genius.com/Ethan-gruska-haiku4u-lyrics,Ethan Gruska,Lianne La Havas
Halfway There X You’ll Always Find Your Way Back Home X Love Drunk (SadBois Edit),,2026.0,13276997,https://genius.com/Sadbois-halfway-there-x-youll-always-find-your-way-back-home-x-love-drunk-sadbois-edit-lyrics,SadBois,BOYS LIKE GIRLS
Hands On,,2019.0,4824667,https://genius.com/Kanye-west-hands-on-lyrics,Kanye West,Fred Hammond
Hands Up,,2013.0,209162,https://genius.com/Swizz-beatz-hands-up-lyrics,Swizz Beatz,Nicki Minaj
Hands Up,,2013.0,209162,https://genius.com/Swizz-beatz-hands-up-lyrics,Swizz Beatz,Lil Wayne
Hands Up,,2013.0,209162,https://genius.com/Swizz-beatz-hands-up-lyrics,Swizz Beatz,2 Chainz
Hands Up,,2013.0,209162,https://genius.com/Swizz-beatz-hands-up-lyrics,Swizz Beatz,Rick Ross
Happy Birthday Mom!!,,2015.0,2355581,https://genius.com/Kim-kardashian-happy-birthday-mom-lyrics,Kim Kardashian,Kanye West
Happy Xmas (War Is Over),,2018.0,4158357,https://genius.com/Miley-cyrus-and-mark-ronson-happy-xmas-war-is-over-lyrics,Miley Cyrus,Sean Lennon
Hard,,2009.0,934,https://genius.com/Rihanna-hard-lyrics,Rihanna,Jeezy
Hard (Jody den Broeder Dub),,2010.0,3775991,https://genius.com/Rihanna-hard-jody-den-broeder-dub-lyrics,Rihanna,Jeezy
Hard (Jody den Broeder Radio Edit),,2010.0,3775987,https://genius.com/Rihanna-hard-jody-den-broeder-radio-edit-lyrics,Rihanna,Jeezy
Hard Piano,,2018.0,3721024,https://genius.com/Pusha-t-hard-piano-lyrics,Pusha T,Rick Ross
Hard Piano (Original),,,9194156,https://genius.com/Pusha-t-hard-piano-original-lyrics,Pusha T,Kanye West
Hard Piano (Original),,,9194156,https://genius.com/Pusha-t-hard-piano-original-lyrics,Pusha T,Rick Ross
Hard Times Come Again No More,,2012.0,1848535,https://genius.com/The-chieftains-hard-times-come-again-no-more-lyrics,The Chieftains,Paolo Nutini
Harder,,2012.0,57001,https://genius.com/Yo-gotti-harder-lyrics,Yo Gotti,Rick Ross
Harsh,,2011.0,56654,https://genius.com/Styles-p-harsh-lyrics,Styles P,Busta Rhymes
Harsh,,2011.0,56654,https://genius.com/Styles-p-harsh-lyrics,Styles P,Rick Ross
Hate,,2009.0,54,https://genius.com/Jay-z-hate-lyrics,JAŸ-Z,Kanye West
Hate It,,,12035962,https://genius.com/Kanye-west-hate-it-lyrics,Kanye West,Kid Cudi
Hate to Love,,,8375778,https://genius.com/Enjay-aus-hate-to-love-lyrics,EnJay (AUS),Kanye West
Haterade,,2010.0,1334,https://genius.com/Gucci-mane-haterade-lyrics,Gucci Mane,Pharrell Williams
Haterade,,2010.0,1334,https://genius.com/Gucci-mane-haterade-lyrics,Gucci Mane,Nicki Minaj
Haterz,,2008.0,480331,https://genius.com/Bob-haterz-lyrics,B.o.B,Rick Ross
Hatin’ on the Club,,2009.0,129814,https://genius.com/Rihanna-hatin-on-the-club-lyrics,Rihanna,The-Dream
Hats Off,,2021.0,6868378,https://genius.com/Lil-baby-and-lil-durk-hats-off-lyrics,Lil Baby,Travis Scott
Have I Told You Lately That I Love You?,,,5673177,https://genius.com/The-chieftains-have-i-told-you-lately-that-i-love-you-lyrics,The Chieftains,Van Morrison
He Gave It All,,,7613436,https://genius.com/Kanye-west-he-gave-it-all-lyrics,Kanye West,Boyz II Men
He Gave It All,,,7613436,https://genius.com/Kanye-west-he-gave-it-all-lyrics,Kanye West,Sunday Service Choir
He Gave It All (KayCyy Reference),,,7410946,https://genius.com/Kanye-west-he-gave-it-all-kaycyy-reference-lyrics,Kanye West,Boyz II Men
He Gave It All (KayCyy Reference),,,7410946,https://genius.com/Kanye-west-he-gave-it-all-kaycyy-reference-lyrics,Kanye West,KayCyy
He Moved Through the Fair,,1995.0,2015439,https://genius.com/The-chieftains-he-moved-through-the-fair-lyrics,The Chieftains,Sinéad O’Connor
Head Shots,,2012.0,92664,https://genius.com/Gucci-mane-head-shots-lyrics,Gucci Mane,Rick Ross
Headache,,2014.0,589950,https://genius.com/Rick-ross-headache-lyrics,Rick Ross,French Montana
Headlights,,2015.0,741573,https://genius.com/Robin-schulz-headlights-lyrics,Robin Schulz,Ilsey
Headlights [DJ Tonka’s Sunlight Radio Mix],,2015.0,13219339,https://genius.com/Robin-schulz-headlights-dj-tonkas-sunlight-radio-mix-lyrics,Robin Schulz,Ilsey
Heads Off (Version 2),,,11036156,https://genius.com/Kanye-west-heads-off-version-2-lyrics,Kanye West,Playboi Carti
Heads Off (Version 3),,,13625378,https://genius.com/Kanye-west-heads-off-version-3-lyrics,Kanye West,Playboi Carti
Heads Up Eyes Open,,2017.0,3253591,https://genius.com/Talib-kweli-heads-up-eyes-open-lyrics,Talib Kweli,Rick Ross
Heard ’Em Say,,2005.0,1329,https://genius.com/Kanye-west-heard-em-say-lyrics,Kanye West,Adam Levine
Heart of Gold,,2023.0,9186157,https://genius.com/Ilsey-heart-of-gold-lyrics,Ilsey,Bon Iver
Heart of Mine,,,1056891,https://genius.com/Blake-mills-heart-of-mine-lyrics,Blake Mills,Danielle Haim
Heartbreak,,2017.0,2975966,https://genius.com/Fat-joe-and-remy-ma-heartbreak-lyrics,Fat Joe,The-Dream
Heaven And Earth,,,9531945,https://genius.com/Kanye-west-heaven-and-earth-lyrics,Kanye West,Buju Banton
Heaven on Earth,,2017.0,2837747,https://genius.com/Vic-mensa-heaven-on-earth-lyrics,VIC MENSA,The-Dream
Heaven on Earth (Reprise),,2017.0,3155984,https://genius.com/Vic-mensa-heaven-on-earth-reprise-lyrics,VIC MENSA,The-Dream
Heavy Artillery,,2011.0,54092,https://genius.com/The-game-heavy-artillery-lyrics,The Game,Rick Ross
Heavy Camp,,2018.0,3083252,https://genius.com/Blac-youngsta-heavy-camp-lyrics,Blac Youngsta,Travis Scott
Heavy Hitters,,2003.0,25754,https://genius.com/Kanye-west-heavy-hitters-lyrics,Kanye West,GLC
Hefe Jefe,,,13085331,https://genius.com/Kanye-west-hefe-jefe-lyrics,Kanye West,Vory
Hell,,2010.0,50614,https://genius.com/Mellowhype-hell-lyrics,MellowHype,Frank Ocean
Hell Of A Life (Original),,,10944500,https://genius.com/Kanye-west-hell-of-a-life-original-lyrics,Kanye West,Bon Iver
Hell You Saying,,2014.0,357143,https://genius.com/Ti-hell-you-saying-lyrics,T.I.,Travis Scott
Hella Smoke,,2021.0,7475179,https://genius.com/Rick-ross-hella-smoke-lyrics,Rick Ross,Wiz Khalifa
Hello,,2015.0,2396689,https://genius.com/Busta-rhymes-hello-lyrics,Busta Rhymes,Chance the Rapper
Hello Brooklyn 2.0,,2007.0,236,https://genius.com/Jay-z-hello-brooklyn-20-lyrics,JAŸ-Z,Lil Wayne
Hello Brooklyn 2.0 (A Cappella),,2007.0,6770463,https://genius.com/Jay-z-hello-brooklyn-20-a-cappella-lyrics,JAŸ-Z,Lil Wayne
Hello Good Morning (Pt. II),,2010.0,38116,https://genius.com/Diddy-hello-good-morning-pt-ii-lyrics,Diddy,Rick Ross
Hello Good Morning (Pt. II),,2010.0,38116,https://genius.com/Diddy-hello-good-morning-pt-ii-lyrics,Diddy,Nicki Minaj
Helping the Retarded to Know God,,2012.0,1295867,https://genius.com/The-flaming-lips-helping-the-retarded-to-know-god-lyrics,The Flaming Lips,Edward Sharpe & The Magnetic Zeros
Here I Am,,2008.0,40253,https://genius.com/Rick-ross-here-i-am-lyrics,Rick Ross,Nelly
Here We Go / Don’t Fall for That,,2016.0,2934515,https://genius.com/Ti-here-we-go-dont-fall-for-that-lyrics,T.I.,Charlie Wilson
Here With Me,,2022.0,7616209,https://genius.com/Mary-j-blige-here-with-me-lyrics,Mary J. Blige,Anderson .Paak
Hey Driver,,2023.0,9165868,https://genius.com/Zach-bryan-hey-driver-lyrics,Zach Bryan,The War and Treaty
Hey Girl,,2004.0,1099400,https://genius.com/Estelle-hey-girl-lyrics,Estelle,John Legend
Hi So Hi,,2016.0,13607458,https://genius.com/Spuf-don-hi-so-hi-lyrics,Spuf Don,Travis Scott
High Art,,2013.0,150309,https://genius.com/The-dream-high-art-lyrics,The-Dream,JAŸ-Z
High Fashion,,2015.0,691607,https://genius.com/Travis-scott-high-fashion-lyrics,Travis Scott,Future
High Over,,,10563331,https://genius.com/Young-thug-high-over-lyrics,Young Thug,James Blake
High School,,2013.0,97956,https://genius.com/Nicki-minaj-high-school-lyrics,Nicki Minaj,Lil Wayne
High Spirits,,1998.0,1236410,https://genius.com/Van-morrison-high-spirits-lyrics,Van Morrison,The Chieftains
Higher Than a Kite,,2008.0,52974,https://genius.com/Nicki-minaj-higher-than-a-kite-lyrics,Nicki Minaj,Lil Wayne
Highlights,,2016.0,2412664,https://genius.com/Kanye-west-highlights-lyrics,Kanye West,The-Dream
Highlights,,2016.0,2412664,https://genius.com/Kanye-west-highlights-lyrics,Kanye West,Young Thug
Highly Prestigious,,,10509614,https://genius.com/Rick-ross-highly-prestigious-lyrics,Rick Ross,Ne-Yo
Highway Don’t Care,,2013.0,154241,https://genius.com/Tim-mcgraw-highway-dont-care-lyrics,Tim McGraw,Keith Urban
Highway Don’t Care,,2013.0,154241,https://genius.com/Tim-mcgraw-highway-dont-care-lyrics,Tim McGraw,Taylor Swift
History,,2009.0,1785,https://genius.com/Jay-z-history-lyrics,JAŸ-Z,The World Famous Tony Williams
Hit Different,,2020.0,5928961,https://genius.com/Sza-hit-different-lyrics,SZA,Ty Dolla $ign
Hit the Door*,,,9987094,https://genius.com/Nav-hit-the-door-lyrics,NAV,Travis Scott
Hit the Door*,,,9987094,https://genius.com/Nav-hit-the-door-lyrics,NAV,Future
Hold Me,,2005.0,32381,https://genius.com/Mashonda-hold-me-lyrics,Mashonda,Kanye West
Hold My Liquor,,2013.0,171397,https://genius.com/Kanye-west-hold-my-liquor-lyrics,Kanye West,Justin Vernon
Hold My Liquor,,2013.0,171397,https://genius.com/Kanye-west-hold-my-liquor-lyrics,Kanye West,Chief Keef
Hold On,,2013.0,218132,https://genius.com/Pusha-t-hold-on-lyrics,Pusha T,Rick Ross
Hold That Heat,,2022.0,7208298,https://genius.com/Southside-and-future-hold-that-heat-lyrics,Southside,Travis Scott
Hold Tight,,,3110203,https://genius.com/Kanye-west-hold-tight-lyrics,Kanye West,Migos
Hold Tight,,,3110203,https://genius.com/Kanye-west-hold-tight-lyrics,Kanye West,Young Thug
Hold You Now,,2019.0,4435314,https://genius.com/Vampire-weekend-hold-you-now-lyrics,Vampire Weekend,Danielle Haim
Hold the Line,,2009.0,66532,https://genius.com/Major-lazer-hold-the-line-lyrics,Major Lazer,Santigold
Holes In The Sky,,2015.0,715821,https://genius.com/M83-holes-in-the-sky-lyrics,M83,HAIM
Holiday,,2017.0,3120203,https://genius.com/Calvin-harris-holiday-lyrics,Calvin Harris,Snoop Dogg
Holiday,,2017.0,3120203,https://genius.com/Calvin-harris-holiday-lyrics,Calvin Harris,John Legend
Holiday,,2017.0,3120203,https://genius.com/Calvin-harris-holiday-lyrics,Calvin Harris,Takeoff
Holla at Me,,2006.0,85046,https://genius.com/Dj-khaled-holla-at-me-lyrics,DJ Khaled,Lil Wayne
Holla at Me,,2006.0,85046,https://genius.com/Dj-khaled-holla-at-me-lyrics,DJ Khaled,Paul Wall
Holla at Me,,2006.0,85046,https://genius.com/Dj-khaled-holla-at-me-lyrics,DJ Khaled,Rick Ross
Holla at Me,,2006.0,85046,https://genius.com/Dj-khaled-holla-at-me-lyrics,DJ Khaled,Fat Joe
Hollywood,,2007.0,63858,https://genius.com/Jay-z-hollywood-lyrics,JAŸ-Z,Beyoncé
Holy,,2020.0,5956102,https://genius.com/Justin-bieber-holy-lyrics,Justin Bieber,Chance the Rapper
Holy Combat (BasedGod Interview),,2016.0,2842138,https://genius.com/Frank-ocean-holy-combat-basedgod-interview-annotated,Frank Ocean,Lil B
Holy Combat (BasedGod Interview),,2016.0,2842138,https://genius.com/Frank-ocean-holy-combat-basedgod-interview-annotated,Frank Ocean,Mikey Alfred
Holy Ghost,,2012.0,62987,https://genius.com/Rick-ross-holy-ghost-lyrics,Rick Ross,Diddy
Holy Roller,,2023.0,9436661,https://genius.com/Zach-bryan-holy-roller-lyrics,Zach Bryan,Sierra Ferrell
Holy Water,,2020.0,6322304,https://genius.com/Aero-flynn-holy-water-lyrics,Aero Flynn,CJ Camerieri
Holy Water,,2020.0,6322304,https://genius.com/Aero-flynn-holy-water-lyrics,Aero Flynn,Rob Moose
Holy Water,,2020.0,6322304,https://genius.com/Aero-flynn-holy-water-lyrics,Aero Flynn,Justin Vernon
Holy [Mixed],,2020.0,9806022,https://genius.com/Justin-bieber-holy-mixed-lyrics,Justin Bieber,Chance the Rapper
Home (Windy),,2002.0,62966,https://genius.com/Kanye-west-home-windy-lyrics,Kanye West,John Legend
Homecoming,,2007.0,552,https://genius.com/Kanye-west-homecoming-lyrics,Kanye West,Chris Martin
Honor and Respect,,,12319946,https://genius.com/Jay-z-honor-and-respect-lyrics,JAŸ-Z,The Weeknd
Hop Off a Jet,,2019.0,5113916,https://genius.com/Young-thug-hop-off-a-jet-lyrics,Young Thug,Travis Scott
Hopes and Dreams,,2016.0,4204299,https://genius.com/Frank-ocean-hopes-and-dreams-annotated,Frank Ocean,Ryan Breaux
Hopes and Dreams,,2016.0,4204299,https://genius.com/Frank-ocean-hopes-and-dreams-annotated,Frank Ocean,Navy Blue
Hopes and Dreams,,2016.0,4204299,https://genius.com/Frank-ocean-hopes-and-dreams-annotated,Frank Ocean,Na’kel Smith
Hopes and Dreams,,2016.0,4204299,https://genius.com/Frank-ocean-hopes-and-dreams-annotated,Frank Ocean,Ibrahim Hariri
Hopes and Dreams,,2016.0,4204299,https://genius.com/Frank-ocean-hopes-and-dreams-annotated,Frank Ocean,Evan Clark
Hot 97 Freestyle,,2010.0,1878,https://genius.com/Kanye-west-hot-97-freestyle-lyrics,Kanye West,Pusha T
Hot Sauce,,,8856990,https://genius.com/Kanye-west-hot-sauce-lyrics,Kanye West,John Legend
Hot Sauce (Version 1),,,2829210,https://genius.com/Travis-scott-hot-sauce-version-1-lyrics,Travis Scott,PARTYNEXTDOOR
Hot Sauce (Version 1),,,2829210,https://genius.com/Travis-scott-hot-sauce-version-1-lyrics,Travis Scott,Quentin Miller
Hot Sauce (Version 2),,,4643381,https://genius.com/Travis-scott-hot-sauce-version-2-lyrics,Travis Scott,Ty Dolla $ign
Hot Shower,,2019.0,4662044,https://genius.com/Chance-the-rapper-hot-shower-lyrics,Chance the Rapper,DaBaby
Hot Shower,,2019.0,4662044,https://genius.com/Chance-the-rapper-hot-shower-lyrics,Chance the Rapper,MadeinTYO
Hot Tottie,,2010.0,1058,https://genius.com/Usher-hot-tottie-lyrics,USHER,JAŸ-Z
Hot Tottie (Original Version),,2009.0,1395706,https://genius.com/Usher-hot-tottie-original-version-lyrics,USHER,JAŸ-Z
Houdini,,2018.0,3878088,https://genius.com/Travis-scott-houdini-lyrics,Travis Scott,Playboi Carti
Houstatlantaville,,2025.0,11357723,https://genius.com/Est-gee-houstatlantaville-lyrics,EST Gee,Lil Baby
Houstatlantaville,,2025.0,11357723,https://genius.com/Est-gee-houstatlantaville-lyrics,EST Gee,Travis Scott
How Can a Head,,2019.0,4458271,https://genius.com/The-flaming-lips-how-can-a-head-lyrics,The Flaming Lips,Mick Jones
How Could U?,,,11139805,https://genius.com/Kanye-west-how-could-u-lyrics,Kanye West,Stalone
How Great,,2016.0,2472220,https://genius.com/Chance-the-rapper-how-great-lyrics,Chance the Rapper,Jay Electronica
How Great (Alternate Version),,2021.0,6972841,https://genius.com/Chance-the-rapper-how-great-alternate-version-lyrics,Chance the Rapper,Jay Electronica
How To Go Crazy,,,7319640,https://genius.com/Chance-the-rapper-and-kanye-west-how-to-go-crazy-lyrics,Chance the Rapper,Ant Clemons
How To Go Crazy,,,7319640,https://genius.com/Chance-the-rapper-and-kanye-west-how-to-go-crazy-lyrics,Chance the Rapper,Francis and the Lights
How We Got By,,2017.0,3228025,https://genius.com/Mount-kimbie-how-we-got-by-lyrics,Mount Kimbie,James Blake
How You Feel/Pick Your Brain [V2],,,11103438,https://genius.com/Roddy-ricch-how-you-feel-pick-your-brain-v2-lyrics,Roddy Ricch,Travis Scott
Hurricane,,2021.0,7021481,https://genius.com/Kanye-west-and-the-weeknd-hurricane-lyrics,Kanye West,Lil Baby
Hurricane (Big Sean & Ty Dolla $ign Version),,,8306668,https://genius.com/Kanye-west-hurricane-big-sean-and-ty-dolla-sign-version-lyrics,Kanye West,Big Sean
Hurricane (Big Sean & Ty Dolla $ign Version),,,8306668,https://genius.com/Kanye-west-hurricane-big-sean-and-ty-dolla-sign-version-lyrics,Kanye West,Ty Dolla $ign
Hurricane (Big Sean Version),,,5044493,https://genius.com/Kanye-west-hurricane-big-sean-version-lyrics,Kanye West,Big Sean
Hurricane (Lil Yachty Reference),,,7084730,https://genius.com/Kanye-west-hurricane-lil-yachty-reference-lyrics,Kanye West,The Weeknd
Hurricane (Lil Yachty Reference),,,7084730,https://genius.com/Kanye-west-hurricane-lil-yachty-reference-lyrics,Kanye West,Lil Baby
Hurricane (Lil Yachty Reference),,,7084730,https://genius.com/Kanye-west-hurricane-lil-yachty-reference-lyrics,Kanye West,KayCyy
Hurricane (Lil Yachty Reference),,,7084730,https://genius.com/Kanye-west-hurricane-lil-yachty-reference-lyrics,Kanye West,Lil Yachty
Hurricane (Sunday Service Choir Version),,,7075395,https://genius.com/Kanye-west-hurricane-sunday-service-choir-version-lyrics,Kanye West,Sunday Service Choir
Hurricane (The WRLDFMS Tony Williams Version),,,11687244,https://genius.com/Kanye-west-hurricane-the-wrldfms-tony-williams-version-lyrics,Kanye West,The World Famous Tony Williams
Hurricane (Young Thug & Ty Dolla $ign Version),,,4938171,https://genius.com/Kanye-west-hurricane-young-thug-and-ty-dolla-sign-version-lyrics,Kanye West,Ant Clemons
Hurricane (Young Thug & Ty Dolla $ign Version),,,4938171,https://genius.com/Kanye-west-hurricane-young-thug-and-ty-dolla-sign-version-lyrics,Kanye West,Ty Dolla $ign
Hurricane (Young Thug & Ty Dolla $ign Version),,,4938171,https://genius.com/Kanye-west-hurricane-young-thug-and-ty-dolla-sign-version-lyrics,Kanye West,Young Thug
Hurricane 2.0,,2010.0,78524,https://genius.com/Thirty-seconds-to-mars-hurricane-20-lyrics,Thirty Seconds to Mars,Kanye West
Hurry,,2018.0,3796403,https://genius.com/Teyana-taylor-hurry-lyrics,Teyana Taylor,Kanye West
Hustle,,2009.0,4196297,https://genius.com/Camron-and-vado-hustle-lyrics,Cam’ron,Rick Ross
Hustle Hard,,,3674,https://genius.com/Jay-z-hustle-hard-lyrics,JAŸ-Z,Lil Wayne
Hustlin’ (Street Mix),,2006.0,40239,https://genius.com/Rick-ross-hustlin-street-mix-lyrics,Rick Ross,Busta Rhymes
Hutch,,2021.0,6959856,https://genius.com/Big-red-machine-hutch-lyrics,Big Red Machine,Lisa Hannigan
Hutch,,2021.0,6959856,https://genius.com/Big-red-machine-hutch-lyrics,Big Red Machine,Sharon Van Etten
Hyperballad,,2016.0,3828156,https://genius.com/Jim-e-stack-hyperballad-lyrics,Jim-E Stack,Jana Hunter
I Ain’t Thru,,2010.0,54610,https://genius.com/Keyshia-cole-i-aint-thru-lyrics,Keyshia Cole,Nicki Minaj
I Ain’t Worried,,2015.0,2329498,https://genius.com/Dj-khaled-i-aint-worried-lyrics,DJ Khaled,Rick Ross
I Am Not Home,,,362219,https://genius.com/Kanye-west-i-am-not-home-lyrics,Kanye West,King David
I Am The Streets,,2011.0,371278,https://genius.com/Trae-tha-truth-i-am-the-streets-lyrics,Trae tha Truth,Rick Ross
I Am The Streets,,2011.0,371278,https://genius.com/Trae-tha-truth-i-am-the-streets-lyrics,Trae tha Truth,The Game
I Am Your Leader,,2012.0,68514,https://genius.com/Nicki-minaj-i-am-your-leader-lyrics,Nicki Minaj,Rick Ross
I Am Your Leader,,2012.0,68514,https://genius.com/Nicki-minaj-i-am-your-leader-lyrics,Nicki Minaj,Cam’ron
I Am a Part of the Wonder,,2023.0,8840359,https://genius.com/Lonnie-holley-i-am-a-part-of-the-wonder-lyrics,Lonnie Holley,Moor Mother
I B on Dat,,2013.0,213969,https://genius.com/Meek-mill-i-b-on-dat-lyrics,Meek Mill,Nicki Minaj
I B on Dat,,2013.0,213969,https://genius.com/Meek-mill-i-b-on-dat-lyrics,Meek Mill,French Montana
I Been Trill,,,8657727,https://genius.com/Treated-crew-i-been-trill-lyrics,Treated Crew,Travis Scott
I Believe in You,,2020.0,5335876,https://genius.com/Kacy-hill-i-believe-in-you-lyrics,Kacy Hill,Francis and the Lights
I Bet You Think About Me (Taylor’s Version) [From the Vault],,2021.0,4499978,https://genius.com/Taylor-swift-i-bet-you-think-about-me-taylors-version-from-the-vault-lyrics,Taylor Swift,Chris Stapleton
I CRY 3,,2019.0,4805781,https://genius.com/93punx-and-vic-mensa-i-cry-3-lyrics,93PUNX,Francis and the Lights
I Can Be a Frog,,2009.0,212333,https://genius.com/The-flaming-lips-i-can-be-a-frog-lyrics,The Flaming Lips,Karen O
I Can Change,,2004.0,8019918,https://genius.com/John-legend-i-can-change-lyrics,John Legend,Snoop Dogg
I Cant,,,564499,https://genius.com/Lil-animus-i-cant-lyrics,Lil Animus,Bon Iver
I Can’t Even Lie,,2017.0,3117593,https://genius.com/Dj-khaled-i-cant-even-lie-lyrics,DJ Khaled,Nicki Minaj
I Can’t Even Lie,,2017.0,3117593,https://genius.com/Dj-khaled-i-cant-even-lie-lyrics,DJ Khaled,Future
I Can’t Hush,,2023.0,8840366,https://genius.com/Lonnie-holley-i-cant-hush-lyrics,Lonnie Holley,Jeff Parker
I Can’t Say No,,2009.0,2148983,https://genius.com/Trick-daddy-i-cant-say-no-lyrics,Trick Daddy,Kanye West
I Can’t Stop Loving You,,1991.0,1299245,https://genius.com/Van-morrison-i-cant-stop-loving-you-lyrics,Van Morrison,The Chieftains
I Changed Her Life,,2019.0,4847314,https://genius.com/Xxxtentacion-i-changed-her-life-lyrics,XXXTENTACION,Rick Ross
I Did It for My Dawgz,,2012.0,83922,https://genius.com/Dj-khaled-i-did-it-for-my-dawgz-lyrics,DJ Khaled,Rick Ross
I Did It for My Dawgz,,2012.0,83922,https://genius.com/Dj-khaled-i-did-it-for-my-dawgz-lyrics,DJ Khaled,French Montana
I Did It for My Dawgz,,2012.0,83922,https://genius.com/Dj-khaled-i-did-it-for-my-dawgz-lyrics,DJ Khaled,Meek Mill
I Did It for My Dawgz,,2012.0,83922,https://genius.com/Dj-khaled-i-did-it-for-my-dawgz-lyrics,DJ Khaled,Jadakiss
I Do,,2012.0,59392,https://genius.com/Jeezy-i-do-lyrics,Jeezy,JAŸ-Z
I Do,,2012.0,59392,https://genius.com/Jeezy-i-do-lyrics,Jeezy,André 3000
I Do It for Hip Hop,,2008.0,1716,https://genius.com/Ludacris-i-do-it-for-hip-hop-lyrics,Ludacris,Nas
I Do It for Hip Hop,,2008.0,1716,https://genius.com/Ludacris-i-do-it-for-hip-hop-lyrics,Ludacris,JAŸ-Z
I Don’t Give A,,2012.0,68743,https://genius.com/Madonna-i-dont-give-a-lyrics,Madonna,Nicki Minaj
I Don’t Give A Fuck,,2015.0,2036460,https://genius.com/Trae-tha-truth-i-dont-give-a-fuck-lyrics,Trae tha Truth,Rick Ross
I Don’t Know,,2023.0,11782346,https://genius.com/Travis-scott-and-juice-wrld-i-dont-know-lyrics,Travis Scott,The Weeknd
I Don’t Know*,,,5331789,https://genius.com/Roddy-ricch-i-dont-know-lyrics,Roddy Ricch,Travis Scott
I Don’t Play About My Paper,,2015.0,2328748,https://genius.com/Dj-khaled-i-dont-play-about-my-paper-lyrics,DJ Khaled,Rick Ross
I Don’t Play About My Paper,,2015.0,2328748,https://genius.com/Dj-khaled-i-dont-play-about-my-paper-lyrics,DJ Khaled,Future
I Don’t Want You to Die,,2011.0,862635,https://genius.com/The-flaming-lips-i-dont-want-you-to-die-lyrics,The Flaming Lips,Chris Martin
I Endorse These Strippers,,2012.0,98029,https://genius.com/Nicki-minaj-i-endorse-these-strippers-lyrics,Nicki Minaj,Tyga
I Feel Free [Version 10],,2018.0,9926713,https://genius.com/Kanye-west-i-feel-free-version-10-lyrics,Kanye West,Ty Dolla $ign
I Feel Like Pac / I Feel Like Biggie,,2013.0,233980,https://genius.com/Dj-khaled-i-feel-like-pac-i-feel-like-biggie-lyrics,DJ Khaled,Meek Mill
I Feel Like Pac / I Feel Like Biggie,,2013.0,233980,https://genius.com/Dj-khaled-i-feel-like-pac-i-feel-like-biggie-lyrics,DJ Khaled,Swizz Beatz
I Feel Like Pac / I Feel Like Biggie,,2013.0,233980,https://genius.com/Dj-khaled-i-feel-like-pac-i-feel-like-biggie-lyrics,DJ Khaled,Rick Ross
I Feel Like Pac / I Feel Like Biggie,,2013.0,233980,https://genius.com/Dj-khaled-i-feel-like-pac-i-feel-like-biggie-lyrics,DJ Khaled,T.I.
I Feel Like Pac / I Feel Like Biggie,,2013.0,233980,https://genius.com/Dj-khaled-i-feel-like-pac-i-feel-like-biggie-lyrics,DJ Khaled,Diddy
I Feel Like That (Album Version),,,6163994,https://genius.com/Kanye-west-i-feel-like-that-album-version-lyrics,Kanye West,Ty Dolla $ign
I Feel Like That (Album Version),,,6163994,https://genius.com/Kanye-west-i-feel-like-that-album-version-lyrics,Kanye West,The World Famous Tony Williams
I Feel Like That (Frank Ocean Version),,,9575976,https://genius.com/Kanye-west-i-feel-like-that-frank-ocean-version-lyrics,Kanye West,Frank Ocean
I Feel Like That (KIRBY Reference Track),,,10512331,https://genius.com/Kanye-west-i-feel-like-that-kirby-reference-track-lyrics,Kanye West,KIRBY
I Feel Like That (KIRBY Reference Track),,,10512331,https://genius.com/Kanye-west-i-feel-like-that-kirby-reference-track-lyrics,Kanye West,The World Famous Tony Williams
I Feel Like That (KIRBY Reference Track),,,10512331,https://genius.com/Kanye-west-i-feel-like-that-kirby-reference-track-lyrics,Kanye West,Ty Dolla $ign
I Get Crazy,,2009.0,60,https://genius.com/Nicki-minaj-i-get-crazy-lyrics,Nicki Minaj,Lil Wayne
I Got the Keys,,2016.0,2489998,https://genius.com/Dj-khaled-i-got-the-keys-lyrics,DJ Khaled,Future
I Got the Keys,,2016.0,2489998,https://genius.com/Dj-khaled-i-got-the-keys-lyrics,DJ Khaled,JAŸ-Z
I Have Been Watching,,2022.0,7882756,https://genius.com/Son-lux-i-have-been-watching-lyrics,Son Lux,Rob Moose
I Just Wanna Love U (Give It 2 Me),,2000.0,24440,https://genius.com/Jay-z-i-just-wanna-love-u-give-it-2-me-lyrics,JAŸ-Z,Pharrell Williams
I Just Wanna Love U (Give It 2 Me) (MTV Unplugged),,2001.0,2456029,https://genius.com/Jay-z-i-just-wanna-love-u-give-it-2-me-mtv-unplugged-lyrics,JAŸ-Z,Pharrell Williams
I Kill For Fun,,2019.0,4815807,https://genius.com/Ynw-melly-i-kill-for-fun-lyrics,YNW Melly,Kanye West
I Know,,2007.0,693,https://genius.com/Jay-z-i-know-lyrics,JAŸ-Z,Pharrell Williams
I Know I Know,,,6096737,https://genius.com/Kanye-west-i-know-i-know-lyrics,Kanye West,Francis and the Lights
I Know My Love,,2006.0,1819044,https://genius.com/The-corrs-i-know-my-love-lyrics,The Corrs,The Chieftains
I Know What Girls Like,,1997.0,24464,https://genius.com/Jay-z-i-know-what-girls-like-lyrics,JAŸ-Z,Diddy
I Know You Missed It,,2012.0,97537,https://genius.com/The-world-famous-tony-williams-i-know-you-missed-it-lyrics,The World Famous Tony Williams,John Legend
I Liked an Instagram Post,,2020.0,5338941,https://genius.com/Jimmy-fallon-i-liked-an-instagram-post-lyrics,Jimmy Fallon,HAIM
I Looked Over My Shoulder,,,11513279,https://genius.com/Lonnie-holley-i-looked-over-my-shoulder-lyrics,Lonnie Holley,billy woods
I Love It*,,,3185907,https://genius.com/Wiz-khalifa-i-love-it-lyrics,Wiz Khalifa,The-Dream
I Love It*,,,3185907,https://genius.com/Wiz-khalifa-i-love-it-lyrics,Wiz Khalifa,Pusha T
I Love You,,2020.0,5148005,https://genius.com/Trippie-redd-i-love-you-lyrics,Trippie Redd,Chance the Rapper
I Love You So Much,,2017.0,3117587,https://genius.com/Dj-khaled-i-love-you-so-much-lyrics,DJ Khaled,Chance the Rapper
I Luv Dem Strippers,,2012.0,84247,https://genius.com/2-chainz-i-luv-dem-strippers-lyrics,2 Chainz,Nicki Minaj
I Made It,,2011.0,3552074,https://genius.com/French-montana-i-made-it-lyrics,French Montana,Rick Ross
I Need a Forest Fire,,2016.0,2467745,https://genius.com/James-blake-i-need-a-forest-fire-lyrics,James Blake,Bon Iver
I Only Have Eyes,,2013.0,11789784,https://genius.com/Kanye-west-i-only-have-eyes-lyrics,Kanye West,The Weeknd
I Pray For You,,2022.0,7898834,https://genius.com/Clipse-i-pray-for-you-lyrics,Clipse,Labrinth
I Remember Everything,,2023.0,9436386,https://genius.com/Zach-bryan-i-remember-everything-lyrics,Zach Bryan,Kacey Musgraves
I Ride,,2015.0,2329492,https://genius.com/Dj-khaled-i-ride-lyrics,DJ Khaled,Jeezy
I Ride,,2015.0,2329492,https://genius.com/Dj-khaled-i-ride-lyrics,DJ Khaled,Rick Ross
I Ride,,2015.0,2329492,https://genius.com/Dj-khaled-i-ride-lyrics,DJ Khaled,Future
I Saw Three Ships,,2013.0,428189,https://genius.com/Trace-adkins-i-saw-three-ships-lyrics,Trace Adkins,The Chieftains
I Saw Three Ships A Sailing,,,2004886,https://genius.com/The-chieftains-i-saw-three-ships-a-sailing-lyrics,The Chieftains,Marianne Faithfull
I See Now,,2004.0,28791,https://genius.com/Consequence-i-see-now-lyrics,Consequence,Kanye West
I Shot a Video for Fun,,2016.0,11765185,https://genius.com/Tyrone-lebon-i-shot-a-video-for-fun-annotated,Tyrone Lebon,Frank Ocean
I Still Love H.E.R.,,2007.0,31755,https://genius.com/Teriyaki-boyz-i-still-love-her-lyrics,Teriyaki Boyz,Kanye West
I Still Love H.E.R. (Instrumental),,2007.0,6836494,https://genius.com/Teriyaki-boyz-i-still-love-her-instrumental-lyrics,Teriyaki Boyz,Kanye West
I Still Wanna,,2011.0,5788,https://genius.com/Pusha-t-i-still-wanna-lyrics,Pusha T,Rick Ross
I Think She Like Me,,2017.0,2965891,https://genius.com/Rick-ross-i-think-she-like-me-lyrics,Rick Ross,Ty Dolla $ign
I Try,,2004.0,44525,https://genius.com/Talib-kweli-i-try-lyrics,Talib Kweli,Mary J. Blige
I Wanna Be With You,,2013.0,197451,https://genius.com/Dj-khaled-i-wanna-be-with-you-lyrics,DJ Khaled,Future
I Wanna Be With You,,2013.0,197451,https://genius.com/Dj-khaled-i-wanna-be-with-you-lyrics,DJ Khaled,Nicki Minaj
I Wanna Be With You,,2013.0,197451,https://genius.com/Dj-khaled-i-wanna-be-with-you-lyrics,DJ Khaled,Rick Ross
I Wanna Rock (The Kings G-Mix),,2010.0,377,https://genius.com/Snoop-dogg-i-wanna-rock-the-kings-g-mix-lyrics,Snoop Dogg,JAŸ-Z
I Want You Gone,,2025.0,12471803,https://genius.com/Cole-davis-i-want-you-gone-lyrics,Cole Davis,Bon Iver
I Was a Rock (Muhammad Ali ESPYs Tribute),,2016.0,2820443,https://genius.com/Chance-the-rapper-i-was-a-rock-muhammad-ali-espys-tribute-lyrics,Chance the Rapper,Peter CottonTale
"I Was, I Was",,2018.0,7299970,https://genius.com/Ellayo-i-was-i-was-lyrics,Ellayo,Rob Moose
"I Wish You Were Here (The Good, the Bad, the Ugly)",,,2473322,https://genius.com/Kanye-west-and-a-trak-i-wish-you-were-here-the-good-the-bad-the-ugly-lyrics,Kanye West,Al Green
I Wish You Would,,2012.0,79532,https://genius.com/Dj-khaled-i-wish-you-would-lyrics,DJ Khaled,Kanye West
I Wish You Would,,2012.0,79532,https://genius.com/Dj-khaled-i-wish-you-would-lyrics,DJ Khaled,Rick Ross
I Won,,2014.0,398159,https://genius.com/Future-i-won-lyrics,Future,Kanye West
I fell in love with a tragic,,2019.0,11399509,https://genius.com/Loccoo-i-fell-in-love-with-a-tragic-lyrics,Loccoo,Travis Scott
I. The Worst Guys,,2013.0,269013,https://genius.com/Childish-gambino-i-the-worst-guys-lyrics,Childish Gambino,Chance the Rapper
ICANBEWHATEV2.2,,,12072135,https://genius.com/Mkgee-icanbewhatev22-lyrics,Mk.gee,Dijon
ICE AGE,,2024.0,10516184,https://genius.com/Don-toliver-ice-age-lyrics,Don Toliver,Travis Scott
IHOP Parking Lot,,2019.0,4575319,https://genius.com/The-lonely-island-ihop-parking-lot-lyrics,The Lonely Island,HAIM
IMAGINE DAT (Young Moose Reference),,,10932986,https://genius.com/Kanye-west-and-ty-dolla-sign-imagine-dat-young-moose-reference-lyrics,"¥$, Kanye West & Ty Dolla $ign",Young Moose
INSIDE,,2024.0,10516194,https://genius.com/Don-toliver-inside-lyrics,Don Toliver,Travis Scott
ISLORD,,2022.0,11437408,https://genius.com/Vritra-islord-lyrics,VRITRA,Kanye West
IT’S ALL YOU KNOW*,,,7046797,https://genius.com/Brockhampton-its-all-you-know-lyrics,BROCKHAMPTON,Dijon
IV Play (Original),,,152013,https://genius.com/The-dream-iv-play-original-lyrics,The-Dream,Twista
Ice Cream,,2022.0,7844705,https://genius.com/Freddie-gibbs-ice-cream-lyrics,Freddie Gibbs,Rick Ross
Iconic,,2015.0,696976,https://genius.com/Madonna-iconic-lyrics,Madonna,Chance the Rapper
If I Had,,2023.0,8827728,https://genius.com/Don-toliver-if-i-had-lyrics,Don Toliver,Charlie Wilson
If Only I Could Wait,,2025.0,11465010,https://genius.com/Bon-iver-if-only-i-could-wait-lyrics,Bon Iver,Danielle Haim
"If They Move, Shoot ’Em",,2013.0,7220841,https://genius.com/The-flaming-lips-if-they-move-shoot-em-lyrics,The Flaming Lips,Stardeath And White Dwarfs
If We Get Lost They Will Find Us,,2023.0,8840365,https://genius.com/Lonnie-holley-if-we-get-lost-they-will-find-us-lyrics,Lonnie Holley,Rokia Koné
Ignant Shit,,2009.0,1036,https://genius.com/Drake-ignant-shit-lyrics,Drake,Lil Wayne
Im A Dog,,2013.0,278184,https://genius.com/Rick-ross-im-a-dog-lyrics,Rick Ross,Gucci Mane
Im a rockstar got my guitar,,2016.0,4317416,https://genius.com/Meek-mill-im-a-rockstar-got-my-guitar-lyrics,Meek Mill,Nicki Minaj
Impatient Boy (Benzi Refix),,2008.0,8300157,https://genius.com/Kanye-west-dj-benzi-and-plain-pat-impatient-boy-benzi-refix-lyrics,Kanye West,Estelle
Impatient Boy (Benzi Refix),,2008.0,8300157,https://genius.com/Kanye-west-dj-benzi-and-plain-pat-impatient-boy-benzi-refix-lyrics,Kanye West,will.i.am
Impossible,,2006.0,25790,https://genius.com/Kanye-west-impossible-lyrics,Kanye West,Twista
Impossible,,2006.0,25790,https://genius.com/Kanye-west-impossible-lyrics,Kanye West,Keyshia Cole
Impossible,,2006.0,25790,https://genius.com/Kanye-west-impossible-lyrics,Kanye West,BJ the Chicago Kid
In God’s Country,,,5780832,https://genius.com/Kanye-west-in-gods-country-lyrics,Kanye West,Common
In God’s Country,,,5780832,https://genius.com/Kanye-west-in-gods-country-lyrics,Kanye West,Justin Bieber
In God’s Country (Ant Clemons Reference),,,8336124,https://genius.com/Kanye-west-in-gods-country-ant-clemons-reference-lyrics,Kanye West,Ant Clemons
In God’s Country (Pharrell Williams Reference),,,9532213,https://genius.com/Kanye-west-in-gods-country-pharrell-williams-reference-lyrics,Kanye West,Justin Bieber
In God’s Country (Pharrell Williams Reference),,,9532213,https://genius.com/Kanye-west-in-gods-country-pharrell-williams-reference-lyrics,Kanye West,Pharrell Williams
In My Bed,,,7245412,https://genius.com/Travis-scott-in-my-bed-lyrics,Travis Scott,Swae Lee
In My Head (CyHi Reference),,,4780518,https://genius.com/Travis-scott-in-my-head-cyhi-reference-lyrics,Travis Scott,Swae Lee
In My Head (CyHi Reference),,,4780518,https://genius.com/Travis-scott-in-my-head-cyhi-reference-lyrics,Travis Scott,Justice
In My Head (CyHi Reference),,,4780518,https://genius.com/Travis-scott-in-my-head-cyhi-reference-lyrics,Travis Scott,CyHi
In My Life,,2015.0,646728,https://genius.com/Ludacris-in-my-life-lyrics,Ludacris,John Legend
In The Morning,,,7008761,https://genius.com/Kanye-west-in-the-morning-lyrics,Kanye West,Sunday Service Choir
In Vein,,2014.0,365958,https://genius.com/Rick-ross-in-vein-lyrics,Rick Ross,The Weeknd
In the Mood,,2007.0,44467,https://genius.com/Talib-kweli-in-the-mood-lyrics,Talib Kweli,Kanye West
In the Mood (Snippet),,2007.0,5798084,https://genius.com/Talib-kweli-in-the-mood-snippet-lyrics,Talib Kweli,Kanye West
In the Room: Overload,,2017.0,3156025,https://genius.com/John-legend-in-the-room-overload-lyrics,John Legend,Gallant
Indo*,,,9302312,https://genius.com/Swae-lee-indo-lyrics,Swae Lee,Travis Scott
Indo*,,,9302312,https://genius.com/Swae-lee-indo-lyrics,Swae Lee,NAV
Infectious,,2015.0,691434,https://genius.com/Charlie-wilson-infectious-lyrics,Charlie Wilson,Snoop Dogg
Inkredible,,2010.0,57554,https://genius.com/Trae-tha-truth-inkredible-lyrics,Trae tha Truth,Lil Wayne
Inkredible,,2010.0,57554,https://genius.com/Trae-tha-truth-inkredible-lyrics,Trae tha Truth,Rick Ross
Inkredible 3 (Yall 4 Got),,2011.0,6426594,https://genius.com/Trae-tha-truth-inkredible-3-yall-4-got-lyrics,Trae tha Truth,Rick Ross
Inkredible 3 (Yall 4 Got),,2011.0,6426594,https://genius.com/Trae-tha-truth-inkredible-3-yall-4-got-lyrics,Trae tha Truth,Lil Wayne
Inkredible 3 (Yall 4 Got),,2011.0,6426594,https://genius.com/Trae-tha-truth-inkredible-3-yall-4-got-lyrics,Trae tha Truth,Jadakiss
Inlet,,2020.0,6322291,https://genius.com/Aero-flynn-inlet-lyrics,Aero Flynn,CJ Camerieri
Inlet,,2020.0,6322291,https://genius.com/Aero-flynn-inlet-lyrics,Aero Flynn,Rob Moose
Inlet,,2020.0,6322291,https://genius.com/Aero-flynn-inlet-lyrics,Aero Flynn,Justin Vernon
Inner Peace,,2022.0,8080758,https://genius.com/Chris-brown-inner-peace-lyrics,Chris Brown,Anderson .Paak
Instagram Song 3,,2020.0,5507220,https://genius.com/Chance-the-rapper-instagram-song-3-lyrics,Chance the Rapper,Daniel Caesar
Instagram Song 8 (CWYN),,2020.0,5505673,https://genius.com/Chance-the-rapper-instagram-song-8-cwyn-lyrics,Chance the Rapper,Lil Wayne
Instagram Song 8 (CWYN),,2020.0,5505673,https://genius.com/Chance-the-rapper-instagram-song-8-cwyn-lyrics,Chance the Rapper,Young Thug
Instagram That H**,,2012.0,92166,https://genius.com/Fat-joe-instagram-that-h-lyrics,Fat Joe,Juicy J
Instagram That H**,,2012.0,92166,https://genius.com/Fat-joe-instagram-that-h-lyrics,Fat Joe,Rick Ross
Interlude (The Grey Album),,2004.0,4215038,https://genius.com/Danger-mouse-interlude-the-grey-album-lyrics,Danger Mouse,JAŸ-Z
Interview Magazine: Cover Story Excerpt,,,343393,https://genius.com/Kanye-west-interview-magazine-cover-story-excerpt-annotated,Kanye West,Steve McQueen
Intro (Akademiks (JeaniusLevelMusik)),,2002.0,10093497,https://genius.com/Kanye-west-intro-akademiks-jeaniuslevelmusik-lyrics,Kanye West,John Legend
Intro (American Gangster),,2007.0,94631,https://genius.com/Jay-z-intro-american-gangster-lyrics,JAŸ-Z,IDRIS
Intro (Finally Famous),,2007.0,2018860,https://genius.com/Big-sean-intro-finally-famous-lyrics,Big Sean,Kanye West
Intro (Get Well Soon),,2002.0,2853269,https://genius.com/Kanye-west-intro-get-well-soon-lyrics,Kanye West,Marie “Free” Wright
Intro (I’m Good),,2003.0,315945,https://genius.com/Kanye-west-intro-im-good-lyrics,Kanye West,John Legend
Intro (Kendrick Lamar Reference),,2016.0,12212399,https://genius.com/Diddy-intro-kendrick-lamar-reference-lyrics,Diddy,Kendrick Lamar
Intro (Kendrick Lamar Reference),,2016.0,12212399,https://genius.com/Diddy-intro-kendrick-lamar-reference-lyrics,Diddy,Kanye West
Intro (Listennn... the Album),,2006.0,3222565,https://genius.com/Dj-khaled-intro-listennn-the-album-lyrics,DJ Khaled,Fat Joe
Intro (Listennn... the Album),,2006.0,3222565,https://genius.com/Dj-khaled-intro-listennn-the-album-lyrics,DJ Khaled,Jeezy
Intro (Listennn... the Album),,2006.0,3222565,https://genius.com/Dj-khaled-intro-listennn-the-album-lyrics,DJ Khaled,Kanye West
Intro (Listennn... the Album),,2006.0,3222565,https://genius.com/Dj-khaled-intro-listennn-the-album-lyrics,DJ Khaled,Bun B
Intro (Listennn... the Album),,2006.0,3222565,https://genius.com/Dj-khaled-intro-listennn-the-album-lyrics,DJ Khaled,Trick Daddy
Intro (Listennn... the Album),,2006.0,3222565,https://genius.com/Dj-khaled-intro-listennn-the-album-lyrics,DJ Khaled,Nas
Intro (Listennn... the Album),,2006.0,3222565,https://genius.com/Dj-khaled-intro-listennn-the-album-lyrics,DJ Khaled,Rick Ross
Intro (Listennn... the Album),,2006.0,3222565,https://genius.com/Dj-khaled-intro-listennn-the-album-lyrics,DJ Khaled,Lil Wayne
Intro (Listennn... the Album),,2006.0,3222565,https://genius.com/Dj-khaled-intro-listennn-the-album-lyrics,DJ Khaled,Chamillionaire
Intro (Listennn... the Album),,2006.0,3222565,https://genius.com/Dj-khaled-intro-listennn-the-album-lyrics,DJ Khaled,Twista
Intro (Listennn... the Album),,2006.0,3222565,https://genius.com/Dj-khaled-intro-listennn-the-album-lyrics,DJ Khaled,Freeway
Intro (Listennn... the Album),,2006.0,3222565,https://genius.com/Dj-khaled-intro-listennn-the-album-lyrics,DJ Khaled,Jadakiss
Intro (Listennn... the Album),,2006.0,3222565,https://genius.com/Dj-khaled-intro-listennn-the-album-lyrics,DJ Khaled,Styles P
Intro (Listennn... the Album),,2006.0,3222565,https://genius.com/Dj-khaled-intro-listennn-the-album-lyrics,DJ Khaled,Paul Wall
Intro (Listennn... the Album),,2006.0,3222565,https://genius.com/Dj-khaled-intro-listennn-the-album-lyrics,DJ Khaled,T.I.
Intro (Review Copy for Entertainment Weekly),,,13272798,https://genius.com/Kanye-west-intro-review-copy-for-entertainment-weekly-annotated,Kanye West,DeRay Davis
Intro (We the Best),,2007.0,419231,https://genius.com/Dj-khaled-intro-we-the-best-lyrics,DJ Khaled,Rick Ross
Intro / Umbrella / Amber / I Wanna Love You [Mixed],,2023.0,9720424,https://genius.com/Rihanna-311-akon-and-the-xx-intro-umbrella-amber-i-wanna-love-you-mixed-lyrics,Rihanna,JAŸ-Z
Intro / Umbrella / Amber / I Wanna Love You [Mixed],,2023.0,9720424,https://genius.com/Rihanna-311-akon-and-the-xx-intro-umbrella-amber-i-wanna-love-you-mixed-lyrics,Rihanna,Snoop Dogg
Intro: Dreamurr,,2019.0,5913336,https://genius.com/Murr-intro-dreamurr-lyrics,Murr,James Blake
Invincible,,2022.0,7607562,https://genius.com/Omar-apollo-invincible-lyrics,Omar Apollo,Daniel Caesar
Is David Bowie Dying?,,2011.0,871860,https://genius.com/The-flaming-lips-is-david-bowie-dying-lyrics,The Flaming Lips,Neon Indian
Is That Yo Bitch,,1999.0,24556,https://genius.com/Jay-z-is-that-yo-bitch-lyrics,JAŸ-Z,Twista
Israel,,2023.0,9483454,https://genius.com/Al-be-back-israel-lyrics,Al Be Back,Kanye West
It Blows My Mind,,2003.0,35322,https://genius.com/Snoop-dogg-it-blows-my-mind-lyrics,Snoop Dogg,Pharrell Williams
It Depends,,2025.0,12150407,https://genius.com/Chris-brown-it-depends-lyrics,Chris Brown,Bryson Tiller
It’s Alright,,2005.0,30498,https://genius.com/Kanye-west-its-alright-lyrics,Kanye West,Ma$e
It’s Alright,,2005.0,30498,https://genius.com/Kanye-west-its-alright-lyrics,Kanye West,John Legend
It’s Alrite 2 Cry,,,2919081,https://genius.com/Kool-ad-its-alrite-2-cry-lyrics,Kool A.D.,Francis and the Lights
It’s Obvious,,2001.0,32660,https://genius.com/Rell-its-obvious-lyrics,Rell,JAŸ-Z
It’s Over,,2008.0,67443,https://genius.com/John-legend-its-over-lyrics,John Legend,Kanye West
It’s Possible,,,6054325,https://genius.com/Tgod808-its-possible-lyrics,TGOD808,Rick Ross
It’s Secured,,2017.0,3117577,https://genius.com/Dj-khaled-its-secured-lyrics,DJ Khaled,Travis Scott
It’s Secured,,2017.0,3117577,https://genius.com/Dj-khaled-its-secured-lyrics,DJ Khaled,Nas
It’s a Tower Heist,,2011.0,57132,https://genius.com/Nas-its-a-tower-heist-lyrics,Nas,Rick Ross
I’LL TAKE YOU ON,,2021.0,5503700,https://genius.com/Brockhampton-ill-take-you-on-lyrics,BROCKHAMPTON,Charlie Wilson
I’ll Be All Smiles Tonight,,,1295651,https://genius.com/The-chieftains-ill-be-all-smiles-tonight-lyrics,The Chieftains,Martina McBride
I’m A Boss,,2011.0,2245143,https://genius.com/Dj-hot-day-im-a-boss-lyrics,DJ Hot Day,Meek Mill
I’m A Boss,,2011.0,2245143,https://genius.com/Dj-hot-day-im-a-boss-lyrics,DJ Hot Day,Rick Ross
I’m Blessed,,2017.0,3049289,https://genius.com/Charlie-wilson-im-blessed-lyrics,Charlie Wilson,T.I.
I’m Down,,,2956655,https://genius.com/Jordan-armstrong-im-down-lyrics,Jor’dan Armstrong,Lil Animus
I’m Fine,,2017.0,3310652,https://genius.com/Cyhi-im-fine-lyrics,CyHi,Travis Scott
I’m Good,,,7189669,https://genius.com/Mia-im-good-lyrics,M.I.A.,Travis Scott
I’m In It,,2013.0,171400,https://genius.com/Kanye-west-im-in-it-lyrics,Kanye West,Agent Sasco (Assassin)
I’m In It,,2013.0,171400,https://genius.com/Kanye-west-im-in-it-lyrics,Kanye West,Justin Vernon
I’m Leanin’,,2013.0,228995,https://genius.com/Meek-mill-im-leanin-lyrics,Meek Mill,Travis Scott
I’m Leanin’,,2013.0,228995,https://genius.com/Meek-mill-im-leanin-lyrics,Meek Mill,Diddy
"I’m Not Crazy, Life Is",,2019.0,4346685,https://genius.com/2-chainz-im-not-crazy-life-is-lyrics,2 Chainz,Kodak Black
"I’m Not Crazy, Life Is",,2019.0,4346685,https://genius.com/2-chainz-im-not-crazy-life-is-lyrics,2 Chainz,Chance the Rapper
I’m On 3.0,,2017.0,3127795,https://genius.com/Trae-tha-truth-im-on-30-lyrics,Trae tha Truth,Styles P
I’m On 3.0,,2017.0,3127795,https://genius.com/Trae-tha-truth-im-on-30-lyrics,Trae tha Truth,G-Eazy
I’m On 3.0,,2017.0,3127795,https://genius.com/Trae-tha-truth-im-on-30-lyrics,Trae tha Truth,Chamillionaire
I’m On 3.0,,2017.0,3127795,https://genius.com/Trae-tha-truth-im-on-30-lyrics,Trae tha Truth,Rick Ross
I’m On 3.0,,2017.0,3127795,https://genius.com/Trae-tha-truth-im-on-30-lyrics,Trae tha Truth,Snoop Dogg
I’m On 3.0,,2017.0,3127795,https://genius.com/Trae-tha-truth-im-on-30-lyrics,Trae tha Truth,DRAM
I’m On 3.0,,2017.0,3127795,https://genius.com/Trae-tha-truth-im-on-30-lyrics,Trae tha Truth,Tee Grizzley
I’m On 3.0,,2017.0,3127795,https://genius.com/Trae-tha-truth-im-on-30-lyrics,Trae tha Truth,T.I.
I’m On One,,2011.0,50025,https://genius.com/Dj-khaled-im-on-one-lyrics,DJ Khaled,Drake
I’m On One,,2011.0,50025,https://genius.com/Dj-khaled-im-on-one-lyrics,DJ Khaled,Rick Ross
I’m On One,,2011.0,50025,https://genius.com/Dj-khaled-im-on-one-lyrics,DJ Khaled,Lil Wayne
I’m So Hood,,2007.0,17365,https://genius.com/Dj-khaled-im-so-hood-lyrics,DJ Khaled,T-Pain
I’m So Hood,,2007.0,17365,https://genius.com/Dj-khaled-im-so-hood-lyrics,DJ Khaled,Trick Daddy
I’m So Hood,,2007.0,17365,https://genius.com/Dj-khaled-im-so-hood-lyrics,DJ Khaled,Rick Ross
I’m Suppa Good,,2016.0,13607250,https://genius.com/Spuf-don-im-suppa-good-lyrics,Spuf Don,Travis Scott
I’m Working at NASA on Acid,,2012.0,1802342,https://genius.com/The-flaming-lips-im-working-at-nasa-on-acid-lyrics,The Flaming Lips,Lightning Bolt
I’m Ya Dogg,,2015.0,1779940,https://genius.com/Snoop-dogg-im-ya-dogg-lyrics,Snoop Dogg,Kendrick Lamar
I’m Ya Dogg,,2015.0,1779940,https://genius.com/Snoop-dogg-im-ya-dogg-lyrics,Snoop Dogg,Rick Ross
I’m a Boss,,2011.0,50408,https://genius.com/Meek-mill-im-a-boss-lyrics,Meek Mill,Rick Ross
I’m a G,,2006.0,40230,https://genius.com/Rick-ross-im-a-g-lyrics,Rick Ross,Lil Wayne
I’m a Morning Person,,2016.0,11793341,https://genius.com/Wolfgang-tillmans-im-a-morning-person-annotated,Wolfgang Tillmans,Frank Ocean
I’m on 4.0,,2025.0,11303800,https://genius.com/Trae-tha-truth-dmx-and-chance-the-rapper-im-on-40-lyrics,Trae tha Truth,Busta Rhymes
I’m on 4.0,,2025.0,11303800,https://genius.com/Trae-tha-truth-dmx-and-chance-the-rapper-im-on-40-lyrics,Trae tha Truth,Ty Dolla $ign
I’m on 4.0,,2025.0,11303800,https://genius.com/Trae-tha-truth-dmx-and-chance-the-rapper-im-on-40-lyrics,Trae tha Truth,Jeezy
I’m the One,,2017.0,3004837,https://genius.com/Dj-khaled-im-the-one-lyrics,DJ Khaled,Lil Wayne
I’m the One,,2017.0,3004837,https://genius.com/Dj-khaled-im-the-one-lyrics,DJ Khaled,Chance the Rapper
I’m the One,,2017.0,3004837,https://genius.com/Dj-khaled-im-the-one-lyrics,DJ Khaled,Quavo
I’m the One,,2017.0,3004837,https://genius.com/Dj-khaled-im-the-one-lyrics,DJ Khaled,Justin Bieber
JACKKKK X VAMMMP,,2024.0,13376286,https://genius.com/Playboi-carti-jackkkk-x-vammmp-lyrics,Playboi Carti,Travis Scott
JAY-Z Interview,,2017.0,3002581,https://genius.com/Frank-ocean-jay-z-interview-annotated,Frank Ocean,JAŸ-Z
JEALOUS,,,12665877,https://genius.com/The-pastelle-collective-yedits-jealous-lyrics,The Pastelle Collective (Yedits),Post Malone
JESUS [V5],,,13689246,https://genius.com/Ye-jesus-v5-lyrics,Ye,The World Famous Tony Williams
JLIG / Just Landed In Ghana,,,7594097,https://genius.com/Vic-mensa-jlig-just-landed-in-ghana-lyrics,VIC MENSA,Chance the Rapper
JOAQUINA’S WORLD,,2020.0,8871927,https://genius.com/Keavan-yazdani-joaquinas-world-lyrics,Keavan Yazdani,Daniel Caesar
JOAQUINA’S WORLD,,2020.0,8871927,https://genius.com/Keavan-yazdani-joaquinas-world-lyrics,Keavan Yazdani,Sean Leon
JOAQUINA’S WORLD,,2020.0,8871927,https://genius.com/Keavan-yazdani-joaquinas-world-lyrics,Keavan Yazdani,Charlotte Day Wilson
JUS KNOW,,2014.0,604004,https://genius.com/Partynextdoor-jus-know-lyrics,PARTYNEXTDOOR,Travis Scott
Jack of All Trades,,,5673252,https://genius.com/The-chieftains-jack-of-all-trades-lyrics,The Chieftains,Frankie Laine
Jail,,2021.0,7033303,https://genius.com/Kanye-west-jail-lyrics,Kanye West,JAŸ-Z
"Jail, Pt. 2",,2021.0,7151165,https://genius.com/Kanye-west-jail-pt-2-lyrics,Kanye West,DaBaby
"Jail, Pt. 2",,2021.0,7151165,https://genius.com/Kanye-west-jail-pt-2-lyrics,Kanye West,Marilyn Manson
Jam 15,,,5466022,https://genius.com/Kanye-west-jam-15-lyrics,Kanye West,Chief Keef
Jamie,,2022.0,8180939,https://genius.com/Zach-bryan-jamie-lyrics,Zach Bryan,Charles Wesley Godwin
Jay Z on The Breakfast Club (Power 105.1),,2013.0,718007,https://genius.com/The-breakfast-club-power-1051-jay-z-on-the-breakfast-club-power-1051-lyrics,The Breakfast Club (Power 105.1),JAŸ-Z
Jay-Z Freestyle (Who Shot Ya),,2001.0,17032,https://genius.com/Dj-clue-jay-z-freestyle-who-shot-ya-lyrics,DJ Clue,JAŸ-Z
Jeanie,,2020.0,6006395,https://genius.com/Jim-e-stack-jeanie-lyrics,Jim-E Stack,Bon Iver
Jesus Lord,,2021.0,7016908,https://genius.com/Kanye-west-jesus-lord-lyrics,Kanye West,Jay Electronica
Jesus Lord (Fivio Foreign Reference),,,11487717,https://genius.com/Kanye-west-jesus-lord-fivio-foreign-reference-lyrics,Kanye West,Fivio Foreign
Jesus Lord (Lil Yachty & Vory Reference),,,7084154,https://genius.com/Kanye-west-jesus-lord-lil-yachty-and-vory-reference-lyrics,Kanye West,Vory
Jesus Lord (Lil Yachty & Vory Reference),,,7084154,https://genius.com/Kanye-west-jesus-lord-lil-yachty-and-vory-reference-lyrics,Kanye West,Lil Yachty
Jesus Lord (Lil Yachty & Vory Reference),,,7084154,https://genius.com/Kanye-west-jesus-lord-lil-yachty-and-vory-reference-lyrics,Kanye West,Swizz Beatz
Jesus Lord pt 2,,2021.0,7151073,https://genius.com/Kanye-west-jesus-lord-pt-2-lyrics,Kanye West,The LOX
Jesus Lord pt 2,,2021.0,7151073,https://genius.com/Kanye-west-jesus-lord-pt-2-lyrics,Kanye West,Jay Electronica
Jesus Piece,,2012.0,97994,https://genius.com/The-game-jesus-piece-lyrics,The Game,Kanye West
Jesus Piece,,2012.0,97994,https://genius.com/The-game-jesus-piece-lyrics,The Game,Common
Jesus Walks,,2004.0,6241212,https://genius.com/Paul-wall-jesus-walks-lyrics,Paul Wall,Bun B
Jesus Walks (Intro),,2003.0,5682268,https://genius.com/Kanye-west-jesus-walks-intro-lyrics,Kanye West,John Legend
Jesus Wept,,,2286615,https://genius.com/Thisl-jesus-wept-lyrics,Thi’sl,Lil Animus
Jimmy Mó Mhíle Stór,,1999.0,939360,https://genius.com/The-chieftains-jimmy-mo-mhile-stor-lyrics,The Chieftains,The Rankin Family
John,,2011.0,5803,https://genius.com/Lil-wayne-john-lyrics,Lil Wayne,Rick Ross
Johnny Dang*,,,6152827,https://genius.com/Lil-yachty-johnny-dang-lyrics,Lil Yachty,Chance the Rapper
Jonah,,2021.0,7033287,https://genius.com/Kanye-west-jonah-lyrics,Kanye West,Lil Durk
Jonah,,2021.0,7033287,https://genius.com/Kanye-west-jonah-lyrics,Kanye West,Vory
Jonah (Original),,,8847344,https://genius.com/Vory-jonah-original-lyrics,Vory,Lil Durk
Juke Jam,,2016.0,2472237,https://genius.com/Chance-the-rapper-juke-jam-lyrics,Chance the Rapper,Justin Bieber
Jukebox Joints,,2015.0,1883903,https://genius.com/A-ap-rocky-jukebox-joints-lyrics,A$AP Rocky,Kanye West
Jump,,2017.0,3072520,https://genius.com/French-montana-jump-lyrics,French Montana,Travis Scott
June,,2017.0,11046099,https://genius.com/Frank-ocean-june-lyrics,Frank Ocean,Anna of the North
June,,2017.0,11046099,https://genius.com/Frank-ocean-june-lyrics,Frank Ocean,"Tyler, The Creator"
Junya,,2021.0,7016903,https://genius.com/Kanye-west-junya-lyrics,Kanye West,Playboi Carti
Junya (LP1),,,9532399,https://genius.com/Kanye-west-junya-lp1-lyrics,Kanye West,Playboi Carti
Junya pt 2,,2021.0,7151075,https://genius.com/Kanye-west-junya-pt-2-lyrics,Kanye West,Playboi Carti
Junya pt 2,,2021.0,7151075,https://genius.com/Kanye-west-junya-pt-2-lyrics,Kanye West,Ty Dolla $ign
Junya pt 2 (Explicit Version),,,8451071,https://genius.com/Kanye-west-junya-pt-2-explicit-version-lyrics,Kanye West,Playboi Carti
Junya pt 2 (Explicit Version),,,8451071,https://genius.com/Kanye-west-junya-pt-2-explicit-version-lyrics,Kanye West,Ty Dolla $ign
Just A Dream,,2011.0,3024697,https://genius.com/Taylor-swift-just-a-dream-lyrics,Taylor Swift,Nelly
Just A Lil Thick (She Juicy),,2016.0,2442723,https://genius.com/Trinidad-james-just-a-lil-thick-she-juicy-lyrics,Trinidad James,Lil Dicky
Just Because (Final),,2023.0,8821663,https://genius.com/John-legend-just-because-final-lyrics,John Legend,Ariana Grande
Just Like Me,,2008.0,54565,https://genius.com/Jamie-foxx-just-like-me-lyrics,Jamie Foxx,T.I.
Justify My Thug (The Grey Album),,2004.0,4215037,https://genius.com/Danger-mouse-justify-my-thug-the-grey-album-lyrics,Danger Mouse,JAŸ-Z
K-POP,,2023.0,9175638,https://genius.com/Travis-scott-k-pop-lyrics,Travis Scott,Bad Bunny
K-POP,,2023.0,9175638,https://genius.com/Travis-scott-k-pop-lyrics,Travis Scott,The Weeknd
KANGA,,2018.0,3948198,https://genius.com/6ix9ine-kanga-lyrics,6ix9ine,Kanye West
KAVKAZ DRILL,,11.0,11139686,https://genius.com/Kaishakuninja-kavkaz-drill-lyrics,kaishaku.ninja,Kanye West
KEEP IT BURNIN,,2022.0,7717638,https://genius.com/Future-keep-it-burnin-lyrics,Future,Kanye West
KEEP IT BURNIN (Instrumental),,2022.0,8198545,https://genius.com/Future-keep-it-burnin-instrumental-lyrics,Future,Kanye West
KEEP IT BURNIN (Stem Player Version),,,7951029,https://genius.com/Kanye-west-keep-it-burnin-stem-player-version-lyrics,Kanye West,Future
KEEP IT BURNIN (The Game Reference),,,8870987,https://genius.com/Kanye-west-keep-it-burnin-the-game-reference-lyrics,Kanye West,Jack Harlow
KEEP IT BURNIN (The Game Reference),,,8870987,https://genius.com/Kanye-west-keep-it-burnin-the-game-reference-lyrics,Kanye West,The Game
KEEP IT BURNIN (The Game Version),,2022.0,12829861,https://genius.com/Future-and-kanye-west-keep-it-burnin-the-game-version-lyrics,Future,The Game
KEEP IT BURNIN (The Game Version),,2022.0,12829861,https://genius.com/Future-and-kanye-west-keep-it-burnin-the-game-version-lyrics,Future,Jack Harlow
KEEP THE FLOWERS (Fat Money Reference),,,10403981,https://genius.com/Ye-keep-the-flowers-fat-money-reference-lyrics,Ye,Fat Money
KEEP THE FLOWERS (will.i.am Reference),,,8851042,https://genius.com/Ye-keep-the-flowers-william-reference-lyrics,Ye,will.i.am
KISSES MAKE SURE,,2024.0,10062258,https://genius.com/Strick-and-james-blake-kisses-make-sure-lyrics,Strick,Young Thug
Kanye West & Taylor Swift’s ‘Famous’ Lyric Phone Conversation,,2016.0,2822644,https://genius.com/Kanye-west-and-taylor-swift-kanye-west-and-taylor-swifts-famous-lyric-phone-conversation-annotated,Kanye West,Kim Kardashian
Kanye West - Spotlight (Kaycyy Referance Track),,2019.0,11995358,https://genius.com/Kanye-west-kanye-west-spotlight-kaycyy-referance-track-lyrics,Kanye West,KayCyy
Kanye West -Heartless (ft Femithegirl1123,,2008.0,9142650,https://genius.com/Femithegirl1123-kanye-west-heartless-ft-femithegirl1123-lyrics,Femithegirl1123,Kanye West
Kanye West Sway Freestyle,,2013.0,2293995,https://genius.com/Sway-in-the-morning-kanye-west-sway-freestyle-lyrics,Sway in the Morning,Kanye West
Kanye West Vodaphone Mixtape,,2007.0,12418815,https://genius.com/Kanye-west-kanye-west-vodaphone-mixtape-lyrics,Kanye West,Daft Punk
Kanye West Vodaphone Mixtape,,2007.0,12418815,https://genius.com/Kanye-west-kanye-west-vodaphone-mixtape-lyrics,Kanye West,T-Pain
Kanye West Vodaphone Mixtape,,2007.0,12418815,https://genius.com/Kanye-west-kanye-west-vodaphone-mixtape-lyrics,Kanye West,Jeezy
Kanye West. Zane Lowe. Full Interview,,2013.0,2873627,https://genius.com/Zane-lowe-kanye-west-zane-lowe-full-interview-annotated,Zane Lowe,Kanye West
Kanye West: A Brand-New Ye,,2014.0,482216,https://genius.com/Gq-magazine-kanye-west-a-brand-new-ye-lyrics,GQ Magazine,Kanye West
Kanye West: The Transformer,,,178444,https://genius.com/W-magazine-kanye-west-the-transformer-lyrics,W Magazine,Kanye West
Kanye West: ‘Jesus Is King’ and Iconic Sunday Service,,2019.0,13311502,https://genius.com/Zane-lowe-kanye-west-jesus-is-king-and-iconic-sunday-service-annotated,Zane Lowe,Kanye West
Karate Chop (RichMix),,2013.0,150873,https://genius.com/Future-karate-chop-richmix-lyrics,Future,Rick Ross
Karate Chop (RichMix),,2013.0,150873,https://genius.com/Future-karate-chop-richmix-lyrics,Future,French Montana
Katie Dear,,2002.0,1818861,https://genius.com/The-chieftains-katie-dear-lyrics,The Chieftains,Gillian Welch
Katie Dear,,2002.0,1818861,https://genius.com/The-chieftains-katie-dear-lyrics,The Chieftains,David Rawlings
Keep Away,,2026.0,13075031,https://genius.com/Dua-saleh-keep-away-lyrics,Dua Saleh,Bon Iver
Keep On Lovin’ Me,,,136573,https://genius.com/Cassie-keep-on-lovin-me-lyrics,Cassie,The-Dream
Keep the Receipt,,2003.0,25762,https://genius.com/Kanye-west-keep-the-receipt-lyrics,Kanye West,Ol’ Dirty Bastard
Kelly Price,,2017.0,2948961,https://genius.com/Migos-kelly-price-lyrics,Migos,Travis Scott
Kenny West vs. Cleveland Brown Jr. Rap Battle,,,99948,https://genius.com/The-cleveland-show-kenny-west-vs-cleveland-brown-jr-rap-battle-lyrics,The Cleveland Show,Kanye West
Key Words,,2016.0,4205281,https://genius.com/Frank-ocean-and-zing-tseng-key-words-annotated,Frank Ocean,Chassol
Key Words,,2016.0,4205281,https://genius.com/Frank-ocean-and-zing-tseng-key-words-annotated,Frank Ocean,Om’Mas Keith
Keys to the Crib,,2012.0,63011,https://genius.com/Rick-ross-keys-to-the-crib-lyrics,Rick Ross,Styles P
Killer Bee,,2023.0,9485334,https://genius.com/Ben-kweller-killer-bee-lyrics,Ben Kweller,The Flaming Lips
Kim Kardashian and Kanye West: Keeping Up with Kimye,,,406885,https://genius.com/Hamish-bowles-kim-kardashian-and-kanye-west-keeping-up-with-kimye-annotated,Hamish Bowles,Kanye West
Kim Kardashian and Kanye West: Keeping Up with Kimye,,,406885,https://genius.com/Hamish-bowles-kim-kardashian-and-kanye-west-keeping-up-with-kimye-annotated,Hamish Bowles,Kim Kardashian
Kim Kardashian and Kanye West: Keeping Up with Kimye,,,406885,https://genius.com/Hamish-bowles-kim-kardashian-and-kanye-west-keeping-up-with-kimye-annotated,Hamish Bowles,Vogue
Kim Porter,,2023.0,9450407,https://genius.com/Diddy-and-babyface-kim-porter-lyrics,Diddy,John Legend
Kinda Like a Big Deal,,2009.0,208,https://genius.com/Clipse-kinda-like-a-big-deal-lyrics,Clipse,Kanye West
Kindness Will Follow Your Tears,,2023.0,8840363,https://genius.com/Lonnie-holley-kindness-will-follow-your-tears-lyrics,Lonnie Holley,Bon Iver
King & Queen,,2006.0,936343,https://genius.com/John-legend-king-and-queen-lyrics,John Legend,Mary J. Blige
Kisses to the Sky,,2020.0,5210846,https://genius.com/Jadakiss-kisses-to-the-sky-lyrics,Jadakiss,Rick Ross
Knife,,,6894488,https://genius.com/Travis-scott-knife-lyrics,Travis Scott,Bobby Raps
Knock You Down,,2009.0,4140,https://genius.com/Keri-hilson-knock-you-down-lyrics,Keri Hilson,Ne-Yo
Knock You Down,,2009.0,4140,https://genius.com/Keri-hilson-knock-you-down-lyrics,Keri Hilson,Kanye West
Knock You Down (Radio Edit),,2009.0,4419682,https://genius.com/Keri-hilson-knock-you-down-radio-edit-lyrics,Keri Hilson,Ne-Yo
Knock You Down (Radio Edit),,2009.0,4419682,https://genius.com/Keri-hilson-knock-you-down-radio-edit-lyrics,Keri Hilson,Kanye West
Knockout,,2010.0,2788,https://genius.com/Lil-wayne-knockout-lyrics,Lil Wayne,Nicki Minaj
Know No Better,,2017.0,3075614,https://genius.com/Major-lazer-know-no-better-lyrics,Major Lazer,Travis Scott
Know No Better,,2017.0,3075614,https://genius.com/Major-lazer-know-no-better-lyrics,Major Lazer,Camila Cabello
Know No Better,,2017.0,3075614,https://genius.com/Major-lazer-know-no-better-lyrics,Major Lazer,Quavo
Know No Better [Mixed],,2021.0,10252359,https://genius.com/Major-lazer-know-no-better-mixed-lyrics,Major Lazer,Travis Scott
Know No Better [Mixed],,2021.0,10252359,https://genius.com/Major-lazer-know-no-better-mixed-lyrics,Major Lazer,Camila Cabello
Know No Better [Mixed],,2021.0,10252359,https://genius.com/Major-lazer-know-no-better-mixed-lyrics,Major Lazer,Quavo
Know no Better (Afrojack Freemix),,2017.0,5580856,https://genius.com/Major-lazer-know-no-better-afrojack-freemix-lyrics,Major Lazer,Quavo
Know no Better (Afrojack Freemix),,2017.0,5580856,https://genius.com/Major-lazer-know-no-better-afrojack-freemix-lyrics,Major Lazer,Camila Cabello
Know no Better (Afrojack Freemix),,2017.0,5580856,https://genius.com/Major-lazer-know-no-better-afrojack-freemix-lyrics,Major Lazer,Travis Scott
Koming In Hot,,2017.0,13545424,https://genius.com/Kali-uchis-koming-in-hot-lyrics,Kali Uchis,Daniel Caesar
Kyrie,,2016.0,2906532,https://genius.com/Dp-beats-kyrie-lyrics,DP Beats,Rick Ross
LA Monster,,,4904478,https://genius.com/Kanye-west-la-monster-lyrics,Kanye West,A$AP Ferg
LAST BREATH (BULLY V1 Edition),,,13745437,https://genius.com/Kanye-west-last-breath-bully-v1-edition-lyrics,Kanye West,Peso Pluma
LEGEND IN MY HOOD*,,,4673048,https://genius.com/Meek-mill-legend-in-my-hood-lyrics,Meek Mill,Travis Scott
LET HER COOK,,2023.0,10720639,https://genius.com/Za-za-binks-let-her-cook-lyrics,Za Za Binks,salute
LET’S PRAY,,2022.0,8320749,https://genius.com/Dj-khaled-lets-pray-lyrics,DJ Khaled,Don Toliver
LET’S PRAY,,2022.0,8320749,https://genius.com/Dj-khaled-lets-pray-lyrics,DJ Khaled,Travis Scott
LONELY ROADS,,2025.0,12069419,https://genius.com/King-combs-lonely-roads-lyrics,King Combs,North West
LONELY ROADS STILL GO TO SUNSHINE,,2025.0,11601361,https://genius.com/Diddy-lonely-roads-still-go-to-sunshine-lyrics,Diddy,King Combs
LONELY ROADS STILL GO TO SUNSHINE,,2025.0,11601361,https://genius.com/Diddy-lonely-roads-still-go-to-sunshine-lyrics,Diddy,North West
LOOOVE,,2023.0,9368451,https://genius.com/Travis-scott-looove-lyrics,Travis Scott,Kid Cudi
LORD LIFT ME UP,,2025.0,7647864,https://genius.com/Ye-lord-lift-me-up-lyrics,Ye,Vory
LORD LIFT ME UP (DaBaby Reference),,,8141186,https://genius.com/Ye-lord-lift-me-up-dababy-reference-lyrics,Ye,DaBaby
LORD LIFT ME UP (Fat Money Reference),,,9169750,https://genius.com/Ye-lord-lift-me-up-fat-money-reference-lyrics,Ye,Fat Money
LOSING CONTROL,,,9875574,https://genius.com/Dj-khaled-losing-control-lyrics,DJ Khaled,Kanye West
LOST,,2018.0,4014121,https://genius.com/Quavo-lost-lyrics,Quavo,Kid Cudi
LOST FOREVER,,2023.0,6503347,https://genius.com/Travis-scott-lost-forever-lyrics,Travis Scott,Westside Gunn
LOST FOREVER (Original),,,9368885,https://genius.com/Travis-scott-lost-forever-original-lyrics,Travis Scott,Westside Gunn
LOST FOREVER (Original),,,9368885,https://genius.com/Travis-scott-lost-forever-original-lyrics,Travis Scott,James Blake
LOUIE BAGS,,2025.0,7716943,https://genius.com/Ye-louie-bags-lyrics,Ye,Jack Harlow
LOUIE BAGS (The Game Reference),,,9195155,https://genius.com/Kanye-west-louie-bags-the-game-reference-lyrics,Kanye West,The Game
LOUIE BAGS (The Game Reference),,,9195155,https://genius.com/Kanye-west-louie-bags-the-game-reference-lyrics,Kanye West,Jack Harlow
LOVSOME,,2023.0,9883862,https://genius.com/Frank-ocean-lovsome-lyrics,Frank Ocean,Blood Orange
La Golondrina,,2010.0,5673493,https://genius.com/The-chieftains-la-golondrina-lyrics,The Chieftains,Los Folkloristas
La Iguana,,2010.0,5673365,https://genius.com/The-chieftains-la-iguana-lyrics,The Chieftains,Lila Downs
Lamborghini,,,5923070,https://genius.com/Zzeta-crew-lamborghini-lyrics,Zzeta Crew,Travis Scott
Lamborghini Doors,,2017.0,3018284,https://genius.com/Rick-ross-lamborghini-doors-lyrics,Rick Ross,Meek Mill
Lame,,2019.0,4644440,https://genius.com/Gucci-mane-lame-lyrics,Gucci Mane,Rick Ross
Lame,,2019.0,4644440,https://genius.com/Gucci-mane-lame-lyrics,Gucci Mane,Wiz Khalifa
Land,,2020.0,6058307,https://genius.com/Cj-camerieri-land-lyrics,CJ Camerieri,Justin Vernon
Lara Croff 6,,,11181346,https://genius.com/Kanye-west-lara-croff-6-lyrics,Kanye West,Ant Clemons
Last Breath,,2012.0,62994,https://genius.com/Rick-ross-last-breath-lyrics,Rick Ross,Meek Mill
Last Name,,,3984366,https://genius.com/Kanye-west-last-name-lyrics,Kanye West,Ant Clemons
Last Name (Nino Blu Reference),,,5913554,https://genius.com/Kanye-west-last-name-nino-blu-reference-lyrics,Kanye West,Nino Blu
Last Night,,2002.0,10280244,https://genius.com/Kanye-west-last-night-lyrics,Kanye West,John Legend
Last Row,,,13572862,https://genius.com/Kanye-west-last-row-lyrics,Kanye West,Q-Tip
Last Time,,2016.0,2848632,https://genius.com/Gucci-mane-last-time-lyrics,Gucci Mane,Travis Scott
Late Early,,2010.0,7158375,https://genius.com/The-world-famous-tony-williams-late-early-lyrics,The World Famous Tony Williams,Al Be Back
Laugh Track,,2023.0,9526230,https://genius.com/The-national-laugh-track-lyrics,The National,Phoebe Bridgers
Lava (Version 2),,2017.0,12251312,https://genius.com/Frank-ocean-lava-version-2-lyrics,Frank Ocean,Pharrell Williams
Law Of Attraction (Clipse Version),,,12841402,https://genius.com/Kanye-west-and-clipse-law-of-attraction-clipse-version-lyrics,Kanye West,Ant Clemons
Law Of Attraction (Clipse Version),,,12841402,https://genius.com/Kanye-west-and-clipse-law-of-attraction-clipse-version-lyrics,Kanye West,Kenny G
Law Of Attraction (Clipse Version),,,12841402,https://genius.com/Kanye-west-and-clipse-law-of-attraction-clipse-version-lyrics,Kanye West,Sunday Service Choir
Law of Attraction,,2019.0,4701253,https://genius.com/Kanye-west-law-of-attraction-lyrics,Kanye West,Ant Clemons
Law of Attraction (CyHi Reference),,,6461317,https://genius.com/Kanye-west-law-of-attraction-cyhi-reference-lyrics,Kanye West,Kenny G
Law of Attraction (CyHi Reference),,,6461317,https://genius.com/Kanye-west-law-of-attraction-cyhi-reference-lyrics,Kanye West,CyHi
Lay It Down,,2013.0,131988,https://genius.com/Lil-wayne-lay-it-down-lyrics,Lil Wayne,Nicki Minaj
Lay Up,,2012.0,93324,https://genius.com/Meek-mill-lay-up-lyrics,Meek Mill,Rick Ross
Lay Up,,2012.0,93324,https://genius.com/Meek-mill-lay-up-lyrics,Meek Mill,Wale
Le violon blanc de Monsieur Souris,,2018.0,4018146,https://genius.com/Sophie-calle-le-violon-blanc-de-monsieur-souris-lyrics,Sophie Calle,The National
Leave Now,,2025.0,12859397,https://genius.com/Theodore-shapiro-leave-now-lyrics,Theodore Shapiro,Caroline Shaw
Leave The Club,,2023.0,8784004,https://genius.com/Don-toliver-leave-the-club-lyrics,Don Toliver,Lil Durk
"Left Cheek, Right Cheek",,,3957352,https://genius.com/Travis-scott-left-cheek-right-cheek-lyrics,Travis Scott,Quentin Miller
Legacy,,2019.0,4333865,https://genius.com/Offset-legacy-lyrics,Offset,Travis Scott
Legacy,,2019.0,4333865,https://genius.com/Offset-legacy-lyrics,Offset,21 Savage
Lemme See,,2012.0,73091,https://genius.com/Usher-lemme-see-lyrics,USHER,Rick Ross
Lemon Pepper Freestyle,,2021.0,6555268,https://genius.com/Drake-lemon-pepper-freestyle-lyrics,Drake,Rick Ross
Lens (V2),,2017.0,3063542,https://genius.com/Frank-ocean-lens-v2-lyrics,Frank Ocean,Travis Scott
Let Her Go,,2023.0,8849909,https://genius.com/Don-toliver-let-her-go-lyrics,Don Toliver,James Blake
Let It Fly,,2018.0,3985354,https://genius.com/Lil-wayne-let-it-fly-lyrics,Lil Wayne,Travis Scott
Let It Go,,,8069407,https://genius.com/Kanye-west-let-it-go-lyrics,Kanye West,Victory
Let It Out,,2009.0,1608157,https://genius.com/Charlie-wilson-let-it-out-lyrics,Charlie Wilson,Snoop Dogg
Let Me,,,53474,https://genius.com/Frank-ocean-let-me-lyrics,Frank Ocean,Kxhris
Let Me Calm Down,,2023.0,9697579,https://genius.com/Nicki-minaj-let-me-calm-down-lyrics,Nicki Minaj,J. Cole
Let Me Calm Down (Extended Version),,2024.0,10100711,https://genius.com/Nicki-minaj-let-me-calm-down-extended-version-lyrics,Nicki Minaj,J. Cole
Let Me Ride,,2002.0,1146038,https://genius.com/Trick-daddy-let-me-ride-lyrics,Trick Daddy,Rick Ross
Let The Spirit Go Wild,,2022.0,7330375,https://genius.com/Kanye-west-let-the-spirit-go-wild-lyrics,Kanye West,Abstract Mindstate
Let You Go,,,7134786,https://genius.com/The-dream-let-you-go-lyrics,The-Dream,Ty Dolla $ign
Let Your Hair Down,,2015.0,734726,https://genius.com/T-pain-let-your-hair-down-lyrics,T-Pain,The-Dream
Let Your Heart Go (Break My Soul),,2014.0,547918,https://genius.com/Ti-let-your-heart-go-break-my-soul-lyrics,T.I.,The-Dream
Liberated,,2015.0,3590035,https://genius.com/Kanye-west-liberated-lyrics,Kanye West,Kendrick Lamar
Life,,,11513271,https://genius.com/Lonnie-holley-life-lyrics,Lonnie Holley,Mary Lattimore
Life Long,,2013.0,109374,https://genius.com/Rockie-fresh-life-long-lyrics,Rockie Fresh,Rick Ross
Life Of The Party (OBLCR),,2021.0,9446986,https://genius.com/Kanye-west-life-of-the-party-oblcr-lyrics,Kanye West,André 3000
Life can kick you down but you always get back up,,,9666940,https://genius.com/Callie-stokes-life-can-kick-you-down-but-you-always-get-back-up-lyrics,Callie stokes,Zach Bryan
Life of the Party,,2019.0,8982651,https://genius.com/Donnie-can-life-of-the-party-lyrics,Donnie (CAN),Daniel Caesar
Lifesize (Fat Money Reference),,,10516130,https://genius.com/Kanye-west-lifesize-fat-money-reference-lyrics,Kanye West,Don Toliver
Lifesize (Fat Money Reference),,,10516130,https://genius.com/Kanye-west-lifesize-fat-money-reference-lyrics,Kanye West,Fat Money
Lifestyles of the Rich & Hated,,2020.0,5410758,https://genius.com/G-eazy-lifestyles-of-the-rich-and-hated-lyrics,G-Eazy,Rick Ross
Lift Off,,2011.0,51898,https://genius.com/Jay-z-and-kanye-west-lift-off-lyrics,JAŸ-Z,Beyoncé
Light Up,,2010.0,508,https://genius.com/Drake-light-up-lyrics,Drake,JAŸ-Z
Light Years,,2021.0,7311616,https://genius.com/Wale-light-years-lyrics,Wale,Rick Ross
Lightning & Thunder,,2020.0,5297797,https://genius.com/Jhene-aiko-lightning-and-thunder-lyrics,Jhené Aiko,John Legend
Lights (Love Sick),,2012.0,90742,https://genius.com/Travis-scott-lights-love-sick-lyrics,Travis Scott,Daron Eubanks
Lights Get Low,,2007.0,20305,https://genius.com/Freeway-lights-get-low-lyrics,Freeway,Rick Ross
Lights On,,2018.0,4092734,https://genius.com/Tyler-the-creator-lights-on-lyrics,"Tyler, The Creator",Santigold
Like I Do,,,152296,https://genius.com/Ti-like-i-do-lyrics,T.I.,The-Dream
Like It*,,,12212142,https://genius.com/Diddy-like-it-lyrics,Diddy,Kendrick Lamar
Like It*,,,12212142,https://genius.com/Diddy-like-it-lyrics,Diddy,Kanye West
Like Them,,2017.0,3351452,https://genius.com/Jeezy-like-them-lyrics,Jeezy,Rick Ross
Like This/Almost (Skit),,2006.0,17034,https://genius.com/Dj-clue-like-this-almost-skit-lyrics,DJ Clue,Kanye West
Likka Sto 2,,2023.0,9095848,https://genius.com/Lil-blessin-and-g-herbo-likka-sto-2-lyrics,Lil Blessin,Travis Scott
Lil Dicky Exclusive Sway In The Morning Freestyle,,2015.0,2102438,https://genius.com/Sway-in-the-morning-lil-dicky-exclusive-sway-in-the-morning-freestyle-lyrics,Sway in the Morning,Lil Dicky
Lil Freak,,2010.0,3013,https://genius.com/Usher-lil-freak-lyrics,USHER,Nicki Minaj
Lil Nigga,,,991816,https://genius.com/Chief-keef-lil-nigga-lyrics,Chief Keef,Travis Scott
Lily Love,,2012.0,1858189,https://genius.com/The-chieftains-lily-love-lyrics,The Chieftains,The Civil Wars
Limits,,,3769126,https://genius.com/Afrojack-limits-lyrics,AFROJACK,Travis Scott
Line for Line,,1996.0,146089,https://genius.com/Grav-line-for-line-lyrics,GRAV,Kanye West
Lithuania,,2020.0,5786444,https://genius.com/Big-sean-lithuania-lyrics,Big Sean,Travis Scott
Little Ghetto Boy (Prelude),,2010.0,40519,https://genius.com/John-legend-and-the-roots-little-ghetto-boy-prelude-lyrics,John Legend,Malik Yusef
Little Havana,,2021.0,7452613,https://genius.com/Rick-ross-little-havana-lyrics,Rick Ross,The-Dream
Little Love Affairs,,1988.0,5315458,https://genius.com/Nanci-griffith-little-love-affairs-lyrics,Nanci Griffith,The Chieftains
Little Lungs,,2024.0,9755286,https://genius.com/Thomas-powers-little-lungs-lyrics,Thomas Powers,Rob Moose
Livin It Up (City of Lost Angels),,,8610205,https://genius.com/Kanye-west-livin-it-up-city-of-lost-angels-lyrics,Kanye West,Don Toliver
Living Better Now,,2010.0,74951,https://genius.com/Jamie-foxx-living-better-now-lyrics,Jamie Foxx,Rick Ross
Living Single,,2016.0,2934183,https://genius.com/Big-sean-living-single-lyrics,Big Sean,Jeremih
Living Single,,2016.0,2934183,https://genius.com/Big-sean-living-single-lyrics,Big Sean,Chance the Rapper
Living Single (Leak),,2016.0,2823561,https://genius.com/Big-sean-living-single-leak-lyrics,Big Sean,Chance the Rapper
Living Single (Leak),,2016.0,2823561,https://genius.com/Big-sean-living-single-leak-lyrics,Big Sean,Jeremih
Livin’ a Lie,,2007.0,1250032,https://genius.com/The-dream-livin-a-lie-lyrics,The-Dream,Rihanna
Lizzies,,,10180391,https://genius.com/Joe-energy-bortham-lizzies-lyrics,Joe Energy Bortham,Kanye West
Lobster Omelette,,2022.0,8399278,https://genius.com/Freddie-gibbs-lobster-omelette-lyrics,Freddie Gibbs,Rick Ross
Locations in Taylor Swift Songs,,2025.0,12712264,https://genius.com/Community-lists-locations-in-taylor-swift-songs-annotated,Community Lists,Taylor Swift
Logic,,2026.0,13373153,https://genius.com/Logic-logic-lyrics,Logic,The Flaming Lips
Lollipop,,2002.0,43039,https://genius.com/Snoop-dogg-lollipop-lyrics,Snoop Dogg,JAŸ-Z
Long Journey Home (Anthem),,,822256,https://genius.com/The-chieftains-long-journey-home-anthem-lyrics,The Chieftains,Elvis Costello
Long Journey Home (Anthem),,,822256,https://genius.com/The-chieftains-long-journey-home-anthem-lyrics,The Chieftains,Anna (USA)
Look In My Eyes Do You See it?,,2014.0,12457143,https://genius.com/Kanye-west-look-in-my-eyes-do-you-see-it-lyrics,Kanye West,The Weeknd
Look Me In My Eyes,,2013.0,298959,https://genius.com/Vado-look-me-in-my-eyes-lyrics,Vado,French Montana
Look Me In My Eyes,,2013.0,298959,https://genius.com/Vado-look-me-in-my-eyes-lyrics,Vado,Rick Ross
Look Me In The Eyes,,2024.0,10661422,https://genius.com/Rex-orange-county-look-me-in-the-eyes-lyrics,Rex Orange County,James Blake
Look What You’re Doing to Me,,2019.0,4600938,https://genius.com/Banks-look-what-youre-doing-to-me-lyrics,BANKS,Francis and the Lights
Looking for Trouble,,2010.0,1811,https://genius.com/Kanye-west-looking-for-trouble-lyrics,Kanye West,Pusha T
Looking for Trouble,,2010.0,1811,https://genius.com/Kanye-west-looking-for-trouble-lyrics,Kanye West,CyHi
Looking for Trouble,,2010.0,1811,https://genius.com/Kanye-west-looking-for-trouble-lyrics,Kanye West,Big Sean
Looking for Trouble,,2010.0,1811,https://genius.com/Kanye-west-looking-for-trouble-lyrics,Kanye West,J. Cole
Lord I Need You (Pusha T Reference),,2021.0,8603080,https://genius.com/Kanye-west-lord-i-need-you-pusha-t-reference-lyrics,Kanye West,SAINt JHN
Lord I Need You (Pusha T Reference),,2021.0,8603080,https://genius.com/Kanye-west-lord-i-need-you-pusha-t-reference-lyrics,Kanye West,Pusha T
Lord I Need You [FV Edit V1],,,8067659,https://genius.com/Kanye-west-lord-i-need-you-fv-edit-v1-lyrics,Kanye West,Sunday Service Choir
Lord Knows,,2011.0,55695,https://genius.com/Drake-lord-knows-lyrics,Drake,Rick Ross
Lord Save Us,,2021.0,9831163,https://genius.com/Kanye-west-lord-save-us-lyrics,Kanye West,Nino Blu
"Lord, Lord, Lord",,2010.0,1323,https://genius.com/Kanye-west-lord-lord-lord-lyrics,Kanye West,Yasiin Bey
"Lord, Lord, Lord",,2010.0,1323,https://genius.com/Kanye-west-lord-lord-lord-lyrics,Kanye West,Swizz Beatz
"Lord, Lord, Lord",,2010.0,1323,https://genius.com/Kanye-west-lord-lord-lord-lyrics,Kanye West,Raekwon
"Lord, Lord, Lord",,2010.0,1323,https://genius.com/Kanye-west-lord-lord-lord-lyrics,Kanye West,Charlie Wilson
Lose It,,2015.0,2150314,https://genius.com/French-montana-lose-it-lyrics,French Montana,Lil Wayne
Lose It,,2015.0,2150314,https://genius.com/French-montana-lose-it-lyrics,French Montana,Rick Ross
Loss 4 Wrdz,,2017.0,3099484,https://genius.com/Gucci-mane-loss-4-wrdz-lyrics,Gucci Mane,Rick Ross
Lost Bicycle,,2013.0,11789772,https://genius.com/Kanye-west-lost-bicycle-lyrics,Kanye West,The Weeknd
Lost In Time,,,10509757,https://genius.com/Kanye-west-lost-in-time-lyrics,Kanye West,Summer Walker
Lost In Time,,,10509757,https://genius.com/Kanye-west-lost-in-time-lyrics,Kanye West,Vince Staples
Lost In the World,,2010.0,1656,https://genius.com/Kanye-west-lost-in-the-world-lyrics,Kanye West,Bon Iver
Lost Man,,2020.0,6006397,https://genius.com/Jim-e-stack-lost-man-lyrics,Jim-E Stack,Octavian
Lotta Love,,2020.0,6115786,https://genius.com/Helado-negro-lotta-love-lyrics,Helado Negro,Flock of Dimes
Love & Life Intro,,2003.0,32487,https://genius.com/Mary-j-blige-love-and-life-intro-lyrics,Mary J. Blige,Diddy
Love & Life Intro,,2003.0,32487,https://genius.com/Mary-j-blige-love-and-life-intro-lyrics,Mary J. Blige,JAŸ-Z
Love All,,2021.0,5367025,https://genius.com/Drake-love-all-lyrics,Drake,JAŸ-Z
Love Angry,,2024.0,11183960,https://genius.com/Ant-clemons-love-angry-lyrics,Ant Clemons,Chris Brown
Love Away,,,5985983,https://genius.com/Ant-clemons-love-away-lyrics,Ant Clemons,Ty Dolla $ign
Love For Free,,1998.0,24498,https://genius.com/Rell-love-for-free-lyrics,Rell,JAŸ-Z
Love Galore,,2017.0,2920194,https://genius.com/Sza-love-galore-lyrics,SZA,Travis Scott
Love Galore (Version 1),,2016.0,11046462,https://genius.com/Sza-love-galore-version-1-lyrics,SZA,Travis Scott
Love Galore (Version 2),,,8819202,https://genius.com/Sza-love-galore-version-2-lyrics,SZA,Travis Scott
Love Hurts,,2018.0,3690775,https://genius.com/Playboi-carti-love-hurts-lyrics,Playboi Carti,Travis Scott
Love Is Teasin’,,,1607652,https://genius.com/The-chieftains-love-is-teasin-lyrics,The Chieftains,Marianne Faithfull
Love Love Love (Ty Dolla $ign Reference),,,12807746,https://genius.com/Kanye-west-love-love-love-ty-dolla-sign-reference-lyrics,Kanye West,Ty Dolla $ign
Love Me Enough,,2023.0,9832450,https://genius.com/Nicki-minaj-love-me-enough-lyrics,Nicki Minaj,Keyshia Cole
Love Me Love Me Love Me,,2020.0,5587167,https://genius.com/Philly-swain-love-me-love-me-love-me-lyrics,Philly Swain,Travis Scott
Love More,,2015.0,2029423,https://genius.com/Justin-vernon-love-more-lyrics,Justin Vernon,Aaron Dessner
Love More (Clean Version),,2013.0,8266434,https://genius.com/Chris-brown-love-more-clean-version-lyrics,Chris Brown,Nicki Minaj
Love Sosa,,2013.0,1861148,https://genius.com/Rick-ross-love-sosa-lyrics,Rick Ross,Chief Keef
Love U Better,,2017.0,3148328,https://genius.com/Ty-dolla-sign-love-u-better-lyrics,Ty Dolla $ign,The-Dream
Love U Better,,2017.0,3148328,https://genius.com/Ty-dolla-sign-love-u-better-lyrics,Ty Dolla $ign,Lil Wayne
Love Yourself,,2017.0,3039292,https://genius.com/Mary-j-blige-love-yourself-lyrics,Mary J. Blige,Kanye West
Love or Death,,2017.0,3327532,https://genius.com/Le-sinner-love-or-death-lyrics,LE SINNER,salute
Love... (Her Fault),,2019.0,4912143,https://genius.com/Wale-love-her-fault-lyrics,Wale,Bryson Tiller
Lovely,,,6237588,https://genius.com/Kanye-west-lovely-lyrics,Kanye West,Ant Clemons
Lovely,,,6237588,https://genius.com/Kanye-west-lovely-lyrics,Kanye West,Jeremih
Lovely Day,,,2843856,https://genius.com/Mann-lovely-day-lyrics,Mann,Frank Ocean
Lovely Intermission,,2017.0,10319978,https://genius.com/Jodye-kross-lovely-intermission-lyrics,JODYE KROSS,SZA
Lovely Intermission,,2017.0,10319978,https://genius.com/Jodye-kross-lovely-intermission-lyrics,JODYE KROSS,Travis Scott
Lovely Rita,,2014.0,911241,https://genius.com/The-flaming-lips-lovely-rita-lyrics,The Flaming Lips,Tegan and Sara
Lovely Rita,,2014.0,911241,https://genius.com/The-flaming-lips-lovely-rita-lyrics,The Flaming Lips,Stardeath And White Dwarfs
Low,,2014.0,491715,https://genius.com/Juicy-j-low-lyrics,Juicy J,Nicki Minaj
Low,,2014.0,491715,https://genius.com/Juicy-j-low-lyrics,Juicy J,Young Thug
Low Lights,,2016.0,2421965,https://genius.com/Kanye-west-low-lights-lyrics,Kanye West,Kelly Price
Loyal,,2014.0,386111,https://genius.com/Chris-brown-loyal-lyrics,Chris Brown,Lil Wayne
Loyal,,2014.0,386111,https://genius.com/Chris-brown-loyal-lyrics,Chris Brown,Tyga
Lucy in the Sky with Diamonds,,2014.0,432971,https://genius.com/The-flaming-lips-lucy-in-the-sky-with-diamonds-lyrics,The Flaming Lips,Moby
Lucy in the Sky with Diamonds,,2014.0,432971,https://genius.com/The-flaming-lips-lucy-in-the-sky-with-diamonds-lyrics,The Flaming Lips,Miley Cyrus
Lullaby for the Dead,,2010.0,3928143,https://genius.com/The-chieftains-lullaby-for-the-dead-lyrics,The Chieftains,Moya Brennan
Lundu,,2012.0,6445390,https://genius.com/The-chieftains-lundu-lyrics,The Chieftains,Carlos Núñez
Luv Drunk,,2009.0,43019,https://genius.com/Snoop-dogg-luv-drunk-lyrics,Snoop Dogg,The-Dream
Luxury Tax,,2008.0,3668,https://genius.com/Rick-ross-luxury-tax-lyrics,Rick Ross,Jeezy
Luxury Tax,,2008.0,3668,https://genius.com/Rick-ross-luxury-tax-lyrics,Rick Ross,Lil Wayne
Luxury Tax,,2008.0,3668,https://genius.com/Rick-ross-luxury-tax-lyrics,Rick Ross,Trick Daddy
Luz de Luna,,2010.0,5673426,https://genius.com/The-chieftains-luz-de-luna-lyrics,The Chieftains,Chavela Vargas
Lying If I Call It Love,,2022.0,7708817,https://genius.com/Shenseea-lying-if-i-call-it-love-lyrics,Shenseea,Sean Paul
M.F.T.R.,,2015.0,2385108,https://genius.com/Pusha-t-mftr-lyrics,Pusha T,The-Dream
M.O.E.,,2013.0,129478,https://genius.com/Tyga-moe-lyrics,Tyga,Wiz Khalifa
M.P.A.,,2015.0,2389352,https://genius.com/Pusha-t-mpa-lyrics,Pusha T,The-Dream
M.P.A.,,2015.0,2389352,https://genius.com/Pusha-t-mpa-lyrics,Pusha T,A$AP Rocky
M.P.A.,,2015.0,2389352,https://genius.com/Pusha-t-mpa-lyrics,Pusha T,Kanye West
MADE IT,,,10103164,https://genius.com/Digital-nas-made-it-lyrics,Digital Nas,Playboi Carti
MADE IT,,,10103164,https://genius.com/Digital-nas-made-it-lyrics,Digital Nas,Kanye West
MADE IT,,,10103164,https://genius.com/Digital-nas-made-it-lyrics,Digital Nas,Vory
MAINTENANCE (will.i.am Reference),,,9006791,https://genius.com/Ye-maintenance-william-reference-lyrics,Ye,will.i.am
MAINTENANCE (will.i.am Reference),,,9006791,https://genius.com/Ye-maintenance-william-reference-lyrics,Ye,Future
MAMA,,2018.0,4051409,https://genius.com/6ix9ine-mama-lyrics,6ix9ine,Kanye West
MAMA,,2018.0,4051409,https://genius.com/6ix9ine-mama-lyrics,6ix9ine,Nicki Minaj
MAMA’S FAVORITE,,2026.0,13302053,https://genius.com/Kanye-west-mamas-favorite-lyrics,Kanye West,Nine Vicious
MATTHEW,,,9810271,https://genius.com/Kanye-west-and-ty-dolla-sign-matthew-lyrics,"¥$, Kanye West & Ty Dolla $ign",North West
MATTHEW,,,9810271,https://genius.com/Kanye-west-and-ty-dolla-sign-matthew-lyrics,"¥$, Kanye West & Ty Dolla $ign",Charlie Wilson
MATTHEW (Alternate Version),,,9840979,https://genius.com/Kanye-west-and-ty-dolla-sign-matthew-alternate-version-lyrics,"¥$, Kanye West & Ty Dolla $ign",North West
MAYBE (Young Moose Version),,,11310059,https://genius.com/Kanye-west-and-ty-dolla-sign-maybe-young-moose-version-lyrics,"¥$, Kanye West & Ty Dolla $ign",Young Moose
MC Hammer,,2010.0,1157,https://genius.com/Rick-ross-mc-hammer-lyrics,Rick Ross,Gucci Mane
ME!,,2019.0,4472545,https://genius.com/Taylor-swift-me-lyrics,Taylor Swift,Brendon Urie
MELROSE,,2025.0,11614988,https://genius.com/Kanye-west-melrose-lyrics,Kanye West,Playboi Carti
MELROSE,,2025.0,11614988,https://genius.com/Kanye-west-melrose-lyrics,Kanye West,Ty Dolla $ign
MELROSE (Quavo Version),,,10633158,https://genius.com/Kanye-west-melrose-quavo-version-lyrics,Kanye West,Playboi Carti
MELROSE (Quavo Version),,,10633158,https://genius.com/Kanye-west-melrose-quavo-version-lyrics,Kanye West,Ty Dolla $ign
MELROSE (Quavo Version),,,10633158,https://genius.com/Kanye-west-melrose-quavo-version-lyrics,Kanye West,Quavo
MELROSE (Version 2),,,10189993,https://genius.com/Kanye-west-and-ty-dolla-sign-melrose-version-2-lyrics,"¥$, Kanye West & Ty Dolla $ign",Playboi Carti
MELTDOWN,,2023.0,9368450,https://genius.com/Travis-scott-meltdown-lyrics,Travis Scott,Drake
MELTDOWN (Instrumental),,2023.0,9390596,https://genius.com/Travis-scott-meltdown-instrumental-lyrics,Travis Scott,Drake
METTA WORLD PEACE,,2021.0,6808777,https://genius.com/Francis-and-the-lights-metta-world-peace-lyrics,Francis and the Lights,Bon Iver
METTA WORLD PEACE,,2021.0,6808777,https://genius.com/Francis-and-the-lights-metta-world-peace-lyrics,Francis and the Lights,Lil Dicky
METTA WORLD PEACE,,2021.0,6808777,https://genius.com/Francis-and-the-lights-metta-world-peace-lyrics,Francis and the Lights,Kanye West
MILF,,2013.0,198618,https://genius.com/Big-sean-milf-lyrics,Big Sean,Juicy J
MILF,,2013.0,198618,https://genius.com/Big-sean-milf-lyrics,Big Sean,Nicki Minaj
MISSION CONTROL,,2026.0,12016113,https://genius.com/Kanye-west-mission-control-lyrics,Kanye West,The World Famous Tony Williams
MISSION CONTROL [V3],,2025.0,13322271,https://genius.com/Ye-mission-control-v3-lyrics,Ye,The World Famous Tony Williams
MITUS TOUCH,,,12665841,https://genius.com/The-pastelle-collective-yedits-mitus-touch-lyrics,The Pastelle Collective (Yedits),Rihanna
MITUS TOUCH,,,12665841,https://genius.com/The-pastelle-collective-yedits-mitus-touch-lyrics,The Pastelle Collective (Yedits),J. Cole
MIXED EMOTIONS,,2025.0,11446903,https://genius.com/Ty-dolla-sign-mixed-emotions-lyrics,Ty Dolla $ign,Travis Scott
MMG The World Is Ours,,2012.0,62995,https://genius.com/Rick-ross-mmg-the-world-is-ours-lyrics,Rick Ross,Pharrell Williams
MMG The World Is Ours,,2012.0,62995,https://genius.com/Rick-ross-mmg-the-world-is-ours-lyrics,Rick Ross,Meek Mill
MODERN JAM,,2023.0,9368453,https://genius.com/Travis-scott-modern-jam-lyrics,Travis Scott,Teezo Touchdown
MODERN JAM (Mixed),,2023.0,9480368,https://genius.com/Travis-scott-modern-jam-mixed-lyrics,Travis Scott,Teezo Touchdown
MONKEY,,,9026146,https://genius.com/Alurgle-thrugle-burgle-monkey-annotated,"Alurgle, thrugle, burgle",Drake
MONKEY,,,9026146,https://genius.com/Alurgle-thrugle-burgle-monkey-annotated,"Alurgle, thrugle, burgle",Kanye West
MOOD 4 EVA (Extended Version),,2019.0,6834019,https://genius.com/Beyonce-mood-4-eva-extended-version-lyrics,Beyoncé,Childish Gambino
MOOD 4 EVA (Extended Version),,2019.0,6834019,https://genius.com/Beyonce-mood-4-eva-extended-version-lyrics,Beyoncé,JAŸ-Z
MR MIYAGI,,2025.0,7716940,https://genius.com/Ye-mr-miyagi-lyrics,Ye,Future
MR MIYAGI,,2025.0,7716940,https://genius.com/Ye-mr-miyagi-lyrics,Ye,Playboi Carti
MR MIYAGI (Al Be Back Reference),,,9550527,https://genius.com/Ye-mr-miyagi-al-be-back-reference-lyrics,Ye,Future
MR MIYAGI (Al Be Back Reference),,,9550527,https://genius.com/Ye-mr-miyagi-al-be-back-reference-lyrics,Ye,Al Be Back
MR MIYAGI (Fat Money Reference),,,9551335,https://genius.com/Ye-mr-miyagi-fat-money-reference-lyrics,Ye,Future
MR MIYAGI (Fat Money Reference),,,9551335,https://genius.com/Ye-mr-miyagi-fat-money-reference-lyrics,Ye,Fat Money
MR MIYAGI (JAYLIEN Reference),,,8874975,https://genius.com/Ye-mr-miyagi-jaylien-reference-lyrics,Ye,Future
MR MIYAGI (JAYLIEN Reference),,,8874975,https://genius.com/Ye-mr-miyagi-jaylien-reference-lyrics,Ye,JAYLIEN
MTV VMAs 2015: Vanguard Acceptance Speech,,2015.0,2293451,https://genius.com/Kanye-west-mtv-vmas-2015-vanguard-acceptance-speech-annotated,Kanye West,MTV
MY LEVEL,,,12665843,https://genius.com/The-pastelle-collective-yedits-my-level-lyrics,The Pastelle Collective (Yedits),"Tyler, The Creator"
MY LEVEL,,,12665843,https://genius.com/The-pastelle-collective-yedits-my-level-lyrics,The Pastelle Collective (Yedits),Lil Yachty
MY SOUL (Young Moose Feature),,,11510782,https://genius.com/Kanye-west-and-ty-dolla-sign-my-soul-young-moose-feature-lyrics,"¥$, Kanye West & Ty Dolla $ign",Young Moose
MaNyfaCedGod,,2017.0,3137006,https://genius.com/Jay-z-manyfacedgod-lyrics,JAŸ-Z,James Blake
Macavity,,2019.0,5114093,https://genius.com/Taylor-swift-macavity-lyrics,Taylor Swift,IDRIS
Made,,2010.0,1792,https://genius.com/Big-sean-made-lyrics,Big Sean,Drake
Made It,,2018.0,3452344,https://genius.com/Rich-the-kid-made-it-lyrics,Rich The Kid,Rick Ross
Made It from Nothing,,2017.0,3156917,https://genius.com/Meek-mill-made-it-from-nothing-lyrics,Meek Mill,Rick Ross
Made It from Nothing,,2017.0,3156917,https://genius.com/Meek-mill-made-it-from-nothing-lyrics,Meek Mill,Teyana Taylor
Made Men,,2011.0,3091,https://genius.com/Rick-ross-made-men-lyrics,Rick Ross,Drake
Made N*GGAZ,,2016.0,2944907,https://genius.com/Rick-ross-made-nggaz-lyrics,Rick Ross,The Game
Made in America,,2011.0,51902,https://genius.com/Jay-z-and-kanye-west-made-in-america-lyrics,JAŸ-Z,Frank Ocean
Madeline,,2025.0,11771360,https://genius.com/Zach-bryan-madeline-lyrics,Zach Bryan,Gabriella Rose
Magic Man,,2009.0,154155,https://genius.com/Malik-yusef-magic-man-lyrics,Malik Yusef,Kanye West
Magic Man,,2009.0,154155,https://genius.com/Malik-yusef-magic-man-lyrics,Malik Yusef,Common
Magic Man,,2009.0,154155,https://genius.com/Malik-yusef-magic-man-lyrics,Malik Yusef,John Legend
Magnificent,,2009.0,912,https://genius.com/Rick-ross-magnificent-lyrics,Rick Ross,John Legend
Mahogany Caskets,,2026.0,13710674,https://genius.com/Rick-ross-mahogany-caskets-lyrics,Rick Ross,T.I.
Major Lazer feat. Mr. Lex & Santigold,,,2252600,https://genius.com/Major-lazer-major-lazer-feat-mr-lex-and-santigold-lyrics,Major Lazer,Santigold
Make Her Say (I Poke Her Face),,2009.0,404,https://genius.com/Kid-cudi-make-her-say-i-poke-her-face-lyrics,Kid Cudi,Kanye West
Make Her Say (I Poke Her Face),,2009.0,404,https://genius.com/Kid-cudi-make-her-say-i-poke-her-face-lyrics,Kid Cudi,Common
Make It With Mine,,2020.0,6322306,https://genius.com/Aero-flynn-make-it-with-mine-lyrics,Aero Flynn,CJ Camerieri
Make It With Mine,,2020.0,6322306,https://genius.com/Aero-flynn-make-it-with-mine-lyrics,Aero Flynn,Rob Moose
Make It With Mine,,2020.0,6322306,https://genius.com/Aero-flynn-make-it-with-mine-lyrics,Aero Flynn,Justin Vernon
Make It Work,,2016.0,2493571,https://genius.com/Meek-mill-make-it-work-lyrics,Meek Mill,Rick Ross
Make It Work,,2016.0,2493571,https://genius.com/Meek-mill-make-it-work-lyrics,Meek Mill,Wale
Make Me Proud,,2011.0,57183,https://genius.com/Drake-make-me-proud-lyrics,Drake,Nicki Minaj
Make That Shit Work,,2015.0,2031416,https://genius.com/T-pain-make-that-shit-work-lyrics,T-Pain,Juicy J
Make Up Bag,,2010.0,149960,https://genius.com/The-dream-make-up-bag-lyrics,The-Dream,T.I.
Make a Life for Yourself,,2025.0,12859336,https://genius.com/Theodore-shapiro-make-a-life-for-yourself-lyrics,Theodore Shapiro,Caroline Shaw
Makeup,,2018.0,4155998,https://genius.com/Zack-villere-makeup-lyrics,Zack Villere,Dijon
Mamacita,,2014.0,499835,https://genius.com/Travis-scott-mamacita-lyrics,Travis Scott,Rich Homie Quan
Mamacita,,2014.0,499835,https://genius.com/Travis-scott-mamacita-lyrics,Travis Scott,Young Thug
Man Down,,2017.0,10720767,https://genius.com/Salute-man-down-lyrics,salute,Cid Rim
Man Up,,,5945334,https://genius.com/Kanye-west-man-up-lyrics,Kanye West,Young Thug
Man of My City,,2016.0,2425254,https://genius.com/French-montana-man-of-my-city-lyrics,French Montana,Big Sean
Man of My City,,2016.0,2425254,https://genius.com/French-montana-man-of-my-city-lyrics,French Montana,Travis Scott
Manslaughter,,2021.0,7009639,https://genius.com/Pop-smoke-manslaughter-lyrics,Pop Smoke,The-Dream
Manslaughter,,2021.0,7009639,https://genius.com/Pop-smoke-manslaughter-lyrics,Pop Smoke,Rick Ross
Marble Floors,,2013.0,99610,https://genius.com/French-montana-marble-floors-lyrics,French Montana,Rick Ross
Marble Floors,,2013.0,99610,https://genius.com/French-montana-marble-floors-lyrics,French Montana,Lil Wayne
Marble Floors,,2013.0,99610,https://genius.com/French-montana-marble-floors-lyrics,French Montana,2 Chainz
March To Battle (Across The Rio Grande),,2010.0,2038425,https://genius.com/The-chieftains-march-to-battle-across-the-rio-grande-lyrics,The Chieftains,Liam Neeson
Marching the Hate Machines (Into the Sun),,,1167282,https://genius.com/Thievery-corporation-marching-the-hate-machines-into-the-sun-lyrics,Thievery Corporation,The Flaming Lips
Maria I’m Drunk,,2015.0,714719,https://genius.com/Travis-scott-maria-im-drunk-lyrics,Travis Scott,Justin Bieber
Maria I’m Drunk,,2015.0,714719,https://genius.com/Travis-scott-maria-im-drunk-lyrics,Travis Scott,Young Thug
Married in a Gold Rush,,2019.0,4435434,https://genius.com/Vampire-weekend-married-in-a-gold-rush-lyrics,Vampire Weekend,Danielle Haim
Marsha Braidy,,2011.0,7146458,https://genius.com/The-world-famous-tony-williams-marsha-braidy-lyrics,The World Famous Tony Williams,Fonzworth Bentley
Marsha Braidy,,2011.0,7146458,https://genius.com/The-world-famous-tony-williams-marsha-braidy-lyrics,The World Famous Tony Williams,King Chip
Marvel Room,,2023.0,9217142,https://genius.com/Rob-moose-marvel-room-lyrics,Rob Moose,Bon Iver
Marvin & Chardonnay,,2011.0,51026,https://genius.com/Big-sean-marvin-and-chardonnay-lyrics,Big Sean,Kanye West
Mary’s Jam,,2011.0,5906279,https://genius.com/Mary-j-blige-marys-jam-lyrics,Mary J. Blige,JAŸ-Z
Master Mingtong Gu Interview,,2022.0,9736032,https://genius.com/Frank-ocean-master-mingtong-gu-interview-annotated,Frank Ocean,Mingtong Gu
Matthew In the Middle,,2016.0,2459045,https://genius.com/Sean-leon-matthew-in-the-middle-lyrics,Sean Leon,Daniel Caesar
Maybach Curtains,,2012.0,82640,https://genius.com/Meek-mill-maybach-curtains-lyrics,Meek Mill,John Legend
Maybach Curtains,,2012.0,82640,https://genius.com/Meek-mill-maybach-curtains-lyrics,Meek Mill,Rick Ross
Maybach Curtains,,2012.0,82640,https://genius.com/Meek-mill-maybach-curtains-lyrics,Meek Mill,Nas
Maybach Dons,,2009.0,57664,https://genius.com/The-game-maybach-dons-lyrics,The Game,Rick Ross
Maybach Drip,,,4476138,https://genius.com/Rick-ross-maybach-drip-lyrics,Rick Ross,Meek Mill
Maybach Music,,2008.0,719,https://genius.com/Rick-ross-maybach-music-lyrics,Rick Ross,JAŸ-Z
Maybach Music 2,,2009.0,720,https://genius.com/Rick-ross-maybach-music-2-lyrics,Rick Ross,Lil Wayne
Maybach Music 2,,2009.0,720,https://genius.com/Rick-ross-maybach-music-2-lyrics,Rick Ross,Kanye West
Maybach Music 2,,2009.0,720,https://genius.com/Rick-ross-maybach-music-2-lyrics,Rick Ross,T-Pain
Maybach Music 2 (The Lost Verse),,2010.0,24482,https://genius.com/Jay-z-maybach-music-2-the-lost-verse-lyrics,JAŸ-Z,T-Pain
Maybach Music 2.5,,,78789,https://genius.com/Rick-ross-maybach-music-25-lyrics,Rick Ross,DJ Khaled
Maybach Music 2.5,,,78789,https://genius.com/Rick-ross-maybach-music-25-lyrics,Rick Ross,Pusha T
Maybach Music 2.5,,,78789,https://genius.com/Rick-ross-maybach-music-25-lyrics,Rick Ross,T-Pain
Maybach Music III,,2010.0,1337,https://genius.com/Rick-ross-maybach-music-iii-lyrics,Rick Ross,Erykah Badu
Maybach Music III,,2010.0,1337,https://genius.com/Rick-ross-maybach-music-iii-lyrics,Rick Ross,T.I.
Maybach Music III,,2010.0,1337,https://genius.com/Rick-ross-maybach-music-iii-lyrics,Rick Ross,Jadakiss
Maybach Music IV,,2012.0,80550,https://genius.com/Rick-ross-maybach-music-iv-lyrics,Rick Ross,Ne-Yo
Maybach Music VI,,2019.0,4720077,https://genius.com/Rick-ross-maybach-music-vi-lyrics,Rick Ross,John Legend
Maybach Music VI,,2019.0,4720077,https://genius.com/Rick-ross-maybach-music-vi-lyrics,Rick Ross,Lil Wayne
Maybach Music VI (Extended),,,4767802,https://genius.com/Rick-ross-maybach-music-vi-extended-lyrics,Rick Ross,John Legend
Maybach Music VI (Extended),,,4767802,https://genius.com/Rick-ross-maybach-music-vi-extended-lyrics,Rick Ross,Lil Wayne
Maybach Music VI (Extended),,,4767802,https://genius.com/Rick-ross-maybach-music-vi-extended-lyrics,Rick Ross,Pusha T
Medley: “Ladies Pantalettes; Belles of Blackville; First House in Connaught”,,2002.0,9795912,https://genius.com/The-chieftains-medley-ladies-pantalettes-belles-of-blackville-first-house-in-connaught-lyrics,The Chieftains,Béla Fleck
Meds,,2019.0,4414032,https://genius.com/Bruce-hornsby-meds-lyrics,Bruce Hornsby,Rob Moose
Meds,,2019.0,4414032,https://genius.com/Bruce-hornsby-meds-lyrics,Bruce Hornsby,Blake Mills
Meds,,2019.0,4414032,https://genius.com/Bruce-hornsby-meds-lyrics,Bruce Hornsby,Justin Vernon
Meet Me at the Door,,,7304658,https://genius.com/Chance-the-rapper-meet-me-at-the-door-lyrics,Chance the Rapper,Juice WRLD
Megaupload Song,,2011.0,2987853,https://genius.com/Kim-dotcom-megaupload-song-lyrics,Kim Dotcom,will.i.am
Megaupload Song,,2011.0,2987853,https://genius.com/Kim-dotcom-megaupload-song-lyrics,Kim Dotcom,The Game
Megaupload Song,,2011.0,2987853,https://genius.com/Kim-dotcom-megaupload-song-lyrics,Kim Dotcom,Diddy
Megaupload Song,,2011.0,2987853,https://genius.com/Kim-dotcom-megaupload-song-lyrics,Kim Dotcom,Kim Kardashian
Megaupload Song,,2011.0,2987853,https://genius.com/Kim-dotcom-megaupload-song-lyrics,Kim Dotcom,Kanye West
Megaupload Song,,2011.0,2987853,https://genius.com/Kim-dotcom-megaupload-song-lyrics,Kim Dotcom,Jamie Foxx
Megaupload Song,,2011.0,2987853,https://genius.com/Kim-dotcom-megaupload-song-lyrics,Kim Dotcom,Chris Brown
Meltdown,,2014.0,579816,https://genius.com/Stromae-meltdown-lyrics,Stromae,Q-Tip
Meltdown,,2014.0,579816,https://genius.com/Stromae-meltdown-lyrics,Stromae,Lorde
Meltdown,,2014.0,579816,https://genius.com/Stromae-meltdown-lyrics,Stromae,HAIM
Meltdown,,2014.0,579816,https://genius.com/Stromae-meltdown-lyrics,Stromae,Pusha T
Meltdown (Türkçe Çeviri),,2014.0,9366015,https://genius.com/Stromae-meltdown-turkce-ceviri-lyrics,Stromae,Q-Tip
Meltdown (Türkçe Çeviri),,2014.0,9366015,https://genius.com/Stromae-meltdown-turkce-ceviri-lyrics,Stromae,Lorde
Meltdown (Türkçe Çeviri),,2014.0,9366015,https://genius.com/Stromae-meltdown-turkce-ceviri-lyrics,Stromae,HAIM
Meltdown (Türkçe Çeviri),,2014.0,9366015,https://genius.com/Stromae-meltdown-turkce-ceviri-lyrics,Stromae,Pusha T
Memories,,2016.0,3879595,https://genius.com/The-national-memories-lyrics,The National,Sufjan Stevens
Memories (Part II),,2011.0,51231,https://genius.com/Big-sean-memories-part-ii-lyrics,Big Sean,John Legend
Memphis; The Blues,,2024.0,9883706,https://genius.com/Zach-bryan-memphis-the-blues-lyrics,Zach Bryan,John Moreland
Mercy,,2012.0,70324,https://genius.com/Kanye-west-mercy-lyrics,Kanye West,Big Sean
Mercy,,2012.0,70324,https://genius.com/Kanye-west-mercy-lyrics,Kanye West,Pusha T
Mercy,,2012.0,70324,https://genius.com/Kanye-west-mercy-lyrics,Kanye West,2 Chainz
Merry Christmas Lil’ Mama,,2016.0,2937988,https://genius.com/Chance-the-rapper-and-jeremih-merry-christmas-lil-mama-lyrics,Chance the Rapper,King Louie
Mi Casa Su Casa,,2010.0,13152764,https://genius.com/Gucci-mane-mi-casa-su-casa-lyrics,Gucci Mane,Yo Gotti
Mi Casa Su Casa,,2010.0,13152764,https://genius.com/Gucci-mane-mi-casa-su-casa-lyrics,Gucci Mane,Nicki Minaj
Miami,,2008.0,48435,https://genius.com/Yo-gotti-miami-lyrics,Yo Gotti,Rick Ross
Miami,,2008.0,48435,https://genius.com/Yo-gotti-miami-lyrics,Yo Gotti,DJ Khaled
Midnight Zone*,,,3599323,https://genius.com/Belly-midnight-zone-lyrics,Belly,JAŸ-Z
Migo Gang,,,4216719,https://genius.com/Quavo-migo-gang-lyrics,Quavo,Travis Scott
Migo Gang,,,4216719,https://genius.com/Quavo-migo-gang-lyrics,Quavo,OG Maco
Mile High,,2019.0,4201749,https://genius.com/James-blake-mile-high-lyrics,James Blake,Travis Scott
Mile High,,2019.0,4201749,https://genius.com/James-blake-mile-high-lyrics,James Blake,Metro Boomin
Millions,,2013.0,108547,https://genius.com/Pusha-t-millions-lyrics,Pusha T,Rick Ross
Mimi,,2021.0,6959855,https://genius.com/Big-red-machine-mimi-lyrics,Big Red Machine,Ilsey
Mind Loaded,,2025.0,12153298,https://genius.com/Blood-orange-mind-loaded-lyrics,Blood Orange,Lorde
Mind Loaded,,2025.0,12153298,https://genius.com/Blood-orange-mind-loaded-lyrics,Blood Orange,Mustafa
Mind Power,,,10764246,https://genius.com/Kanye-west-mind-power-lyrics,Kanye West,Pusha T
Mind Power,,,10764246,https://genius.com/Kanye-west-mind-power-lyrics,Kanye West,The-Dream
Mines,,2024.0,10676449,https://genius.com/Mustard-mines-lyrics,Mustard,Ty Dolla $ign
Mines,,2024.0,10676449,https://genius.com/Mustard-mines-lyrics,Mustard,Future
Mines,,2024.0,10676449,https://genius.com/Mustard-mines-lyrics,Mustard,Charlie Wilson
Mini Kelly,,2025.0,12254259,https://genius.com/Bryson-tiller-mini-kelly-lyrics,Bryson Tiller,Rick Ross
Minibar,,2026.0,12251153,https://genius.com/Gracie-abrams-minibar-lyrics,Gracie Abrams,Audrey Hobert
Minority Report,,2006.0,1747,https://genius.com/Jay-z-minority-report-lyrics,JAŸ-Z,Ne-Yo
Miracle,,2025.0,12471798,https://genius.com/Cole-davis-miracle-lyrics,Cole Davis,Channy Leaneagh
Miss My Dawgs,,2015.0,1866016,https://genius.com/Meek-mill-miss-my-dawgs-lyrics,Meek Mill,Travis Scott
Mitus Touch (New Rihanna),,,10902050,https://genius.com/Rihanna-mitus-touch-new-rihanna-lyrics,Rihanna,Kanye West
Mitus Touch (Pusha T Reference Track),,,9192528,https://genius.com/Kanye-west-mitus-touch-pusha-t-reference-track-lyrics,Kanye West,Pusha T
Mixed Personalities,,2019.0,4230193,https://genius.com/Ynw-melly-mixed-personalities-lyrics,YNW Melly,Kanye West
Mixtape,,2016.0,2472235,https://genius.com/Chance-the-rapper-mixtape-lyrics,Chance the Rapper,Lil Yachty
Mixtape,,2016.0,2472235,https://genius.com/Chance-the-rapper-mixtape-lyrics,Chance the Rapper,Young Thug
Mixture,,2017.0,3099760,https://genius.com/Audio-push-mixture-lyrics,Audio Push,Lil Dicky
Mo Ghile Mear (Our Hero),,,908815,https://genius.com/The-chieftains-mo-ghile-mear-our-hero-lyrics,The Chieftains,Sting
Model (You Ain’t No Model),,2017.0,5650261,https://genius.com/Cyhi-model-you-aint-no-model-lyrics,CyHi,Kanye West
Model (You Ain’t No Model),,2017.0,5650261,https://genius.com/Cyhi-model-you-aint-no-model-lyrics,CyHi,Ty Dolla $ign
Molasses,,2011.0,4848,https://genius.com/Raekwon-molasses-lyrics,Raekwon,Rick Ross
Molly,,2015.0,2269320,https://genius.com/Lil-dicky-molly-lyrics,Lil Dicky,Brendon Urie
Molly Bán (Bawn),,2002.0,2117051,https://genius.com/The-chieftains-molly-ban-bawn-lyrics,The Chieftains,Alison Krauss
Moment 4 Life,,2010.0,2045,https://genius.com/Nicki-minaj-moment-4-life-lyrics,Nicki Minaj,Drake
Moment of Clarity (The Grey Album),,2004.0,4215034,https://genius.com/Danger-mouse-moment-of-clarity-the-grey-album-lyrics,Danger Mouse,JAŸ-Z
Money,,2023.0,5309025,https://genius.com/Young-thug-money-lyrics,Young Thug,Juice WRLD
Money,,2023.0,5309025,https://genius.com/Young-thug-money-lyrics,Young Thug,Nicki Minaj
Money Counter,,2024.0,10557903,https://genius.com/Sauce-walka-money-counter-lyrics,Sauce Walka,Travis Scott
Money Dance,,2015.0,2294006,https://genius.com/Rick-ross-money-dance-lyrics,Rick Ross,The-Dream
Money Go,,2015.0,2376665,https://genius.com/Belly-money-go-lyrics,Belly,Travis Scott
Money Shower,,,5319217,https://genius.com/Quavo-money-shower-lyrics,Quavo,Lil Yachty
Money Shower,,,5319217,https://genius.com/Quavo-money-shower-lyrics,Quavo,Chance the Rapper
Money in the Grave,,2019.0,4629364,https://genius.com/Drake-money-in-the-grave-lyrics,Drake,Rick Ross
Monster,,2010.0,1149,https://genius.com/Kanye-west-monster-lyrics,Kanye West,Bon Iver
Monster,,2010.0,1149,https://genius.com/Kanye-west-monster-lyrics,Kanye West,Rick Ross
Monster,,2010.0,1149,https://genius.com/Kanye-west-monster-lyrics,Kanye West,JAŸ-Z
Monster,,2010.0,1149,https://genius.com/Kanye-west-monster-lyrics,Kanye West,Nicki Minaj
Months in Taylor Swift Songs,,,10420023,https://genius.com/Community-lists-months-in-taylor-swift-songs-annotated,Community Lists,Taylor Swift
Moon,,2025.0,12015760,https://genius.com/Daniel-caesar-moon-lyrics,Daniel Caesar,Bon Iver
Moonlit Breakers,,2023.0,9452173,https://genius.com/Paul-dally-moonlit-breakers-lyrics,Paul Dally,Dijon
Morango (Feat. Frank Ocean),,,9500518,https://genius.com/Tenoutoftenmiddlepart-morango-feat-frank-ocean-lyrics,Tenoutoftenmiddlepart,Frank Ocean
More,,2006.0,40143,https://genius.com/Rhymefest-more-lyrics,Rhymefest,Kanye West
More Life,,2021.0,6726335,https://genius.com/Cordae-more-life-lyrics,Cordae,Q-Tip
More Than You’ll Ever Know,,2011.0,1838559,https://genius.com/Boyz-ii-men-more-than-youll-ever-know-lyrics,Boyz II Men,Charlie Wilson
Moses,,2015.0,1787446,https://genius.com/French-montana-moses-lyrics,French Montana,Chris Brown
Moses,,2015.0,1787446,https://genius.com/French-montana-moses-lyrics,French Montana,Migos
Most High,,2015.0,2329500,https://genius.com/Dj-khaled-most-high-lyrics,DJ Khaled,John Legend
Most Kingz,,2010.0,1734,https://genius.com/Jay-z-most-kingz-lyrics,JAŸ-Z,Chris Martin
Motherfuck The Radio,,,12162660,https://genius.com/Kanye-west-motherfuck-the-radio-lyrics,Kanye West,Agent Sasco (Assassin)
Motherfuck The Radio,,,12162660,https://genius.com/Kanye-west-motherfuck-the-radio-lyrics,Kanye West,James Fauntleroy
Mouth of the King,,2019.0,4458270,https://genius.com/The-flaming-lips-mouth-of-the-king-lyrics,The Flaming Lips,Mick Jones
Move Around,,2004.0,147622,https://genius.com/Bump-j-move-around-lyrics,Bump J,Kanye West
Move Ya Hips,,2020.0,5559925,https://genius.com/A-ap-ferg-move-ya-hips-lyrics,A$AP Ferg,MadeinTYO
Move Ya Hips,,2020.0,5559925,https://genius.com/A-ap-ferg-move-ya-hips-lyrics,A$AP Ferg,Nicki Minaj
Move Yo Body,,2021.0,7027160,https://genius.com/Abstract-mindstate-move-yo-body-lyrics,Abstract Mindstate,The World Famous Tony Williams
Movin’ Bass,,2014.0,577640,https://genius.com/Rick-ross-movin-bass-lyrics,Rick Ross,JAŸ-Z
Mo’ Money,,2004.0,24539,https://genius.com/Jay-z-and-r-kelly-mo-money-lyrics,JAŸ-Z,Twista
Mr Miyagi (Flash Garments Reference),,,9654899,https://genius.com/Ye-mr-miyagi-flash-garments-reference-lyrics,Ye,Flash Garments
Mr. Carter,,2008.0,126,https://genius.com/Lil-wayne-mr-carter-lyrics,Lil Wayne,JAŸ-Z
Mr. Carter (Alternate Version),,2008.0,5688478,https://genius.com/Lil-wayne-mr-carter-alternate-version-lyrics,Lil Wayne,JAŸ-Z
Mr. Nice Guy,,,11892843,https://genius.com/Daniel-caesar-mr-nice-guy-lyrics,Daniel Caesar,Bakar
Mr. Nice Watch,,2011.0,54967,https://genius.com/J-cole-mr-nice-watch-lyrics,J. Cole,JAŸ-Z
Mula,,2015.0,2309337,https://genius.com/The-game-mula-lyrics,The Game,Kanye West
Mummified,,,10494874,https://genius.com/Big-sean-mummified-lyrics,Big Sean,Travis Scott
Musicians on Musicians: Paul McCartney & Taylor Swift,,2020.0,6166233,https://genius.com/Rolling-stone-musicians-on-musicians-paul-mccartney-and-taylor-swift-annotated,Rolling Stone,Paul McCartney
Musicians on Musicians: Paul McCartney & Taylor Swift,,2020.0,6166233,https://genius.com/Rolling-stone-musicians-on-musicians-paul-mccartney-and-taylor-swift-annotated,Rolling Stone,Taylor Swift
Muthafucka Up,,2012.0,65917,https://genius.com/Tyga-muthafucka-up-lyrics,Tyga,Nicki Minaj
Mutual Friends,,,5919264,https://genius.com/Sophie-mutual-friends-lyrics,SOPHIE,HAIM
My 1st Song (The Grey Album),,2004.0,4215039,https://genius.com/Danger-mouse-my-1st-song-the-grey-album-lyrics,Danger Mouse,JAŸ-Z
My All (Performed by The Sunday Service Choir),,,5047867,https://genius.com/Kanye-west-my-all-performed-by-the-sunday-service-choir-lyrics,Kanye West,Sunday Service Choir
My Baby,,2004.0,32599,https://genius.com/Janet-jackson-my-baby-lyrics,Janet Jackson,Kanye West
My Bitch,,,50457,https://genius.com/Rick-ross-my-bitch-lyrics,Rick Ross,Wale
My Chick Bad,,2010.0,396,https://genius.com/Ludacris-my-chick-bad-lyrics,Ludacris,Nicki Minaj
My Ex Best Friend,,,2470898,https://genius.com/Travis-scott-my-ex-best-friend-lyrics,Travis Scott,James Fauntleroy
My Lagan Love,,2012.0,1851839,https://genius.com/The-chieftains-my-lagan-love-lyrics,The Chieftains,Lisa Hannigan
My Man,,2013.0,219543,https://genius.com/Rick-ross-my-man-lyrics,Rick Ross,Rockie Fresh
My Man,,2013.0,219543,https://genius.com/Rick-ross-my-man-lyrics,Rick Ross,Meek Mill
My Mechanical Friend,,2012.0,1550763,https://genius.com/Grace-potter-my-mechanical-friend-lyrics,Grace Potter,The Flaming Lips
My Moment*,,,6393332,https://genius.com/Louie-v-gutta-my-moment-lyrics,Louie V Gutta,Kanye West
My Oh My,,2019.0,5057906,https://genius.com/Camila-cabello-my-oh-my-lyrics,Camila Cabello,DaBaby
My Peak,,,2996544,https://genius.com/Chance-the-rapper-my-peak-lyrics,Chance the Rapper,King Louie
My Peak,,,2996544,https://genius.com/Chance-the-rapper-my-peak-lyrics,Chance the Rapper,Future
My Song,,1988.0,1173696,https://genius.com/Glass-tiger-my-song-lyrics,Glass Tiger,The Chieftains
My Way Home,,2005.0,3398,https://genius.com/Kanye-west-my-way-home-lyrics,Kanye West,Common
My Way Home [Mixed],,2023.0,9988588,https://genius.com/Kanye-west-my-way-home-mixed-lyrics,Kanye West,Common
N 2 Deep,,2021.0,7163722,https://genius.com/Drake-n-2-deep-lyrics,Drake,Future
NASDAQ,,,8013291,https://genius.com/Kanye-west-nasdaq-lyrics,Kanye West,Dem Jointz
NC-17,,2018.0,3876942,https://genius.com/Travis-scott-nc-17-lyrics,Travis Scott,21 Savage
NEW MAGIC WAND (Grammy Version),,2020.0,6918242,https://genius.com/Tyler-the-creator-new-magic-wand-grammy-version-lyrics,"Tyler, The Creator",Boyz II Men
NEW MAGIC WAND (Grammy Version),,2020.0,6918242,https://genius.com/Tyler-the-creator-new-magic-wand-grammy-version-lyrics,"Tyler, The Creator",Charlie Wilson
NEW YORK (CONCEPT DE PARIS),,2023.0,9026171,https://genius.com/Jay-z-new-york-concept-de-paris-lyrics,JAŸ-Z,Gil Scott-Heron
NEXT TIME (MAKE IT FEEL RIGHT),,2024.0,11180786,https://genius.com/Kanye-west-and-ty-dolla-sign-next-time-make-it-feel-right-lyrics,"¥$, Kanye West & Ty Dolla $ign",Young Moose
NIGHTS,,2022.0,10483007,https://genius.com/Lil-yachty-nights-lyrics,Lil Yachty,Frank Ocean
NIGHTS ON THE MOON (Original),,,11003286,https://genius.com/Kanye-west-and-ty-dolla-sign-nights-on-the-moon-original-lyrics,"¥$, Kanye West & Ty Dolla $ign",Young Moose
NIN,,,11301784,https://genius.com/Sblack-boi-nin-lyrics,S.Black Boi,Travis Scott
NITROUS [V17],,,13680653,https://genius.com/Ye-nitrous-v17-lyrics,Ye,The World Famous Tony Williams
NO BYSTANDERS,,2018.0,3876996,https://genius.com/Travis-scott-no-bystanders-lyrics,Travis Scott,Juice WRLD
NO BYSTANDERS,,2018.0,3876996,https://genius.com/Travis-scott-no-bystanders-lyrics,Travis Scott,Sheck Wes
NO REASON,,,12665849,https://genius.com/The-pastelle-collective-yedits-no-reason-lyrics,The Pastelle Collective (Yedits),Justin Bieber
NONONONONO,,2023.0,9273065,https://genius.com/Robert-henrik-williams-jr-nonononono-lyrics,Robert Henrik Williams Jr.,Taylor Swift
NOT INCLUSIVE (Young Moose Reference),,,10307637,https://genius.com/Kanye-west-and-ty-dolla-sign-not-inclusive-young-moose-reference-lyrics,"¥$, Kanye West & Ty Dolla $ign",Young Moose
Nabil’s Photographs of Somalia 2011 Famine,,2011.0,303118,https://genius.com/Frank-ocean-nabils-photographs-of-somalia-2011-famine-annotated,Frank Ocean,Nabil Elderkin
Nah Nah Nah (Alt. production),,,11725735,https://genius.com/Kanye-west-nah-nah-nah-alt-production-lyrics,Kanye West,DaBaby
Nah Nah Nah (Alt. production),,,11725735,https://genius.com/Kanye-west-nah-nah-nah-alt-production-lyrics,Kanye West,2 Chainz
Nah Nah Nah (New Version),,,9609824,https://genius.com/Kanye-west-nah-nah-nah-new-version-lyrics,Kanye West,DaBaby
Nah Nah Nah (New Version),,,9609824,https://genius.com/Kanye-west-nah-nah-nah-new-version-lyrics,Kanye West,2 Chainz
Naked,,2013.0,154132,https://genius.com/Travis-scott-naked-lyrics,Travis Scott,Justin Vernon
Naked (Full Version),,2023.0,9152732,https://genius.com/Travis-scott-naked-full-version-lyrics,Travis Scott,Justin Vernon
Nardwuar vs. Travis Scott,,2015.0,7782577,https://genius.com/Nardwuar-the-human-serviette-nardwuar-vs-travis-scott-annotated,Nardwuar the Human Serviette,Travis Scott
Nebuchadnezzar*,,,5050775,https://genius.com/Kanye-west-nebuchadnezzar-lyrics,Kanye West,Sheck Wes
Neck & Wrist,,2022.0,7727456,https://genius.com/Pusha-t-neck-and-wrist-lyrics,Pusha T,JAŸ-Z
Neck & Wrist,,2022.0,7727456,https://genius.com/Pusha-t-neck-and-wrist-lyrics,Pusha T,Pharrell Williams
Need (ft. Ariana Grande),,2024.0,10817765,https://genius.com/Taylor-swift-need-ft-ariana-grande-lyrics,Taylor Swift,Ariana Grande
Needle,,2023.0,9816408,https://genius.com/Nicki-minaj-needle-lyrics,Nicki Minaj,Drake
Neighbor,,2018.0,3980731,https://genius.com/Juicy-j-neighbor-lyrics,Juicy J,Travis Scott
Nellie Marie,,,219530,https://genius.com/Will-in-the-sky-nellie-marie-lyrics,Will in the Sky,Lil Animus
Neptune Estate (Travi$ Scott RMX),,2014.0,374026,https://genius.com/King-krule-neptune-estate-travi-scott-rmx-lyrics,King Krule,Travis Scott
Nervous,,2012.0,335761,https://genius.com/Diana-gordon-nervous-lyrics,Diana Gordon,Travis Scott
"Never Been, Pt. II",,2012.0,68238,https://genius.com/Wiz-khalifa-never-been-pt-ii-lyrics,Wiz Khalifa,Rick Ross
Never Forget You,,2011.0,2207,https://genius.com/Lupe-fiasco-never-forget-you-lyrics,Lupe Fiasco,John Legend
Never Give All the Heart,,1999.0,1638442,https://genius.com/The-chieftains-never-give-all-the-heart-lyrics,The Chieftains,Anuna
Never Give All the Heart,,1999.0,1638442,https://genius.com/The-chieftains-never-give-all-the-heart-lyrics,The Chieftains,Brenda Fricker
Never Givin’ It Up,,,13570226,https://genius.com/Sophie-never-givin-it-up-lyrics,SOPHIE,HAIM
Never Let Me Down,,2004.0,1465,https://genius.com/Kanye-west-never-let-me-down-lyrics,Kanye West,JAŸ-Z
Never Let Me Down,,2004.0,1465,https://genius.com/Kanye-west-never-let-me-down-lyrics,Kanye West,J. Ivy
Never Let Me Go (KIRBY Reference),,2014.0,11178188,https://genius.com/Kanye-west-never-let-me-go-kirby-reference-lyrics,Kanye West,KIRBY
Never Sleep,,2022.0,8213123,https://genius.com/Nav-and-lil-baby-never-sleep-lyrics,NAV,Travis Scott
Never Sleep [Mixed],,2023.0,8790799,https://genius.com/Nav-and-lil-baby-never-sleep-mixed-lyrics,NAV,Travis Scott
Never Surrender,,2013.0,239624,https://genius.com/Dj-khaled-never-surrender-lyrics,DJ Khaled,Meek Mill
Never Surrender,,2013.0,239624,https://genius.com/Dj-khaled-never-surrender-lyrics,DJ Khaled,John Legend
Never Surrender,,2013.0,239624,https://genius.com/Dj-khaled-never-surrender-lyrics,DJ Khaled,Jadakiss
Never Wanted To Be / Idea 4,,2014.0,10835724,https://genius.com/Kanye-west-never-wanted-to-be-idea-4-lyrics,Kanye West,Paul McCartney
New Again (Original Donda Version),,2021.0,7243766,https://genius.com/Kanye-west-new-again-original-donda-version-lyrics,Kanye West,Chris Brown
New Again (Original),,,7172250,https://genius.com/Kanye-west-new-again-original-lyrics,Kanye West,Chris Brown
New Body,,2019.0,4908142,https://genius.com/Kanye-west-new-body-lyrics,Kanye West,Ty Dolla $ign
New Body (Ant Clemons Reference),,,5159728,https://genius.com/Kanye-west-new-body-ant-clemons-reference-lyrics,Kanye West,6ix9ine
New Body (Ant Clemons Reference),,,5159728,https://genius.com/Kanye-west-new-body-ant-clemons-reference-lyrics,Kanye West,Ant Clemons
New Body (Donda Version),,,9309567,https://genius.com/Kanye-west-new-body-donda-version-lyrics,Kanye West,Nicki Minaj
New Body (Donda Version),,,9309567,https://genius.com/Kanye-west-new-body-donda-version-lyrics,Kanye West,Ty Dolla $ign
New Body (Extended),,,12468086,https://genius.com/Kanye-west-new-body-extended-lyrics,Kanye West,Ty Dolla $ign
New Body (Extended),,,12468086,https://genius.com/Kanye-west-new-body-extended-lyrics,Kanye West,Nicki Minaj
New Body [V8],,,12509195,https://genius.com/Kanye-west-new-body-v8-lyrics,Kanye West,Desiigner
New Body [V8],,,12509195,https://genius.com/Kanye-west-new-body-v8-lyrics,Kanye West,6ix9ine
New Body [V8],,,12509195,https://genius.com/Kanye-west-new-body-v8-lyrics,Kanye West,Ty Dolla $ign
New Bugatti,,2012.0,63138,https://genius.com/Rick-ross-new-bugatti-lyrics,Rick Ross,Diddy
New Flame,,2014.0,374937,https://genius.com/Chris-brown-new-flame-lyrics,Chris Brown,USHER
New Flame,,2014.0,374937,https://genius.com/Chris-brown-new-flame-lyrics,Chris Brown,Rick Ross
"New Reputation: Taylor Swift shares intel on TS7, fan theories, and her next era",,2019.0,4541388,https://genius.com/Entertainment-weekly-new-reputation-taylor-swift-shares-intel-on-ts7-fan-theories-and-her-next-era-annotated,Entertainment Weekly,Taylor Swift
New York Times Interview (Excerpt),,2013.0,168999,https://genius.com/Kanye-west-new-york-times-interview-excerpt-annotated,Kanye West,Jon Caramanica
Next To Me,,2022.0,7656281,https://genius.com/Jim-e-stack-next-to-me-lyrics,Jim-E Stack,Lucky Daye
Next to you,,2015.0,9784837,https://genius.com/Dapurr-next-to-you-lyrics,Dapurr,Gracie Abrams
Nicki Hendrix,,2023.0,9617020,https://genius.com/Nicki-minaj-nicki-hendrix-lyrics,Nicki Minaj,Future
Nicki Minaj Checks In,,2009.0,7024348,https://genius.com/Gucci-mane-nicki-minaj-checks-in-lyrics,Gucci Mane,Nicki Minaj
Nicki Minaj Checks In 2,,2009.0,7024395,https://genius.com/Gucci-mane-nicki-minaj-checks-in-2-lyrics,Gucci Mane,Nicki Minaj
Nicki Minaj Speaks,,2009.0,6189792,https://genius.com/Soulja-boy-nicki-minaj-speaks-lyrics,Soulja Boy,Nicki Minaj
"Nicki Minaj, Cheeky Genius",,2014.0,547953,https://genius.com/Gq-magazine-nicki-minaj-cheeky-genius-annotated,GQ Magazine,Nicki Minaj
Nigga Please,,2002.0,24516,https://genius.com/Jay-z-nigga-please-lyrics,JAŸ-Z,Pharrell Williams
Niggas In Paris,,2011.0,57452,https://genius.com/Chris-brown-niggas-in-paris-lyrics,Chris Brown,T-Pain
Night Riders,,2015.0,823865,https://genius.com/Major-lazer-night-riders-lyrics,Major Lazer,2 Chainz
Night Riders,,2015.0,823865,https://genius.com/Major-lazer-night-riders-lyrics,Major Lazer,Travis Scott
Night Riders,,2015.0,823865,https://genius.com/Major-lazer-night-riders-lyrics,Major Lazer,Pusha T
Nightcrawler,,2015.0,2290794,https://genius.com/Travis-scott-nightcrawler-lyrics,Travis Scott,Swae Lee
Nightcrawler,,2015.0,2290794,https://genius.com/Travis-scott-nightcrawler-lyrics,Travis Scott,Chief Keef
Nights (Original Version),,2015.0,5758233,https://genius.com/Frank-ocean-nights-original-version-lyrics,Frank Ocean,Kendrick Lamar
Nikes (Magazine CD Version),,2016.0,2842603,https://genius.com/Frank-ocean-nikes-magazine-cd-version-lyrics,Frank Ocean,KOHH
Nina Can’t Know,,2025.0,12859396,https://genius.com/Theodore-shapiro-nina-cant-know-lyrics,Theodore Shapiro,Caroline Shaw
Nina Chop (Chance The Rapper Version),,,2479123,https://genius.com/Kanye-west-nina-chop-chance-the-rapper-version-lyrics,Kanye West,Chance the Rapper
Nina Chop (Rihanna Version),,,6645933,https://genius.com/Kanye-west-nina-chop-rihanna-version-lyrics,Kanye West,Swizz Beatz
Nina Chop (Rihanna Version),,,6645933,https://genius.com/Kanye-west-nina-chop-rihanna-version-lyrics,Kanye West,Rihanna
Nina Chop (Young Thug Version),,,2423974,https://genius.com/Kanye-west-nina-chop-young-thug-version-lyrics,Kanye West,Young Thug
Nintendo Switch Superstar,,,10659380,https://genius.com/Big-sean-nintendo-switch-superstar-lyrics,Big Sean,The-Dream
No Bad Blood,,2021.0,8470077,https://genius.com/Zach-bryan-no-bad-blood-lyrics,Zach Bryan,Hope Waidley
No Bad Blood,,2021.0,8470077,https://genius.com/Zach-bryan-no-bad-blood-lyrics,Zach Bryan,Clara Waidley
No Bad Blood,,2021.0,8470077,https://genius.com/Zach-bryan-no-bad-blood-lyrics,Zach Bryan,Zachariah E.M. Moffatt
No Bad News,,2024.0,11101147,https://genius.com/Cordae-no-bad-news-lyrics,Cordae,Kanye West
No Brainer,,2018.0,3844672,https://genius.com/Dj-khaled-no-brainer-lyrics,DJ Khaled,Quavo
No Brainer,,2018.0,3844672,https://genius.com/Dj-khaled-no-brainer-lyrics,DJ Khaled,Chance the Rapper
No Brainer,,2018.0,3844672,https://genius.com/Dj-khaled-no-brainer-lyrics,DJ Khaled,Justin Bieber
No Cap,,,3766292,https://genius.com/Migos-no-cap-lyrics,Migos,Travis Scott
No Child Left Behind,,2021.0,7026648,https://genius.com/Kanye-west-no-child-left-behind-lyrics,Kanye West,Vory
No Child Left Behind (Vory Reference),,2021.0,9637303,https://genius.com/Kanye-west-no-child-left-behind-vory-reference-lyrics,Kanye West,Vory
No Church (V2),,,11784086,https://genius.com/Jay-z-and-kanye-west-no-church-v2-lyrics,JAŸ-Z,Frank Ocean
No Church (V2),,,11784086,https://genius.com/Jay-z-and-kanye-west-no-church-v2-lyrics,JAŸ-Z,The-Dream
No Church in the Wild,,2012.0,52020,https://genius.com/Jay-z-and-kanye-west-no-church-in-the-wild-lyrics,JAŸ-Z,Frank Ocean
No Church in the Wild,,2012.0,52020,https://genius.com/Jay-z-and-kanye-west-no-church-in-the-wild-lyrics,JAŸ-Z,The-Dream
No Church in the Wild (Freestyle),,,62366,https://genius.com/Rick-ross-no-church-in-the-wild-freestyle-lyrics,Rick Ross,Frank Ocean
No Church in the Wild (Freestyle),,,62366,https://genius.com/Rick-ross-no-church-in-the-wild-freestyle-lyrics,Rick Ross,Meek Mill
No Competition,,2026.0,13140964,https://genius.com/Cyhi-no-competition-lyrics,CyHi,Ye
No English,,2016.0,2402184,https://genius.com/Juicy-j-no-english-lyrics,Juicy J,Travis Scott
No Fear,,,1741913,https://genius.com/The-fader-no-fear-annotated,The FADER,Travis Scott
No Feelings,,2015.0,2263710,https://genius.com/Partynextdoor-no-feelings-lyrics,PARTYNEXTDOOR,Travis Scott
No Games,,2013.0,213197,https://genius.com/Rick-ross-no-games-lyrics,Rick Ross,Future
No Justice,,,6052819,https://genius.com/Tgod808-no-justice-lyrics,TGOD808,Rick Ross
No Limit (G-Mix),,2016.0,2841499,https://genius.com/Usher-no-limit-g-mix-lyrics,USHER,Travis Scott
No Limit (G-Mix),,2016.0,2841499,https://genius.com/Usher-no-limit-g-mix-lyrics,USHER,2 Chainz
No Limit (G-Mix),,2016.0,2841499,https://genius.com/Usher-no-limit-g-mix-lyrics,USHER,Gucci Mane
No Limit (G-Mix),,2016.0,2841499,https://genius.com/Usher-no-limit-g-mix-lyrics,USHER,A$AP Ferg
No Mercy,,2010.0,2374,https://genius.com/Ti-no-mercy-lyrics,T.I.,The-Dream
No More,,2018.0,4061288,https://genius.com/Metro-boomin-no-more-lyrics,Metro Boomin,Travis Scott
No More,,2018.0,4061288,https://genius.com/Metro-boomin-no-more-lyrics,Metro Boomin,Kodak Black
No More,,2018.0,4061288,https://genius.com/Metro-boomin-no-more-lyrics,Metro Boomin,21 Savage
No More For Me,,,25761,https://genius.com/Kanye-west-no-more-for-me-lyrics,Kanye West,Mark Spitz
No More Games,,,11551989,https://genius.com/Kanye-west-no-more-games-lyrics,Kanye West,Chantal Kreviazuk
No More Loving (On Women I Don’t Love),,2025.0,12316982,https://genius.com/Daniel-caesar-no-more-loving-on-women-i-dont-love-lyrics,Daniel Caesar,646yf4t
No More Parties In LA,,2024.0,11603492,https://genius.com/The-pastelle-collective-yedits-no-more-parties-in-la-lyrics,The Pastelle Collective (Yedits),Lupe Fiasco
No More Parties In LA,,2024.0,11603492,https://genius.com/The-pastelle-collective-yedits-no-more-parties-in-la-lyrics,The Pastelle Collective (Yedits),Pharrell Williams
No More Parties in LA,,2016.0,2403856,https://genius.com/Kanye-west-no-more-parties-in-la-lyrics,Kanye West,Kendrick Lamar
No Need to Worry,,2025.0,12106718,https://genius.com/Daniel-caesar-no-need-to-worry-lyrics,Daniel Caesar,Clairo
No New Friends,,2013.0,140752,https://genius.com/Dj-khaled-no-new-friends-lyrics,DJ Khaled,Rick Ross
No New Friends,,2013.0,140752,https://genius.com/Dj-khaled-no-new-friends-lyrics,DJ Khaled,Drake
No New Friends,,2013.0,140752,https://genius.com/Dj-khaled-no-new-friends-lyrics,DJ Khaled,Lil Wayne
No No No,,,4607524,https://genius.com/Kanye-west-no-no-no-lyrics,Kanye West,2 Chainz
No No No No (Travis Scott Reference),,,9655097,https://genius.com/Kanye-west-no-no-no-no-travis-scott-reference-lyrics,Kanye West,The-Dream
No No No No (Travis Scott Reference),,,9655097,https://genius.com/Kanye-west-no-no-no-no-travis-scott-reference-lyrics,Kanye West,Travis Scott
No No No No (Travis Scott Reference),,,9655097,https://genius.com/Kanye-west-no-no-no-no-travis-scott-reference-lyrics,Kanye West,2 Chainz
No Other Love,,2008.0,1106143,https://genius.com/John-legend-no-other-love-lyrics,John Legend,Estelle
No Parties In LA,,2009.0,10776500,https://genius.com/Kanye-west-no-parties-in-la-lyrics,Kanye West,Mr Hudson
No Phony Love,,2021.0,7070217,https://genius.com/Nas-no-phony-love-lyrics,Nas,Charlie Wilson
No Problem,,2016.0,2471960,https://genius.com/Chance-the-rapper-no-problem-lyrics,Chance the Rapper,2 Chainz
No Problem,,2016.0,2471960,https://genius.com/Chance-the-rapper-no-problem-lyrics,Chance the Rapper,Lil Wayne
No Reason (Version 1),,,3133700,https://genius.com/Post-malone-no-reason-version-1-lyrics,Post Malone,Kanye West
No Reason (Version 1),,,3133700,https://genius.com/Post-malone-no-reason-version-1-lyrics,Post Malone,Justin Bieber
No Sense,,2015.0,2353400,https://genius.com/Justin-bieber-no-sense-lyrics,Justin Bieber,Travis Scott
No Such Thing As White Jesus,,,2847230,https://genius.com/Nas-no-such-thing-as-white-jesus-lyrics,Nas,Frank Ocean
No Vacancy,,,10003184,https://genius.com/Travis-scott-no-vacancy-lyrics,Travis Scott,21 Savage
No hay Tiempo,,2009.0,10269936,https://genius.com/Leandro-carnarios-no-hay-tiempo-lyrics,Leandro Carnarios,Taylor Swift
No lie,,,86796,https://genius.com/Lil-wayne-no-lie-lyrics,Lil Wayne,JAŸ-Z
No. 1,,2010.0,40252,https://genius.com/Rick-ross-no-1-lyrics,Rick Ross,Diddy
Nobody,,2014.0,498150,https://genius.com/Chief-keef-nobody-lyrics,Chief Keef,Kanye West
Nobody Can Judge Me*,,,12850032,https://genius.com/James-blake-nobody-can-judge-me-lyrics,James Blake,Lil Uzi Vert
Nobody To Love [V5],,2013.0,373064,https://genius.com/Kanye-west-nobody-to-love-v5-lyrics,Kanye West,John Legend
Nobody To Love [V5],,2013.0,373064,https://genius.com/Kanye-west-nobody-to-love-v5-lyrics,Kanye West,Charlie Wilson
Nobody’s Business,,2012.0,97828,https://genius.com/Rihanna-nobodys-business-lyrics,Rihanna,Chris Brown
Nobody’s Darlin’ but Mine,,,1182492,https://genius.com/The-chieftains-nobodys-darlin-but-mine-lyrics,The Chieftains,Emmylou Harris
Nosetalgia,,2013.0,217277,https://genius.com/Pusha-t-nosetalgia-lyrics,Pusha T,Kendrick Lamar
Not For Nothing,,2022.0,7598855,https://genius.com/Rick-ross-not-for-nothing-lyrics,Rick Ross,Anderson .Paak
Not For Radio,,2018.0,3721008,https://genius.com/Nas-not-for-radio-lyrics,Nas,Diddy
Not For Radio,,2018.0,3721008,https://genius.com/Nas-not-for-radio-lyrics,Nas,070 Shake
Not Inclusived,,2023.0,12325945,https://genius.com/Kanye-west-not-inclusived-lyrics,Kanye West,Young Moose
Not Sorry,,2020.0,5055813,https://genius.com/Rich-the-kid-not-sorry-lyrics,Rich The Kid,Nicki Minaj
Not That Guy,,,8022338,https://genius.com/Kaycyy-not-that-guy-lyrics,KayCyy,Swizz Beatz
Not That Guy,,,8022338,https://genius.com/Kaycyy-not-that-guy-lyrics,KayCyy,Travis Scott
Not The Same,,2024.0,10679319,https://genius.com/The-pastelle-collective-yedits-not-the-same-lyrics,The Pastelle Collective (Yedits),Shir’e
Not The Same,,2024.0,10679319,https://genius.com/The-pastelle-collective-yedits-not-the-same-lyrics,The Pastelle Collective (Yedits),Rick Ross
Not The Same (Black Bruce Wayne) [Original],,,9304449,https://genius.com/Kanye-west-not-the-same-black-bruce-wayne-original-lyrics,Kanye West,Shire Sha-ray
Not the Same,,,441182,https://genius.com/Kanye-west-not-the-same-lyrics,Kanye West,Shire Sha-ray
Note To Self,,2020.0,5768324,https://genius.com/Jim-e-stack-note-to-self-lyrics,Jim-E Stack,Empress Of
Nothing Breaks Like a Heart,,2018.0,4108014,https://genius.com/Mark-ronson-nothing-breaks-like-a-heart-lyrics,Mark Ronson,Miley Cyrus
Nothing But Net,,2015.0,691606,https://genius.com/Travis-scott-nothing-but-net-lyrics,Travis Scott,Young Thug
Nothing But Net,,2015.0,691606,https://genius.com/Travis-scott-nothing-but-net-lyrics,Travis Scott,PARTYNEXTDOOR
Nothing New (Taylor’s Version) [From the Vault],,2021.0,4809175,https://genius.com/Taylor-swift-nothing-new-taylors-version-from-the-vault-lyrics,Taylor Swift,Phoebe Bridgers
Novacane,,2011.0,7180224,https://genius.com/Aasim-novacane-lyrics,Aasim,Frank Ocean
Now That I’m Paid,,2012.0,70414,https://genius.com/The-game-now-that-im-paid-lyrics,The Game,Rick Ross
Number One,,2005.0,32657,https://genius.com/John-legend-number-one-lyrics,John Legend,Kanye West
OMG (2025),,2025.0,12415100,https://genius.com/Young-thug-omg-2025-lyrics,Young Thug,Travis Scott
OMG (2025),,2025.0,12415100,https://genius.com/Young-thug-omg-2025-lyrics,Young Thug,Lil Baby
OMG (2025),,2025.0,12415100,https://genius.com/Young-thug-omg-2025-lyrics,Young Thug,Future
ONE FIFTY,,,9604883,https://genius.com/Brockhampton-one-fifty-lyrics,BROCKHAMPTON,Dijon
ONE OF ME,,2021.0,4494049,https://genius.com/Lil-nas-x-one-of-me-lyrics,Lil Nas X,Elton John
OOPS (Original),,,10611962,https://genius.com/Lil-yachty-oops-original-lyrics,Lil Yachty,Chance the Rapper
OOPS (Original),,,10611962,https://genius.com/Lil-yachty-oops-original-lyrics,Lil Yachty,Kanye West
OXYGEN,,2023.0,9734166,https://genius.com/Sean-leon-oxygen-lyrics,Sean Leon,Kanye West
Oceans,,2013.0,179701,https://genius.com/Jay-z-oceans-lyrics,JAŸ-Z,Frank Ocean
October 2019 Cover: Taylor Swift,,2019.0,4880400,https://genius.com/Rolling-stone-october-2019-cover-taylor-swift-annotated,Rolling Stone,Taylor Swift
Off That,,2009.0,674,https://genius.com/Jay-z-off-that-lyrics,JAŸ-Z,Drake
Off The Corner,,2014.0,413169,https://genius.com/Meek-mill-off-the-corner-lyrics,Meek Mill,Rick Ross
Off The Grid,,2021.0,6576850,https://genius.com/Kanye-west-off-the-grid-lyrics,Kanye West,Playboi Carti
Off The Grid,,2021.0,6576850,https://genius.com/Kanye-west-off-the-grid-lyrics,Kanye West,Fivio Foreign
Off The Grid (Explicit),,,8195812,https://genius.com/Kanye-west-off-the-grid-explicit-lyrics,Kanye West,Playboi Carti
Off The Grid (Explicit),,,8195812,https://genius.com/Kanye-west-off-the-grid-explicit-lyrics,Kanye West,Fivio Foreign
Off The Grid (Reference),,,9532362,https://genius.com/2-chainz-off-the-grid-reference-lyrics,2 Chainz,Pusha T
Off the Boat,,2012.0,63068,https://genius.com/Rick-ross-off-the-boat-lyrics,Rick Ross,French Montana
Off the Grid (Pusha T Reference),,,5780848,https://genius.com/Kanye-west-off-the-grid-pusha-t-reference-lyrics,Kanye West,Pusha T
Off the Hook,,1997.0,43097,https://genius.com/Snoop-dogg-off-the-hook-lyrics,Snoop Dogg,Charlie Wilson
Oh Chet,,2026.0,13676550,https://genius.com/Jey-one-oh-chet-lyrics,Jey One,Travis Scott
Oh Me Oh My,,2016.0,2819201,https://genius.com/Dj-snake-oh-me-oh-my-lyrics,DJ Snake,Travis Scott
Oh Me Oh My,,2016.0,2819201,https://genius.com/Dj-snake-oh-me-oh-my-lyrics,DJ Snake,Quavo
"Oh Me, Oh My",,2023.0,8839917,https://genius.com/Lonnie-holley-oh-me-oh-my-lyrics,Lonnie Holley,Michael Stipe
Oh My Dis Side,,2015.0,2290819,https://genius.com/Travis-scott-oh-my-dis-side-lyrics,Travis Scott,Quavo
Oh Oh,,2004.0,1872935,https://genius.com/Melbeatz-oh-oh-lyrics,Melbeatz,Kanye West
Oil Money Gang,,2013.0,161011,https://genius.com/Rick-ross-oil-money-gang-lyrics,Rick Ross,Jadakiss
Ok Alright,,2015.0,2292711,https://genius.com/Travis-scott-ok-alright-lyrics,Travis Scott,ScHoolboy Q
Ok Ok,,2021.0,7032169,https://genius.com/Kanye-west-ok-ok-lyrics,Kanye West,Lil Yachty
Ok Ok,,2021.0,7032169,https://genius.com/Kanye-west-ok-ok-lyrics,Kanye West,Rooga
Ok Ok (Explicit),,,8451109,https://genius.com/Kanye-west-ok-ok-explicit-lyrics,Kanye West,Lil Yachty
Ok Ok (Explicit),,,8451109,https://genius.com/Kanye-west-ok-ok-explicit-lyrics,Kanye West,Rooga
Ok Ok pt 2,,2021.0,7151087,https://genius.com/Kanye-west-ok-ok-pt-2-lyrics,Kanye West,Rooga
Ok Ok pt 2,,2021.0,7151087,https://genius.com/Kanye-west-ok-ok-pt-2-lyrics,Kanye West,Shenseea
Ok Ok pt 2 (Deluxe),,2021.0,7394477,https://genius.com/Kanye-west-ok-ok-pt-2-deluxe-lyrics,Kanye West,Shenseea
Old English,,2013.0,88670,https://genius.com/Travis-scott-old-english-lyrics,Travis Scott,King Chip
Old English,,2013.0,88670,https://genius.com/Travis-scott-old-english-lyrics,Travis Scott,Ashton Travis
On 10 in a Benz,,1999.0,40171,https://genius.com/Rhymefest-on-10-in-a-benz-lyrics,Rhymefest,Kanye West
On Creative Frustration,,2014.0,370931,https://genius.com/Kanye-west-on-creative-frustration-annotated,Kanye West,Seth Meyers
On Everything,,2017.0,3117579,https://genius.com/Dj-khaled-on-everything-lyrics,DJ Khaled,Big Sean
On Everything,,2017.0,3117579,https://genius.com/Dj-khaled-on-everything-lyrics,DJ Khaled,Rick Ross
On Everything,,2017.0,3117579,https://genius.com/Dj-khaled-on-everything-lyrics,DJ Khaled,Travis Scott
On Fleek,,2019.0,4333869,https://genius.com/Offset-on-fleek-lyrics,Offset,Quavo
On Hurricane Katrina,,2005.0,566572,https://genius.com/Kanye-west-on-hurricane-katrina-annotated,Kanye West,Mike Myers
On Me,,2019.0,5092817,https://genius.com/Mulherin-on-me-lyrics,Mulherin,Dijon
On My Own,,2011.0,51987,https://genius.com/Consequence-on-my-own-lyrics,Consequence,Kid Cudi
On My Vibe,,2015.0,2280398,https://genius.com/Lil-duke-on-my-vibe-lyrics,Lil Duke,Travis Scott
"On Paparazzi, Celebrities, and Activists",,2008.0,371151,https://genius.com/Kanye-west-on-paparazzi-celebrities-and-activists-annotated,Kanye West,Conan O’Brien
On Sight (King Louie Ref),,,11932315,https://genius.com/Kanye-west-on-sight-king-louie-ref-lyrics,Kanye West,King Louie
On The Run,,2005.0,310822,https://genius.com/Bump-j-on-the-run-lyrics,Bump J,Rick James
On To The Next One,,2009.0,764,https://genius.com/Jay-z-on-to-the-next-one-lyrics,JAŸ-Z,Swizz Beatz
On Wrong Side,,2023.0,9419948,https://genius.com/Ilsey-on-wrong-side-lyrics,Ilsey,Bon Iver
On the Run,,2009.0,839614,https://genius.com/The-flaming-lips-on-the-run-lyrics,The Flaming Lips,Stardeath And White Dwarfs
On the Run,,2009.0,839614,https://genius.com/The-flaming-lips-on-the-run-lyrics,The Flaming Lips,Henry Rollins
Once In A While (Murder),,2013.0,151854,https://genius.com/French-montana-once-in-a-while-murder-lyrics,French Montana,Max B
Once Upon a Poolside,,2023.0,8714082,https://genius.com/The-national-once-upon-a-poolside-lyrics,The National,Sufjan Stevens
One Hand in the Air,,2014.0,13357233,https://genius.com/Manfred-mann-one-hand-in-the-air-lyrics,Manfred Mann,Kanye West
One Man Can Change the World,,2015.0,701664,https://genius.com/Big-sean-one-man-can-change-the-world-lyrics,Big Sean,John Legend
One Man Can Change the World,,2015.0,701664,https://genius.com/Big-sean-one-man-can-change-the-world-lyrics,Big Sean,Kanye West
One Minute,,2018.0,3800901,https://genius.com/Xxxtentacion-one-minute-lyrics,XXXTENTACION,Kanye West
One More Chance,,2016.0,2843636,https://genius.com/Salute-one-more-chance-lyrics,salute,DRAM
One More Day,,2018.0,3529371,https://genius.com/Snoop-dogg-one-more-day-lyrics,Snoop Dogg,Charlie Wilson
One Of A Kind,,,64799,https://genius.com/Gucci-mane-one-of-a-kind-lyrics,Gucci Mane,Rick Ross
One Shot,,2020.0,6006398,https://genius.com/Jim-e-stack-one-shot-lyrics,Jim-E Stack,Bearface
One of Us,,2015.0,2371931,https://genius.com/Rick-ross-one-of-us-lyrics,Rick Ross,Nas
Only,,2014.0,555359,https://genius.com/Nicki-minaj-only-lyrics,Nicki Minaj,Chris Brown
Only,,2014.0,555359,https://genius.com/Nicki-minaj-only-lyrics,Nicki Minaj,Drake
Only,,2014.0,555359,https://genius.com/Nicki-minaj-only-lyrics,Nicki Minaj,Lil Wayne
Only (Target Version),,2014.0,7705087,https://genius.com/Nicki-minaj-only-target-version-lyrics,Nicki Minaj,Chris Brown
Only (Target Version),,2014.0,7705087,https://genius.com/Nicki-minaj-only-target-version-lyrics,Nicki Minaj,Lil Wayne
Only (Target Version),,2014.0,7705087,https://genius.com/Nicki-minaj-only-target-version-lyrics,Nicki Minaj,Drake
Only 1 (Interlude),,2018.0,4061279,https://genius.com/Metro-boomin-only-1-interlude-lyrics,Metro Boomin,Travis Scott
Only For the Night (Early Kanye Version),,,12795637,https://genius.com/Kanye-west-only-for-the-night-early-kanye-version-lyrics,Kanye West,Brenda Russell
Only One,,2014.0,657936,https://genius.com/Kanye-west-only-one-lyrics,Kanye West,Paul McCartney
Only in America: It Feels Like This,,2022.0,8377966,https://genius.com/Matthew-e-white-only-in-america-it-feels-like-this-lyrics,Matthew E. White,Lonnie Holley
Ooh Drama,,,43788,https://genius.com/Stat-quo-ooh-drama-lyrics,Stat Quo,Kanye West
Ooo NaNa (DAYS BEFORE BIRDS),,2016.0,11416484,https://genius.com/Travis-scott-ooo-nana-days-before-birds-lyrics,Travis Scott,Young Thug
Ooo Nana,,,2399215,https://genius.com/Travis-scott-ooo-nana-lyrics,Travis Scott,Young Thug
Open Arms,,2022.0,8616833,https://genius.com/Sza-open-arms-lyrics,SZA,Travis Scott
Open Door,,,5411100,https://genius.com/Frank-ocean-open-door-lyrics,Frank Ocean,Nicki Minaj
Open Letter (Battlefield),,2012.0,190879,https://genius.com/Kb-open-letter-battlefield-lyrics,KB,Trip Lee
Open Letter (Battlefield),,2012.0,190879,https://genius.com/Kb-open-letter-battlefield-lyrics,KB,Lil Animus
Ops Block (Remote Control Freestyle),,,8341256,https://genius.com/Kanye-west-ops-block-remote-control-freestyle-lyrics,Kanye West,Cailin Russo
Our King,,,5780837,https://genius.com/Kanye-west-our-king-lyrics,Kanye West,Consequence
Our King,,,5780837,https://genius.com/Kanye-west-our-king-lyrics,Kanye West,2 Chainz
Our King (Consequence & KayCyy Reference),,,8326132,https://genius.com/Kanye-west-our-king-consequence-and-kaycyy-reference-lyrics,Kanye West,KayCyy
Our King (Consequence & KayCyy Reference),,,8326132,https://genius.com/Kanye-west-our-king-consequence-and-kaycyy-reference-lyrics,Kanye West,Consequence
Out Here Grindin (Single Version),,2008.0,1828774,https://genius.com/Dj-khaled-out-here-grindin-single-version-lyrics,DJ Khaled,Trick Daddy
Out Here Grindin (Single Version),,2008.0,1828774,https://genius.com/Dj-khaled-out-here-grindin-single-version-lyrics,DJ Khaled,Jeezy
Out Here Grindin (Single Version),,2008.0,1828774,https://genius.com/Dj-khaled-out-here-grindin-single-version-lyrics,DJ Khaled,Rick Ross
Out Here Grindin’,,2008.0,17376,https://genius.com/Dj-khaled-out-here-grindin-lyrics,DJ Khaled,Rick Ross
Out Here Grindin’,,2008.0,17376,https://genius.com/Dj-khaled-out-here-grindin-lyrics,DJ Khaled,Trick Daddy
Out Here Grindin’ (Mega Mix),,2008.0,8596044,https://genius.com/Dj-khaled-out-here-grindin-mega-mix-lyrics,DJ Khaled,Rick Ross
Out Here Grindin’ (Mega Mix),,2008.0,8596044,https://genius.com/Dj-khaled-out-here-grindin-mega-mix-lyrics,DJ Khaled,Trick Daddy
Out Here Grindin’ (Mega Mix),,2008.0,8596044,https://genius.com/Dj-khaled-out-here-grindin-mega-mix-lyrics,DJ Khaled,Lil Wayne
Out of My Mind,,2012.0,72459,https://genius.com/Bob-out-of-my-mind-lyrics,B.o.B,Nicki Minaj
Outlaw Blues / Three Angels,,2025.0,11395162,https://genius.com/Timothee-chalamet-outlaw-blues-three-angels-lyrics,Timothée Chalamet,James Blake
Outlawz,,2021.0,7358878,https://genius.com/Rick-ross-outlawz-lyrics,Rick Ross,21 Savage
Over the moon,,,6046687,https://genius.com/Paul-mccartney-over-the-moon-lyrics,Paul McCartney,Nicki Minaj
Overdue,,2018.0,4061271,https://genius.com/Metro-boomin-overdue-lyrics,Metro Boomin,Travis Scott
Overload,,2016.0,2922013,https://genius.com/John-legend-overload-lyrics,John Legend,Miguel
Overnight Celebrity,,2004.0,46549,https://genius.com/Twista-overnight-celebrity-lyrics,Twista,Kanye West
Overreact,,2002.0,362949,https://genius.com/Kanye-west-overreact-lyrics,Kanye West,Consequence
PABLO,,2025.0,5094087,https://genius.com/Ye-pablo-lyrics,Ye,Travis Scott
PABLO,,2025.0,5094087,https://genius.com/Ye-pablo-lyrics,Ye,Future
PABLO,,2025.0,5094087,https://genius.com/Ye-pablo-lyrics,Ye,Marilyn Manson
PABLO (2022 G.O.O.D. Fridays Mix),,,10856696,https://genius.com/Ye-pablo-2022-good-fridays-mix-lyrics,Ye,Travis Scott
PABLO (2022 G.O.O.D. Fridays Mix),,,10856696,https://genius.com/Ye-pablo-2022-good-fridays-mix-lyrics,Ye,Future
PABLO (2022 G.O.O.D. Fridays Mix),,,10856696,https://genius.com/Ye-pablo-2022-good-fridays-mix-lyrics,Ye,Marilyn Manson
PABLO (Baby Keem Reference),,,8871567,https://genius.com/Ye-pablo-baby-keem-reference-lyrics,Ye,Baby Keem
PABLO (Post-2.22.22),,,11491705,https://genius.com/Ye-pablo-post-22222-lyrics,Ye,Travis Scott
PABLO (Post-2.22.22),,,11491705,https://genius.com/Ye-pablo-post-22222-lyrics,Ye,Future
PABLO (Post-2.22.22),,,11491705,https://genius.com/Ye-pablo-post-22222-lyrics,Ye,Marilyn Manson
PABLO [V38],,,9008407,https://genius.com/Ye-pablo-v38-lyrics,Ye,Travis Scott
PABLO [V38],,,9008407,https://genius.com/Ye-pablo-v38-lyrics,Ye,Future
PAPERWORK,,2024.0,9810267,https://genius.com/Kanye-west-and-ty-dolla-sign-paperwork-lyrics,"¥$, Kanye West & Ty Dolla $ign",Quavo
PARASAIL,,2023.0,9368501,https://genius.com/Travis-scott-parasail-lyrics,Travis Scott,Yung Lean
PARASAIL,,2023.0,9368501,https://genius.com/Travis-scott-parasail-lyrics,Travis Scott,Dave Chappelle
PAY PER VIEW (Young Moose Reference 1),,,11121047,https://genius.com/Kanye-west-and-ty-dolla-sign-pay-per-view-young-moose-reference-1-lyrics,"¥$, Kanye West & Ty Dolla $ign",Young Moose
PAY PER VIEW (Young Moose Reference 2),,,11065063,https://genius.com/Kanye-west-and-ty-dolla-sign-pay-per-view-young-moose-reference-2-lyrics,"¥$, Kanye West & Ty Dolla $ign",Young Moose
PEOPLE LIKE ME,,2025.0,12066277,https://genius.com/King-combs-people-like-me-lyrics,King Combs,Ye
PEOPLE LIKE ME [V8],,2025.0,12509222,https://genius.com/Ye-people-like-me-v8-lyrics,Ye,King Combs
PETITE,,2025.0,12382222,https://genius.com/Ant-clemons-petite-lyrics,Ant Clemons,Ty Dolla $ign
PIECES,,2020.0,5238969,https://genius.com/Ethan-ross-pieces-lyrics,Ethan Ross,Lil Animus
PRAY,,,10669084,https://genius.com/Kanye-west-and-ty-dolla-sign-pray-lyrics,"¥$, Kanye West & Ty Dolla $ign",Kanye West
PRESSURE,,,13763301,https://genius.com/Kanye-west-pressure-lyrics,Kanye West,KIRBY
PRESSURE,,,13763301,https://genius.com/Kanye-west-pressure-lyrics,Kanye West,Travis Scott
PROBLEMATIC (Sasha Hashemi Reference),,,13665489,https://genius.com/Kanye-west-and-ty-dolla-sign-problematic-sasha-hashemi-reference-lyrics,"¥$, Kanye West & Ty Dolla $ign",Rooga
PTA,,,564494,https://genius.com/Lil-animus-pta-lyrics,Lil Animus,Jay Lavita
PUPPET,,2019.0,4544034,https://genius.com/Tyler-the-creator-puppet-lyrics,"Tyler, The Creator",Kanye West
Pacha On Acid / goosebumps / Raise Your Head / It Goes Like (Mixed),,2021.0,10877015,https://genius.com/Afrojack-travis-scott-and-alesso-pacha-on-acid-goosebumps-raise-your-head-it-goes-like-mixed-lyrics,AFROJACK,Kendrick Lamar
Pacific Coast Highway,,2013.0,137643,https://genius.com/Sean-leon-pacific-coast-highway-lyrics,Sean Leon,Daniel Caesar
Pack Loud,,,3817162,https://genius.com/Wiz-khalifa-pack-loud-lyrics,Wiz Khalifa,French Montana
Pack Loud,,,3817162,https://genius.com/Wiz-khalifa-pack-loud-lyrics,Wiz Khalifa,Travis Scott
Pad Thai,,2017.0,3018637,https://genius.com/Tjani-pad-thai-lyrics,TJANI,Gracie Abrams
Padded Walls,,,11786962,https://genius.com/Kanye-west-padded-walls-lyrics,Kanye West,Azealia Banks
Padded Walls [V4],,2013.0,13235602,https://genius.com/Kanye-west-padded-walls-v4-lyrics,Kanye West,Azealia Banks
Pain,,2012.0,91795,https://genius.com/Pusha-t-pain-lyrics,Pusha T,Future
Palm Trees,,2015.0,2383406,https://genius.com/Preme-palm-trees-lyrics,Preme,Travis Scott
Panera Bread,,2013.0,140879,https://genius.com/Rockie-fresh-panera-bread-lyrics,Rockie Fresh,Rick Ross
Paperwork (DaBaby Reference),,,12868245,https://genius.com/Kanye-west-and-ty-dolla-sign-paperwork-dababy-reference-lyrics,"¥$, Kanye West & Ty Dolla $ign",DaBaby
Parade,,2016.0,11416717,https://genius.com/Travis-scott-parade-lyrics,Travis Scott,Gizzle
Paradise,,2015.0,2342908,https://genius.com/Daniel-caesar-paradise-lyrics,Daniel Caesar,Sean Leon
Paradise,,2015.0,2342908,https://genius.com/Daniel-caesar-paradise-lyrics,Daniel Caesar,BADBADNOTGOOD
Paradise (Jeremih Cover),,,5123896,https://genius.com/Sunday-service-choir-paradise-jeremih-cover-lyrics,Sunday Service Choir,Kanye West
Paranoid,,2008.0,2416,https://genius.com/Kanye-west-paranoid-lyrics,Kanye West,Mr Hudson
Part II (On the Run),,2013.0,180511,https://genius.com/Jay-z-part-ii-on-the-run-lyrics,JAŸ-Z,Beyoncé
Party,,2011.0,50828,https://genius.com/Beyonce-party-lyrics,Beyoncé,André 3000
Party (Explicit),,2011.0,12551446,https://genius.com/Beyonce-party-explicit-lyrics,Beyoncé,André 3000
Party 101,,2015.0,2312407,https://genius.com/Audio-push-party-101-lyrics,Audio Push,Travis Scott
Party Till,,,2475117,https://genius.com/Mustard-party-till-lyrics,Mustard,Travis Scott
PartyIsntOver/Campfire/Bimmer,,2013.0,118362,https://genius.com/Tyler-the-creator-partyisntover-campfire-bimmer-lyrics,"Tyler, The Creator",Frank Ocean
Past Three O’Clock,,,1989414,https://genius.com/The-chieftains-past-three-oclock-lyrics,The Chieftains,The Renaissance Singers
Payback,,,11005588,https://genius.com/Kanye-west-payback-lyrics,Kanye West,Timmy G
Payback,,,11005588,https://genius.com/Kanye-west-payback-lyrics,Kanye West,Sly Polaroid
Peace Sword (Open Your Heart),,2013.0,506939,https://genius.com/The-flaming-lips-peace-sword-open-your-heart-lyrics,The Flaming Lips,TOBACCO
Peace and Love (Two Words),,,2473334,https://genius.com/Kanye-west-and-a-trak-peace-and-love-two-words-lyrics,Kanye West,Mandrill
Peace of Mind Pt.2,,,7152959,https://genius.com/Skepta-peace-of-mind-pt2-lyrics,Skepta,Kanye West
Peaches,,2021.0,6326342,https://genius.com/Justin-bieber-peaches-lyrics,Justin Bieber,Daniel Caesar
Peaches N Cream,,2015.0,694992,https://genius.com/Snoop-dogg-peaches-n-cream-lyrics,Snoop Dogg,Charlie Wilson
Peggy Gordon,,2012.0,1861991,https://genius.com/The-chieftains-peggy-gordon-lyrics,The Chieftains,The Secret Sisters
Penthouse Floor,,2016.0,2905400,https://genius.com/John-legend-penthouse-floor-lyrics,John Legend,Chance the Rapper
Perfect,,2004.0,43053,https://genius.com/Snoop-dogg-perfect-lyrics,Snoop Dogg,Charlie Wilson
Persecución de Villa,,2010.0,5673432,https://genius.com/The-chieftains-persecucion-de-villa-lyrics,The Chieftains,Mariachi Santa Fe de Jesus Guzman
Person of the Year 2023: Taylor Swift,,2023.0,9810450,https://genius.com/Time-magazine-person-of-the-year-2023-taylor-swift-annotated,TIME Magazine,Taylor Swift
Personality,,2015.0,2268480,https://genius.com/Lil-dicky-personality-lyrics,Lil Dicky,T-Pain
Perspective,,,4079572,https://genius.com/Lil-animus-perspective-lyrics,Lil Animus,Seazyn
Pets,,,7393492,https://genius.com/Chance-the-rapper-pets-lyrics,Chance the Rapper,Daniel Caesar
Petty Too (Original),,,8834647,https://genius.com/Lil-durk-petty-too-original-lyrics,Lil Durk,Kanye West
Petty Too (Original),,,8834647,https://genius.com/Lil-durk-petty-too-original-lyrics,Lil Durk,Future
Pharoah,,2019.0,12132596,https://genius.com/Kanye-west-pharoah-lyrics,Kanye West,VIC MENSA
Pick Me Up,,2022.0,7639586,https://genius.com/James-blake-pick-me-up-lyrics,James Blake,Labrinth
Picture Me,,,11862078,https://genius.com/Travis-scott-picture-me-lyrics,Travis Scott,Lil Uzi Vert
Picture Me Mobbin,,2016.0,2934512,https://genius.com/Ti-picture-me-mobbin-lyrics,T.I.,The-Dream
Pink Matter,,2012.0,78967,https://genius.com/Frank-ocean-pink-matter-lyrics,Frank Ocean,André 3000
Pink Skies (Album Version),,2024.0,10609592,https://genius.com/Zach-bryan-pink-skies-album-version-lyrics,Zach Bryan,Watchhouse
Pinky Ring,,2017.0,3261766,https://genius.com/Lil-pump-pinky-ring-lyrics,Lil Pump,Rick Ross
Pinky Ring,,2017.0,3261766,https://genius.com/Lil-pump-pinky-ring-lyrics,Lil Pump,Smokepurpp
Pipe Down,,2025.0,12468377,https://genius.com/Young-thug-pipe-down-lyrics,Young Thug,Travis Scott
Piss On Your Grave,,2015.0,2290808,https://genius.com/Travis-scott-piss-on-your-grave-lyrics,Travis Scott,Kanye West
Piss on Your Grave (Reference),,,4779269,https://genius.com/Price-piss-on-your-grave-reference-lyrics,PRICE,Kanye West
Places And Spaces I’ve Been Excerpt,,,371839,https://genius.com/Pharrell-williams-places-and-spaces-ive-been-excerpt-lyrics,Pharrell Williams,Kanye West
Plane Trees,,2024.0,10506675,https://genius.com/Omar-apollo-plane-trees-lyrics,Omar Apollo,Mustafa
Plastic,,2008.0,39774,https://genius.com/Really-doe-plastic-lyrics,Really Doe,Kanye West
Play Your Part,,2010.0,2874,https://genius.com/Rick-ross-play-your-part-lyrics,Rick Ross,Meek Mill
Play Your Part,,2010.0,2874,https://genius.com/Rick-ross-play-your-part-lyrics,Rick Ross,Wale
Playa’s Ball,,2019.0,4670501,https://genius.com/Bj-the-chicago-kid-playas-ball-lyrics,BJ the Chicago Kid,Rick Ross
Playing For Keeps*,,,5549286,https://genius.com/Offset-playing-for-keeps-lyrics,Offset,Travis Scott
Please Do Not Lean,,2022.0,7911508,https://genius.com/Daniel-caesar-please-do-not-lean-lyrics,Daniel Caesar,BADBADNOTGOOD
Please dont runaway // “stay with me”,,2018.0,4331081,https://genius.com/Ryotabu-please-dont-runaway-stay-with-me-lyrics,Ryotabu,Gracie Abrams
Pledge Allegiance,,2010.0,4659,https://genius.com/Ti-pledge-allegiance-lyrics,T.I.,Rick Ross
Poet (DAYS BEFORE BIRDS),,2016.0,11416569,https://genius.com/Travis-scott-poet-days-before-birds-lyrics,Travis Scott,Bibi Bourelly
Poet (DAYS BEFORE BIRDS),,2016.0,11416569,https://genius.com/Travis-scott-poet-days-before-birds-lyrics,Travis Scott,Gizzle
Poor Decisions,,2013.0,160756,https://genius.com/Wale-poor-decisions-lyrics,Wale,Rick Ross
Poor Decisions,,2013.0,160756,https://genius.com/Wale-poor-decisions-lyrics,Wale,Lupe Fiasco
Pop Style (Single Version),,2016.0,2450579,https://genius.com/Drake-pop-style-single-version-lyrics,Drake,JAŸ-Z
Pop Style (Single Version),,2016.0,2450579,https://genius.com/Drake-pop-style-single-version-lyrics,Drake,Kanye West
Pop That,,2012.0,75898,https://genius.com/French-montana-pop-that-lyrics,French Montana,Drake
Pop That,,2012.0,75898,https://genius.com/French-montana-pop-that-lyrics,French Montana,Lil Wayne
Pop That,,2012.0,75898,https://genius.com/French-montana-pop-that-lyrics,French Montana,Rick Ross
Poppin’ Tags,,2002.0,24519,https://genius.com/Jay-z-poppin-tags-lyrics,JAŸ-Z,Twista
Portland,,2017.0,3028687,https://genius.com/Drake-portland-lyrics,Drake,Quavo
Portland,,2017.0,3028687,https://genius.com/Drake-portland-lyrics,Drake,Travis Scott
Pose In Formation,,2016.0,2936086,https://genius.com/Rihanna-pose-in-formation-lyrics,Rihanna,Nicki Minaj
Pound Cake / Paris Morton Music 2,,2013.0,218330,https://genius.com/Drake-pound-cake-paris-morton-music-2-lyrics,Drake,JAŸ-Z
Pour Another Drink,,2010.0,3389612,https://genius.com/Glc-pour-another-drink-lyrics,GLC,John Legend
Power Circle,,2012.0,77972,https://genius.com/Rick-ross-power-circle-lyrics,Rick Ross,Kendrick Lamar
Power Circle,,2012.0,77972,https://genius.com/Rick-ross-power-circle-lyrics,Rick Ross,Meek Mill
Power Circle,,2012.0,77972,https://genius.com/Rick-ross-power-circle-lyrics,Rick Ross,Wale
Powerful,,2015.0,1363351,https://genius.com/Major-lazer-powerful-lyrics,Major Lazer,Ellie Goulding
Powers That Be,,2017.0,3019513,https://genius.com/Rick-ross-powers-that-be-lyrics,Rick Ross,Nas
Praise God,,2021.0,5780838,https://genius.com/Kanye-west-praise-god-lyrics,Kanye West,Travis Scott
Praise God,,2021.0,5780838,https://genius.com/Kanye-west-praise-god-lyrics,Kanye West,Baby Keem
Praise God (Original),,,9114363,https://genius.com/Pusha-t-praise-god-original-lyrics,Pusha T,Baby Keem
Praise God (Pusha T & Travis Scott Reference),,,7087154,https://genius.com/Kanye-west-praise-god-pusha-t-and-travis-scott-reference-lyrics,Kanye West,Travis Scott
Praise God (Pusha T & Travis Scott Reference),,,7087154,https://genius.com/Kanye-west-praise-god-pusha-t-and-travis-scott-reference-lyrics,Kanye West,Pusha T
Pray 4 Love,,2015.0,2291102,https://genius.com/Travis-scott-pray-4-love-lyrics,Travis Scott,The Weeknd
Pray 4 Me,,2020.0,6103844,https://genius.com/Saint-jhn-pray-4-me-lyrics,SAINt JHN,Kanye West
Pray for Real,,2020.0,5471948,https://genius.com/Peter-cottontale-pray-for-real-lyrics,Peter CottonTale,Chance the Rapper
Pray to God,,2014.0,558081,https://genius.com/Calvin-harris-pray-to-god-lyrics,Calvin Harris,HAIM
Pray to God (Calvin Harris vs. Mike Pickering Hscienda Extended Mix),,2015.0,11442395,https://genius.com/Calvin-harris-pray-to-god-calvin-harris-vs-mike-pickering-hscienda-extended-mix-lyrics,Calvin Harris,HAIM
Prayer,,2019.0,13755313,https://genius.com/Ye-kanye-west-and-momo-boyd-prayer-lyrics,Ye,Bon Iver
Prayers Up,,2017.0,3120229,https://genius.com/Calvin-harris-prayers-up-lyrics,Calvin Harris,Travis Scott
Praying for a Change,,2021.0,9797357,https://genius.com/Daniel-larson-praying-for-a-change-lyrics,Daniel Larson,Travis Scott
Pre [V1],,2012.0,10088683,https://genius.com/Earl-sweatshirt-pre-v1-lyrics,Earl Sweatshirt,Frank Ocean
Press Conference,,2012.0,212823,https://genius.com/Nicki-minaj-press-conference-annotated,Nicki Minaj,Charlamagne Tha God
Press Play,,2024.0,9937512,https://genius.com/Nicki-minaj-press-play-lyrics,Nicki Minaj,Future
Pressure,,2006.0,805,https://genius.com/Lupe-fiasco-pressure-lyrics,Lupe Fiasco,JAŸ-Z
Pretty Green,,2007.0,1404880,https://genius.com/Mark-ronson-pretty-green-lyrics,Mark Ronson,Santigold
Pretty Little Girl,,2012.0,1849701,https://genius.com/The-chieftains-pretty-little-girl-lyrics,The Chieftains,Carolina Chocolate Drops
Pride n Joy,,2012.0,75260,https://genius.com/Fat-joe-pride-n-joy-lyrics,Fat Joe,Kanye West
Pride n Joy,,2012.0,75260,https://genius.com/Fat-joe-pride-n-joy-lyrics,Fat Joe,Miguel
Pride n Joy,,2012.0,75260,https://genius.com/Fat-joe-pride-n-joy-lyrics,Fat Joe,Jadakiss
Pride n Joy,,2012.0,75260,https://genius.com/Fat-joe-pride-n-joy-lyrics,Fat Joe,Yasiin Bey
Pride n Joy,,2012.0,75260,https://genius.com/Fat-joe-pride-n-joy-lyrics,Fat Joe,DJ Khaled
Pride n Joy,,2012.0,75260,https://genius.com/Fat-joe-pride-n-joy-lyrics,Fat Joe,Busta Rhymes
Primal,,,6684236,https://genius.com/Lil-xero-primal-lyrics,Lil Xero,Daniel Caesar
Primal,,,6684236,https://genius.com/Lil-xero-primal-lyrics,Lil Xero,T-Pain
Princess Leia (Best Friend Version 3)*,,,11011283,https://genius.com/Juice-wrld-princess-leia-best-friend-version-3-lyrics,Juice WRLD,Nicki Minaj
Pro Nails,,2007.0,59909,https://genius.com/Kid-sister-pro-nails-lyrics,Kid Sister,Kanye West
Pro Nails (Snippet),,2007.0,4296868,https://genius.com/Kid-sister-pro-nails-snippet-lyrics,Kid Sister,Kanye West
Problem Child,,,9518567,https://genius.com/Playboi-carti-problem-child-lyrics,Playboi Carti,Travis Scott
Problematic (Rooga Reference),,,10523163,https://genius.com/Kanye-west-problematic-rooga-reference-lyrics,Kanye West,Rooga
Professional Rapper,,2015.0,2268519,https://genius.com/Lil-dicky-professional-rapper-lyrics,Lil Dicky,Snoop Dogg
Prom Day,,,13058402,https://genius.com/Daniel-caesar-prom-day-lyrics,Daniel Caesar,Justin Bieber
Prom Song 13th Century (Frankie & Johnny),,,2829126,https://genius.com/The-national-prom-song-13th-century-frankie-and-johnny-lyrics,The National,St. Vincent
Promise Land,,2009.0,29850,https://genius.com/Malik-yusef-promise-land-lyrics,Malik Yusef,Adam Levine
Promise Land,,2009.0,29850,https://genius.com/Malik-yusef-promise-land-lyrics,Malik Yusef,Kanye West
Promised Land,,,1797423,https://genius.com/Malik-yusef-promised-land-lyrics,Malik Yusef,Adam Levine
Promised Land,,,1797423,https://genius.com/Malik-yusef-promised-land-lyrics,Malik Yusef,Kanye West
Promised Land Pt.1,,,6592305,https://genius.com/Kanye-west-promised-land-pt1-lyrics,Kanye West,Malik Yusef
Pt. 2,,2016.0,2421998,https://genius.com/Kanye-west-pt-2-lyrics,Kanye West,Desiigner
Public Service Announcement (The Grey Album),,2004.0,4215021,https://genius.com/Danger-mouse-public-service-announcement-the-grey-album-lyrics,Danger Mouse,JAŸ-Z
Pull a Caper,,2017.0,3117603,https://genius.com/Dj-khaled-pull-a-caper-lyrics,DJ Khaled,Rick Ross
Pull a Caper,,2017.0,3117603,https://genius.com/Dj-khaled-pull-a-caper-lyrics,DJ Khaled,Kodak Black
Pull a Caper,,2017.0,3117603,https://genius.com/Dj-khaled-pull-a-caper-lyrics,DJ Khaled,Gucci Mane
Punch Drunk Love,,2008.0,14427,https://genius.com/Common-punch-drunk-love-lyrics,Common,Pharrell Williams
Punch Drunk Love,,2008.0,14427,https://genius.com/Common-punch-drunk-love-lyrics,Common,Kanye West
Pure Souls,,2021.0,7029978,https://genius.com/Kanye-west-pure-souls-lyrics,Kanye West,Shenseea
Pure Souls,,2021.0,7029978,https://genius.com/Kanye-west-pure-souls-lyrics,Kanye West,Roddy Ricch
Pure Souls (Explicit),,2021.0,8451029,https://genius.com/Kanye-west-pure-souls-explicit-lyrics,Kanye West,Roddy Ricch
Pure Souls (Explicit),,2021.0,8451029,https://genius.com/Kanye-west-pure-souls-explicit-lyrics,Kanye West,Shenseea
Purity,,2018.0,3734931,https://genius.com/A-ap-rocky-purity-lyrics,A$AP Rocky,Frank Ocean
Purple Moncler (Travis Scott Stem),,,11893396,https://genius.com/Juice-wrld-purple-moncler-travis-scott-stem-lyrics,Juice WRLD,Travis Scott
Purrty Woman,,2007.0,13072727,https://genius.com/Kidz-in-the-hall-purrty-woman-lyrics,Kidz in the Hall,Kanye West
Pursuit of Happiness (Nightmare),,2009.0,401,https://genius.com/Kid-cudi-pursuit-of-happiness-nightmare-lyrics,Kid Cudi,MGMT
Pussy & Millions,,2022.0,8524057,https://genius.com/Drake-and-21-savage-pussy-and-millions-lyrics,Drake,Travis Scott
Pussy Nigga,,2009.0,404012,https://genius.com/Gucci-mane-pussy-nigga-lyrics,Gucci Mane,Nicki Minaj
Pussy Print,,2016.0,2813793,https://genius.com/Gucci-mane-pussy-print-lyrics,Gucci Mane,Kanye West
Put My Money,,2008.0,5100,https://genius.com/Lil-wayne-put-my-money-lyrics,Lil Wayne,JAŸ-Z
Put On,,2008.0,601,https://genius.com/Jeezy-put-on-lyrics,Jeezy,Kanye West
Put On (G-Mix),,2008.0,4009642,https://genius.com/Jeezy-put-on-g-mix-lyrics,Jeezy,Kanye West
Put On (G-Mix),,2008.0,4009642,https://genius.com/Jeezy-put-on-g-mix-lyrics,Jeezy,Ludacris
Put On (G-Mix),,2008.0,4009642,https://genius.com/Jeezy-put-on-g-mix-lyrics,Jeezy,JAŸ-Z
Put On (Video Version),,,2012385,https://genius.com/Jeezy-put-on-video-version-lyrics,Jeezy,Kanye West
Put Your Hands Up,,2010.0,80320,https://genius.com/Dj-khaled-put-your-hands-up-lyrics,DJ Khaled,Rick Ross
Put Your Hands Up,,2010.0,80320,https://genius.com/Dj-khaled-put-your-hands-up-lyrics,DJ Khaled,Jeezy
Quickly,,2008.0,1691531,https://genius.com/John-legend-quickly-lyrics,John Legend,Brandy
Quintana,,2013.0,132660,https://genius.com/Travis-scott-quintana-lyrics,Travis Scott,Wale
Quintana Pt. 2,,2014.0,499828,https://genius.com/Travis-scott-quintana-pt-2-lyrics,Travis Scott,T.I.
Quintessential,,2014.0,584959,https://genius.com/Rick-ross-quintessential-lyrics,Rick Ross,Snoop Dogg
R.I.P. SCREW,,2018.0,3876995,https://genius.com/Travis-scott-rip-screw-lyrics,Travis Scott,Swae Lee
RAF,,2017.0,3088199,https://genius.com/A-ap-mob-raf-lyrics,A$AP Mob,A$AP Rocky
RAF,,2017.0,3088199,https://genius.com/A-ap-mob-raf-lyrics,A$AP Mob,Playboi Carti
RAF,,2017.0,3088199,https://genius.com/A-ap-mob-raf-lyrics,A$AP Mob,Quavo
RAF,,2017.0,3088199,https://genius.com/A-ap-mob-raf-lyrics,A$AP Mob,Lil Uzi Vert
RAF,,2017.0,3088199,https://genius.com/A-ap-mob-raf-lyrics,A$AP Mob,Frank Ocean
RAID,,,10671892,https://genius.com/Travis-scott-raid-lyrics,Travis Scott,French Montana
RAID,,,10671892,https://genius.com/Travis-scott-raid-lyrics,Travis Scott,Zoey Dollaz
RAID,,,10671892,https://genius.com/Travis-scott-raid-lyrics,Travis Scott,Blac Youngsta
RD20,,2016.0,2713258,https://genius.com/Jay-z-rd20-annotated,JAŸ-Z,DJ Premier
RE(a)D,,2020.0,5930168,https://genius.com/Dua-saleh-read-lyrics,Dua Saleh,Bas
REACH THE SUNSHINE.,,2023.0,8763581,https://genius.com/Lil-yachty-reach-the-sunshine-lyrics,Lil Yachty,Daniel Caesar
RERUN,,2018.0,2894281,https://genius.com/Quavo-rerun-lyrics,Quavo,Travis Scott
RESTORE THE FEELING,,2019.0,4660979,https://genius.com/Daniel-caesar-restore-the-feeling-lyrics,Daniel Caesar,Jacob Collier
RESTORE THE FEELING,,2019.0,4660979,https://genius.com/Daniel-caesar-restore-the-feeling-lyrics,Daniel Caesar,Sean Leon
RIVER (Ty Dolla $ign Reference),,,11056270,https://genius.com/Kanye-west-river-ty-dolla-sign-reference-lyrics,Kanye West,Young Thug
RNB,,2023.0,9810907,https://genius.com/Nicki-minaj-rnb-lyrics,Nicki Minaj,Lil Wayne
RND,,,12665900,https://genius.com/The-pastelle-collective-yedits-rnd-lyrics,The Pastelle Collective (Yedits),Tyga
RUN THAT,,,11775588,https://genius.com/Aj-that-block-run-that-lyrics,Aj that block,Kendrick Lamar
RUN THAT,,,11775588,https://genius.com/Aj-that-block-run-that-lyrics,Aj that block,Travis Scott
RaRa,,2016.0,2849846,https://genius.com/Travis-scott-rara-lyrics,Travis Scott,Lil Uzi Vert
RaRa (DAYS BEFORE BIRDS),,2016.0,11416740,https://genius.com/Travis-scott-rara-days-before-birds-lyrics,Travis Scott,Lil Uzi Vert
Raf Simons for Interview Magazine,,,205974,https://genius.com/Raf-simons-raf-simons-for-interview-magazine-lyrics,Raf Simons,Kanye West
Raglan Road,,1999.0,1731344,https://genius.com/The-chieftains-raglan-road-lyrics,The Chieftains,Joan Osborne
Raid,,,5038120,https://genius.com/Blac-youngsta-raid-lyrics,Blac Youngsta,French Montana
Raid,,,5038120,https://genius.com/Blac-youngsta-raid-lyrics,Blac Youngsta,Travis Scott
Rain,,2022.0,7120739,https://genius.com/Kaycyy-rain-lyrics,KayCyy,070 Shake
Rain And Snow,,,1795647,https://genius.com/The-chieftains-rain-and-snow-lyrics,The Chieftains,The Del McCoury Band
Rain Down,,2025.0,12466484,https://genius.com/Daniel-caesar-rain-down-lyrics,Daniel Caesar,Sampha
Raining Men,,2010.0,1828,https://genius.com/Rihanna-raining-men-lyrics,Rihanna,Nicki Minaj
Rake It Up,,2017.0,3105241,https://genius.com/Yo-gotti-rake-it-up-lyrics,Yo Gotti,Nicki Minaj
Rake It Up (Mixed),,2024.0,11200354,https://genius.com/Yo-gotti-rake-it-up-mixed-lyrics,Yo Gotti,Nicki Minaj
Rap City Freestyle,,2004.0,11567145,https://genius.com/Kanye-west-rap-city-freestyle-lyrics,Kanye West,Big Tigger
Rap Song,,2010.0,3028,https://genius.com/T-pain-rap-song-lyrics,T-Pain,Rick Ross
Rari,,2020.0,5355359,https://genius.com/Octavian-rari-lyrics,Octavian,Future
Reach For The Stars,,2014.0,3461124,https://genius.com/Midi-mafia-reach-for-the-stars-lyrics,Midi Mafia,Frank Ocean
Reach For The Stars,,2014.0,3461124,https://genius.com/Midi-mafia-reach-for-the-stars-lyrics,Midi Mafia,Rockie Fresh
Reach for the Stars,,,86531,https://genius.com/Rockie-fresh-reach-for-the-stars-lyrics,Rockie Fresh,Frank Ocean
Ready to Go,,2009.0,41699,https://genius.com/Scratch-hip-hop-ready-to-go-lyrics,Scratch (Hip-Hop),Kanye West
Ready to Go,,2009.0,41699,https://genius.com/Scratch-hip-hop-ready-to-go-lyrics,Scratch (Hip-Hop),Consequence
Real,,2011.0,55106,https://genius.com/The-dream-real-lyrics,The-Dream,Pharrell Williams
Real As It Gets,,2009.0,135,https://genius.com/Jay-z-real-as-it-gets-lyrics,JAŸ-Z,Jeezy
Real As They Come,,2010.0,65635,https://genius.com/2-chainz-real-as-they-come-lyrics,2 Chainz,Lil Wayne
Real Cool,,2014.0,3137771,https://genius.com/Salute-real-cool-lyrics,salute,Vanessa Elisha
Real Friends,,2016.0,2403628,https://genius.com/Kanye-west-real-friends-lyrics,Kanye West,Ty Dolla $ign
Real Love,,2004.0,200550,https://genius.com/Rell-real-love-lyrics,Rell,Consequence
Real Love,,2004.0,200550,https://genius.com/Rell-real-love-lyrics,Rell,Kanye West
Real Love (Mix Cut),,2004.0,6708201,https://genius.com/Rell-real-love-mix-cut-lyrics,Rell,GLC
Real Love (Mix Cut),,2004.0,6708201,https://genius.com/Rell-real-love-mix-cut-lyrics,Rell,Consequence
Real Love (Mix Cut),,2004.0,6708201,https://genius.com/Rell-real-love-mix-cut-lyrics,Rell,Kanye West
Real Love (Welcome to the World Original),,2010.0,9947533,https://genius.com/Ti-real-love-welcome-to-the-world-original-lyrics,T.I.,Kanye West
Real Thing,,,12899752,https://genius.com/Kanye-west-real-thing-lyrics,Kanye West,Ty Dolla $ign
Realize,,2017.0,3040308,https://genius.com/2-chainz-realize-lyrics,2 Chainz,Nicki Minaj
Red Bottom Boss,,2012.0,70300,https://genius.com/The-game-red-bottom-boss-lyrics,The Game,Rick Ross
Red Eye,,2013.0,133893,https://genius.com/Kid-cudi-red-eye-lyrics,Kid Cudi,HAIM
Red Is the Rose,,,1227660,https://genius.com/The-chieftains-red-is-the-rose-lyrics,The Chieftains,The Ennis Sisters
Redlo (Wasten Me),,,6182977,https://genius.com/Kanye-west-redlo-wasten-me-lyrics,Kanye West,Ant Clemons
Redzone*,,,9778265,https://genius.com/Metro-boomin-redzone-lyrics,Metro Boomin,Travis Scott
Reflex,,,13078159,https://genius.com/Young-thug-reflex-lyrics,Young Thug,Lil Duke
Reflex,,,13078159,https://genius.com/Young-thug-reflex-lyrics,Young Thug,T.I.
Reflex,,,13078159,https://genius.com/Young-thug-reflex-lyrics,Young Thug,Travis Scott
Regret You,,,9816290,https://genius.com/Nicki-minaj-regret-you-lyrics,Nicki Minaj,Travis Scott
Regular,,,3964415,https://genius.com/Ty-dolla-sign-regular-lyrics,Ty Dolla $ign,MadeinTYO
Regular,,,3964415,https://genius.com/Ty-dolla-sign-regular-lyrics,Ty Dolla $ign,Travis Scott
Reign,,2019.0,4964395,https://genius.com/Quentin-miller-reign-lyrics,Quentin Miller,Ant Clemons
Remote Control,,2021.0,7016780,https://genius.com/Kanye-west-remote-control-lyrics,Kanye West,Young Thug
Remote Control (LP2 Version),,,9133130,https://genius.com/Kanye-west-remote-control-lp2-version-lyrics,Kanye West,Young Thug
Remote Control (LP2 Version),,,9133130,https://genius.com/Kanye-west-remote-control-lp2-version-lyrics,Kanye West,Kid Cudi
Remote Control (Lil Nas X Reference),,2021.0,9689608,https://genius.com/Kanye-west-remote-control-lil-nas-x-reference-lyrics,Kanye West,Lil Nas X
Remote Control pt 2,,2021.0,7149703,https://genius.com/Kanye-west-remote-control-pt-2-lyrics,Kanye West,Young Thug
Remote Control pt 2,,2021.0,7149703,https://genius.com/Kanye-west-remote-control-pt-2-lyrics,Kanye West,Kid Cudi
Renegade,,2021.0,6959851,https://genius.com/Big-red-machine-renegade-lyrics,Big Red Machine,Taylor Swift
Renegade (Pop Version),,2021.0,7112963,https://genius.com/Big-red-machine-renegade-pop-version-lyrics,Big Red Machine,Taylor Swift
Reservoir Dogs,,1998.0,1849,https://genius.com/Jay-z-reservoir-dogs-lyrics,JAŸ-Z,The LOX
Respect Me,,2012.0,96141,https://genius.com/Gucci-mane-respect-me-lyrics,Gucci Mane,Rick Ross
Restored,,2021.0,7499837,https://genius.com/Papoose-restored-lyrics,Papoose,Rick Ross
RetroSuperFuture,,2010.0,2839,https://genius.com/Rick-ross-retrosuperfuture-lyrics,Rick Ross,Wiz Khalifa
RetroSuperFuture II,,2011.0,5724,https://genius.com/Rick-ross-retrosuperfuture-ii-lyrics,Rick Ross,Wiz Khalifa
RetroSuperFuture II,,2011.0,5724,https://genius.com/Rick-ross-retrosuperfuture-ii-lyrics,Rick Ross,Wale
Retrograde,,2014.0,2163881,https://genius.com/Tony-famous-retrograde-lyrics,Tony Famous,James Blake
Revenge,,2010.0,705719,https://genius.com/Danger-mouse-and-sparklehorse-revenge-lyrics,Danger Mouse,The Flaming Lips
Revenge (Summer Sixteen Original),,,5424606,https://genius.com/Drake-revenge-summer-sixteen-original-lyrics,Drake,Kanye West
Review of Kim Burrell’s “Home”,,2010.0,276189,https://genius.com/Frank-ocean-review-of-kim-burrells-home-annotated,Frank Ocean,Kim Burrell
Revolution Come,,2017.0,3289248,https://genius.com/Kxng-crooked-revolution-come-lyrics,KXNG Crooked,Lil Animus
Revory (Wraith),,2015.0,1762077,https://genius.com/Raekwon-revory-wraith-lyrics,Raekwon,Rick Ross
Rich Forever,,2012.0,62985,https://genius.com/Rick-ross-rich-forever-lyrics,Rick Ross,John Legend
Rich Friday,,2013.0,205580,https://genius.com/Dj-clue-rich-friday-lyrics,DJ Clue,Future
Rich Friday,,2013.0,205580,https://genius.com/Dj-clue-rich-friday-lyrics,DJ Clue,French Montana
Rich Friday,,2013.0,205580,https://genius.com/Dj-clue-rich-friday-lyrics,DJ Clue,Nicki Minaj
Rich Nigga Drunk,,,3202989,https://genius.com/Kanye-west-rich-nigga-drunk-lyrics,Kanye West,Tyga
Rich Nigga Lifestyle,,2019.0,4747329,https://genius.com/Rick-ross-rich-nigga-lifestyle-lyrics,Rick Ross,Teyana Taylor
Rich Nigga Shit,,2021.0,7290748,https://genius.com/Young-thug-rich-nigga-shit-lyrics,Young Thug,Juice WRLD
Rich Porter,,2013.0,229616,https://genius.com/Meek-mill-rich-porter-lyrics,Meek Mill,Rick Ross
Rich Sex,,2018.0,3773607,https://genius.com/Nicki-minaj-rich-sex-lyrics,Nicki Minaj,Lil Wayne
Richer Than I Ever Been (OG),,,7475434,https://genius.com/Rick-ross-richer-than-i-ever-been-og-lyrics,Rick Ross,Lil Baby
Rico,,2010.0,6047,https://genius.com/Mellowhype-rico-lyrics,MellowHype,Frank Ocean
Ride Ride,,2003.0,212980,https://genius.com/William-ride-ride-lyrics,will.i.am,John Legend
Right By My Side,,2012.0,68746,https://genius.com/Nicki-minaj-right-by-my-side-lyrics,Nicki Minaj,Chris Brown
Ring Ring,,2012.0,63113,https://genius.com/Rick-ross-ring-ring-lyrics,Rick Ross,Future
Ring Ring [Extended Version],,2023.0,5676726,https://genius.com/Chase-b-and-travis-scott-ring-ring-extended-version-lyrics,CHASE B,Don Toliver
Ring Ring [Extended Version],,2023.0,5676726,https://genius.com/Chase-b-and-travis-scott-ring-ring-extended-version-lyrics,CHASE B,Quavo
Ring Ring [Extended Version],,2023.0,5676726,https://genius.com/Chase-b-and-travis-scott-ring-ring-extended-version-lyrics,CHASE B,Ty Dolla $ign
Riot*,,,9534895,https://genius.com/Drake-riot-lyrics,Drake,Roddy Ricch
Riot*,,,9534895,https://genius.com/Drake-riot-lyrics,Drake,J. Cole
Riot*,,,9534895,https://genius.com/Drake-riot-lyrics,Drake,Metro Boomin
Rise And Shine,,2012.0,11636992,https://genius.com/The-world-famous-tony-williams-rise-and-shine-lyrics,The World Famous Tony Williams,JoiStarr
Rise And Shine,,2012.0,11636992,https://genius.com/The-world-famous-tony-williams-rise-and-shine-lyrics,The World Famous Tony Williams,Malik Yusef
Road to Perdition,,2015.0,718117,https://genius.com/Jay-electronica-road-to-perdition-lyrics,Jay Electronica,JAŸ-Z
Roc-A-Fella Billionaires,,2007.0,20302,https://genius.com/Freeway-roc-a-fella-billionaires-lyrics,Freeway,JAŸ-Z
Rock N Roll,,2022.0,7919053,https://genius.com/Pusha-t-rock-n-roll-lyrics,Pusha T,Kid Cudi
Rock N Roll,,2022.0,7919053,https://genius.com/Pusha-t-rock-n-roll-lyrics,Pusha T,Kanye West
Rock Star,,,473950,https://genius.com/Future-rock-star-lyrics,Future,Nicki Minaj
Rock Steady,,2001.0,5911555,https://genius.com/Mary-j-blige-rock-steady-lyrics,Mary J. Blige,JAŸ-Z
Rock The Mic Freestyle,,,221293,https://genius.com/Kanye-west-rock-the-mic-freestyle-lyrics,Kanye West,Teefa
Rockstar Made (Original),,,8247476,https://genius.com/Playboi-carti-rockstar-made-original-lyrics,Playboi Carti,Travis Scott
"Rocky, Ferg and Kanye Freestyle",,2018.0,3858994,https://genius.com/Awge-rocky-ferg-and-kanye-freestyle-lyrics,AWGE,A$AP Rocky
"Rocky, Ferg and Kanye Freestyle",,2018.0,3858994,https://genius.com/Awge-rocky-ferg-and-kanye-freestyle-lyrics,AWGE,A$AP Ferg
"Rocky, Ferg and Kanye Freestyle",,2018.0,3858994,https://genius.com/Awge-rocky-ferg-and-kanye-freestyle-lyrics,AWGE,Kanye West
Rodeo Tour Dates,,,691613,https://genius.com/Travis-scott-rodeo-tour-dates-lyrics,Travis Scott,Young Thug
Roll in Peace (Original),,2017.0,3229679,https://genius.com/Kodak-black-roll-in-peace-original-lyrics,Kodak Black,Travis Scott
Rollin’,,2012.0,100715,https://genius.com/The-game-rollin-lyrics,The Game,Kanye West
Rollin’,,2012.0,100715,https://genius.com/The-game-rollin-lyrics,The Game,Trae tha Truth
Rollin’,,2012.0,100715,https://genius.com/The-game-rollin-lyrics,The Game,Paul Wall
Rolls Royce Bitch (Feat. Frank Ocean),,2017.0,9920422,https://genius.com/2-chainz-rolls-royce-bitch-feat-frank-ocean-lyrics,2 Chainz,Frank Ocean
Rolls Royce Bitch (Freestyle),,2017.0,3214418,https://genius.com/Frank-ocean-rolls-royce-bitch-freestyle-lyrics,Frank Ocean,2 Chainz
Rolls-Royce Wraith (Skit 1),,2017.0,3002879,https://genius.com/Frank-ocean-rolls-royce-wraith-skit-1-annotated,Frank Ocean,Federico Aliprandi
Roman Reloaded,,2012.0,66564,https://genius.com/Nicki-minaj-roman-reloaded-lyrics,Nicki Minaj,Lil Wayne
Roommates,,,709776,https://genius.com/Kanye-west-roommates-lyrics,Kanye West,Consequence
Rope Swing,,2020.0,5259492,https://genius.com/Zack-villere-rope-swing-lyrics,Zack Villere,Dijon
Rosary,,2026.0,13042705,https://genius.com/Don-toliver-rosary-lyrics,Don Toliver,Travis Scott
Rotation,,2013.0,168071,https://genius.com/Wale-rotation-lyrics,Wale,Wiz Khalifa
Rotation,,2013.0,168071,https://genius.com/Wale-rotation-lyrics,Wale,2 Chainz
Rounds,,2022.0,8269240,https://genius.com/John-legend-rounds-lyrics,John Legend,Rick Ross
Routine,,2019.0,3445830,https://genius.com/Wale-routine-lyrics,Wale,Rick Ross
Routine,,2019.0,3445830,https://genius.com/Wale-routine-lyrics,Wale,Meek Mill
Rubber Bands,,,179665,https://genius.com/Juicy-j-rubber-bands-lyrics,Juicy J,Rick Ross
Rule The World,,,8303401,https://genius.com/Kanye-west-rule-the-world-lyrics,Kanye West,Miley Cyrus
Rule The World,,,8303401,https://genius.com/Kanye-west-rule-the-world-lyrics,Kanye West,Travis Scott
Run (Taylor’s Version) [From the Vault],,2021.0,7076623,https://genius.com/Taylor-swift-run-taylors-version-from-the-vault-lyrics,Taylor Swift,Ed Sheeran
Run This Town,,2009.0,74,https://genius.com/Jay-z-run-this-town-lyrics,JAŸ-Z,Kanye West
Run This Town,,2009.0,74,https://genius.com/Jay-z-run-this-town-lyrics,JAŸ-Z,Rihanna
Run Up,,2017.0,2925253,https://genius.com/Major-lazer-run-up-lyrics,Major Lazer,PARTYNEXTDOOR
Run Up,,2017.0,2925253,https://genius.com/Major-lazer-run-up-lyrics,Major Lazer,Nicki Minaj
Run Up (Alternate Version),,2017.0,5353618,https://genius.com/Major-lazer-run-up-alternate-version-lyrics,Major Lazer,PARTYNEXTDOOR
Run Up (Alternate Version),,2017.0,5353618,https://genius.com/Major-lazer-run-up-alternate-version-lyrics,Major Lazer,Nicki Minaj
Run Up [Mixed],,2021.0,10252362,https://genius.com/Major-lazer-run-up-mixed-lyrics,Major Lazer,PARTYNEXTDOOR
Run Up [Mixed],,2021.0,10252362,https://genius.com/Major-lazer-run-up-mixed-lyrics,Major Lazer,Nicki Minaj
Runaway,,2010.0,1295,https://genius.com/Kanye-west-runaway-lyrics,Kanye West,Pusha T
Runaway (Film),,2010.0,7110702,https://genius.com/Kanye-west-runaway-film-lyrics,Kanye West,Nicki Minaj
Runaway (Film),,2010.0,7110702,https://genius.com/Kanye-west-runaway-film-lyrics,Kanye West,Justin Vernon
Runaway (Film),,2010.0,7110702,https://genius.com/Kanye-west-runaway-film-lyrics,Kanye West,Kid Cudi
Runaway (Film),,2010.0,7110702,https://genius.com/Kanye-west-runaway-film-lyrics,Kanye West,Rihanna
Runaway (Film),,2010.0,7110702,https://genius.com/Kanye-west-runaway-film-lyrics,Kanye West,Elly Jackson
Runaway (Film),,2010.0,7110702,https://genius.com/Kanye-west-runaway-film-lyrics,Kanye West,Rick James
Runaway (Film),,2010.0,7110702,https://genius.com/Kanye-west-runaway-film-lyrics,Kanye West,Pusha T
Runaway (Film),,2010.0,7110702,https://genius.com/Kanye-west-runaway-film-lyrics,Kanye West,Selita Ebanks
Runaway (Film),,2010.0,7110702,https://genius.com/Kanye-west-runaway-film-lyrics,Kanye West,John Legend
Runaway (Film),,2010.0,7110702,https://genius.com/Kanye-west-runaway-film-lyrics,Kanye West,Gil Scott-Heron
Runaway (HW Version),,,5832801,https://genius.com/Kanye-west-runaway-hw-version-lyrics,Kanye West,Pusha T
Runaway [V53],,2010.0,9930240,https://genius.com/Kanye-west-runaway-v53-lyrics,Kanye West,Pusha T
Runaway [V53],,2010.0,9930240,https://genius.com/Kanye-west-runaway-v53-lyrics,Kanye West,The World Famous Tony Williams
Running,,,8411664,https://genius.com/J-ivy-running-lyrics,J. Ivy,John Legend
Running Back,,2017.0,2947324,https://genius.com/Wale-running-back-lyrics,Wale,Lil Wayne
Running Over,,2020.0,5209302,https://genius.com/Justin-bieber-running-over-lyrics,Justin Bieber,Lil Dicky
Russell Westbrook,,,10077771,https://genius.com/Kryptik-russell-westbrook-lyrics,Kryptik,Travis Scott
S.D. Is Out,,2008.0,42969,https://genius.com/Snoop-dogg-sd-is-out-lyrics,Snoop Dogg,Charlie Wilson
SAIC Commencement Lecture,,2015.0,1791165,https://genius.com/Kanye-west-saic-commencement-lecture-annotated,Kanye West,Lisa Wainwright
SAIC Commencement Lecture,,2015.0,1791165,https://genius.com/Kanye-west-saic-commencement-lecture-annotated,Kanye West,Janet Byrne Neiman
SAIC Commencement Lecture,,2015.0,1791165,https://genius.com/Kanye-west-saic-commencement-lecture-annotated,Kanye West,Rhona Hoffman
SAIC Commencement Lecture,,2015.0,1791165,https://genius.com/Kanye-west-saic-commencement-lecture-annotated,Kanye West,Douglas Druick
SAME SHIT,,,13086024,https://genius.com/Sean-leon-same-shit-lyrics,Sean Leon,Kanye West
SAY IT (Original),,,11848310,https://genius.com/Ty-dolla-sign-say-it-original-lyrics,Ty Dolla $ign,Playboi Carti
SAY IT (Original),,,11848310,https://genius.com/Ty-dolla-sign-say-it-original-lyrics,Ty Dolla $ign,Ant Clemons
SAY LESS,,2024.0,10308767,https://genius.com/Childish-gambino-say-less-lyrics,Childish Gambino,Kanye West
SAY MY GRACE,,2023.0,8990872,https://genius.com/Offset-say-my-grace-lyrics,Offset,Travis Scott
SAY MY GRACE (Slowed),,2023.0,9914898,https://genius.com/Offset-say-my-grace-slowed-lyrics,Offset,Travis Scott
SAY MY GRACE (Sped Up),,2023.0,9914897,https://genius.com/Offset-say-my-grace-sped-up-lyrics,Offset,Travis Scott
SCI-FI (Original),,,9012994,https://genius.com/Ye-sci-fi-original-lyrics,Ye,Sean Leon
SCIFI,,2025.0,7667925,https://genius.com/Ye-scifi-lyrics,Ye,Sean Leon
SECURITY (Baby Keem Reference),,,8868793,https://genius.com/Ye-security-baby-keem-reference-lyrics,Ye,Baby Keem
SECURITY (DaBaby Reference),,,8180250,https://genius.com/Ye-security-dababy-reference-lyrics,Ye,DaBaby
SECURITY (Fat Money Reference),,,9575377,https://genius.com/Ye-security-fat-money-reference-lyrics,Ye,Fat Money
SELFISH (feat. James Blake) [Unreleased],,,13540386,https://genius.com/Swavay-selfish-feat-james-blake-unreleased-lyrics,SWAVAY,James Blake
SEND ME AWAY,,,6883041,https://genius.com/Travis-scott-send-me-away-lyrics,Travis Scott,Kanye West
SHE LOVE YE AND TRAV,,,13681728,https://genius.com/Kanye-west-and-ye-she-love-ye-and-trav-lyrics,Kanye West,The World Famous Tony Williams
SHE LOVES YE AND JESUS [V12],,2025.0,13322920,https://genius.com/Ye-she-loves-ye-and-jesus-v12-lyrics,Ye,The World Famous Tony Williams
SHELTER,,2021.0,6447671,https://genius.com/Vic-mensa-shelter-lyrics,VIC MENSA,Chance the Rapper
SICKO MODE,,2018.0,3876994,https://genius.com/Travis-scott-sicko-mode-lyrics,Travis Scott,Drake
SICKO MODE (Radio Edit Version),,2018.0,7540112,https://genius.com/Travis-scott-sicko-mode-radio-edit-version-lyrics,Travis Scott,Drake
SISTERS AND BROTHERS [KC Reference],,,13677054,https://genius.com/Ye-sisters-and-brothers-kc-reference-lyrics,Ye,King Combs
SISTERS AND BROTHERS [V29],,2026.0,13346322,https://genius.com/Ye-sisters-and-brothers-v29-lyrics,Ye,CyHi
SISTERS BROTHERS [V2],,,12221276,https://genius.com/Ye-sisters-brothers-v2-lyrics,Ye,CyHi
SKELETONS,,2018.0,3876988,https://genius.com/Travis-scott-skeletons-lyrics,Travis Scott,Pharrell Williams
SKELETONS,,2018.0,3876988,https://genius.com/Travis-scott-skeletons-lyrics,Travis Scott,The Weeknd
SKELETONS,,2018.0,3876988,https://genius.com/Travis-scott-skeletons-lyrics,Travis Scott,Tame Impala
SKELETONS x BACKWARDS,,,11074803,https://genius.com/Tame-impala-skeletons-x-backwards-lyrics,Tame Impala,Kendrick Lamar
SKITZO,,2023.0,9368463,https://genius.com/Travis-scott-skitzo-lyrics,Travis Scott,Young Thug
SMUCKERS,,2015.0,748243,https://genius.com/Tyler-the-creator-smuckers-lyrics,"Tyler, The Creator",Lil Wayne
SMUCKERS,,2015.0,748243,https://genius.com/Tyler-the-creator-smuckers-lyrics,"Tyler, The Creator",Kanye West
SO CALLED FRIENDS,,,10044531,https://genius.com/Kanye-west-and-ty-dolla-sign-so-called-friends-lyrics,"¥$, Kanye West & Ty Dolla $ign",Freddie Gibbs
SO CALLED FRIENDS,,,10044531,https://genius.com/Kanye-west-and-ty-dolla-sign-so-called-friends-lyrics,"¥$, Kanye West & Ty Dolla $ign",Juicy J
SORRY NOT SORRY,,2021.0,6754294,https://genius.com/Dj-khaled-sorry-not-sorry-lyrics,DJ Khaled,Nas
SORRY NOT SORRY,,2021.0,6754294,https://genius.com/Dj-khaled-sorry-not-sorry-lyrics,DJ Khaled,James Fauntleroy
SORRY NOT SORRY,,2021.0,6754294,https://genius.com/Dj-khaled-sorry-not-sorry-lyrics,DJ Khaled,JAŸ-Z
ST4RCR4SH,,,11692017,https://genius.com/Frank-ocean-st4rcr4sh-lyrics,Frank Ocean,Playboi Carti
ST4RCR4SH,,,11692017,https://genius.com/Frank-ocean-st4rcr4sh-lyrics,Frank Ocean,Travis Scott
STAR TIME (Young Moose Reference),,,10997717,https://genius.com/Kanye-west-and-ty-dolla-sign-star-time-young-moose-reference-lyrics,"¥$, Kanye West & Ty Dolla $ign",Young Moose
STAR TIME (Young Moose Reference),,,10997717,https://genius.com/Kanye-west-and-ty-dolla-sign-star-time-young-moose-reference-lyrics,"¥$, Kanye West & Ty Dolla $ign",The-Dream
STOP TRYING TO BE GOD,,2018.0,3876990,https://genius.com/Travis-scott-stop-trying-to-be-god-lyrics,Travis Scott,Kid Cudi
STOP TRYING TO BE GOD,,2018.0,3876990,https://genius.com/Travis-scott-stop-trying-to-be-god-lyrics,Travis Scott,James Blake
STOP TRYING TO BE GOD,,2018.0,3876990,https://genius.com/Travis-scott-stop-trying-to-be-god-lyrics,Travis Scott,Philip Bailey
STREET LIGHTS,,,10049878,https://genius.com/Kanye-west-and-ty-dolla-sign-street-lights-lyrics,"¥$, Kanye West & Ty Dolla $ign",Freddie Gibbs
SUMMER CAMP,,,12114109,https://genius.com/Brockhampton-summer-camp-lyrics,BROCKHAMPTON,Dijon
SUPERPOSITION,,2019.0,4660980,https://genius.com/Daniel-caesar-superposition-lyrics,Daniel Caesar,John Mayer
SURVIVE,,,12665847,https://genius.com/The-pastelle-collective-yedits-survive-lyrics,The Pastelle Collective (Yedits),TheNightAftr
SURVIVE,,,12665847,https://genius.com/The-pastelle-collective-yedits-survive-lyrics,The Pastelle Collective (Yedits),Pusha T
SWITCH HANDS,,,12665844,https://genius.com/The-pastelle-collective-yedits-switch-hands-lyrics,The Pastelle Collective (Yedits),A$AP Rocky
SWITCH HANDS,,,12665844,https://genius.com/The-pastelle-collective-yedits-switch-hands-lyrics,The Pastelle Collective (Yedits),Future
Safe & Sound,,2011.0,62236,https://genius.com/Taylor-swift-safe-and-sound-lyrics,Taylor Swift,The Civil Wars
Safe (Millions),,2016.0,2851294,https://genius.com/Jeremih-safe-millions-lyrics,Jeremih,Travis Scott
Sailing NOT Selling,,2011.0,50890,https://genius.com/Jhene-aiko-sailing-not-selling-lyrics,Jhené Aiko,Kanye West
Sailing to Mexico,,2010.0,5673503,https://genius.com/The-chieftains-sailing-to-mexico-lyrics,The Chieftains,Carlos Núñez
Saint Pablo,,2016.0,2428259,https://genius.com/Kanye-west-saint-pablo-lyrics,Kanye West,Sampha
Saint Pablo (GOOD Fridays Version),,,10267230,https://genius.com/Kanye-west-saint-pablo-good-fridays-version-lyrics,Kanye West,Kid Cudi
Sake in the Jar,,1999.0,5673204,https://genius.com/The-chieftains-sake-in-the-jar-lyrics,The Chieftains,矢野顕子 (Akiko Yano)
Same Damn Time,,2011.0,68407,https://genius.com/Rick-ross-same-damn-time-lyrics,Rick Ross,Wale
Same Damn Time,,2011.0,68407,https://genius.com/Rick-ross-same-damn-time-lyrics,Rick Ross,Meek Mill
Same Time,,2011.0,218103,https://genius.com/Joistarr-same-time-lyrics,JoiStarr,Kanye West
San Campio,,2010.0,2086093,https://genius.com/The-chieftains-san-campio-lyrics,The Chieftains,Carlos Núñez
Sanctified,,2014.0,360742,https://genius.com/Rick-ross-sanctified-lyrics,Rick Ross,Big Sean
Sanctified,,2014.0,360742,https://genius.com/Rick-ross-sanctified-lyrics,Rick Ross,Kanye West
Sandpaper,,2024.0,10180835,https://genius.com/Zach-bryan-sandpaper-lyrics,Zach Bryan,Bruce Springsteen
Santa Agnes,,2018.0,3919170,https://genius.com/Aaron-dessner-and-bryce-dessner-santa-agnes-lyrics,Aaron Dessner,Velvet Negroni
Santa Agnes,,2018.0,3919170,https://genius.com/Aaron-dessner-and-bryce-dessner-santa-agnes-lyrics,Aaron Dessner,Justin Vernon
Sarah’s Place,,2023.0,9532137,https://genius.com/Zach-bryan-sarahs-place-lyrics,Zach Bryan,Noah Kahan
Saturday Mornings,,2024.0,10679292,https://genius.com/Cordae-saturday-mornings-lyrics,Cordae,Lil Wayne
Saturdays,,2018.0,3540017,https://genius.com/Twin-shadow-saturdays-lyrics,Twin Shadow,HAIM
Save The Best For Last,,2022.0,8285198,https://genius.com/The-game-save-the-best-for-last-lyrics,The Game,Rick Ross
Save Yourself First,,2014.0,382917,https://genius.com/Chance-the-rapper-and-the-social-experiment-save-yourself-first-lyrics,Chance the Rapper,James Blake
Say It,,2015.0,13058755,https://genius.com/Daniel-caesar-say-it-lyrics,Daniel Caesar,Kali Uchis
Scape Goat (The Fix),,2013.0,134365,https://genius.com/Dbanj-scape-goat-the-fix-lyrics,D’Banj,Kanye West
Scars,,2021.0,7231383,https://genius.com/G-eazy-scars-lyrics,G-Eazy,Ant Clemons
School Days Over,,2012.0,1851229,https://genius.com/The-chieftains-school-days-over-lyrics,The Chieftains,The Low Anthem
Sea of Love (From “Norah Jones is Playing Along” Podcast),,2023.0,9733102,https://genius.com/Norah-jones-sea-of-love-from-norah-jones-is-playing-along-podcast-lyrics,Norah Jones,The National
Seasons in Taylor Swift Songs,,2025.0,12788177,https://genius.com/Community-lists-seasons-in-taylor-swift-songs-annotated,Community Lists,Taylor Swift
Second Emotion,,2020.0,5124655,https://genius.com/Justin-bieber-second-emotion-lyrics,Justin Bieber,Travis Scott
Section,,2021.0,6981733,https://genius.com/Ant-clemons-section-lyrics,Ant Clemons,Kehlani
See Me Again [V10],,,11043690,https://genius.com/Kanye-west-see-me-again-v10-lyrics,Kanye West,Bon Iver
See Me Again [V10],,,11043690,https://genius.com/Kanye-west-see-me-again-v10-lyrics,Kanye West,The World Famous Tony Williams
See Me Again [V10],,,11043690,https://genius.com/Kanye-west-see-me-again-v10-lyrics,Kanye West,John Legend
See Me Again [V10],,,11043690,https://genius.com/Kanye-west-see-me-again-v10-lyrics,Kanye West,Elly Jackson
See Me Again [V4],,,8438585,https://genius.com/Kanye-west-see-me-again-v4-lyrics,Kanye West,Bon Iver
See Me Again [V4],,,8438585,https://genius.com/Kanye-west-see-me-again-v4-lyrics,Kanye West,The World Famous Tony Williams
See Me Again [V4],,,8438585,https://genius.com/Kanye-west-see-me-again-v4-lyrics,Kanye West,John Legend
See Me Again [V4],,,8438585,https://genius.com/Kanye-west-see-me-again-v4-lyrics,Kanye West,Elly Jackson
See Me Now,,2010.0,1003,https://genius.com/Kanye-west-see-me-now-lyrics,Kanye West,Charlie Wilson
See Me Now,,2010.0,1003,https://genius.com/Kanye-west-see-me-now-lyrics,Kanye West,Beyoncé
See Me Now,,2010.0,1003,https://genius.com/Kanye-west-see-me-now-lyrics,Kanye West,Big Sean
See You In My Nightmares,,2008.0,2319,https://genius.com/Kanye-west-see-you-in-my-nightmares-lyrics,Kanye West,Lil Wayne
Seen It All,,2014.0,466082,https://genius.com/Jeezy-seen-it-all-lyrics,Jeezy,JAŸ-Z
Selfish,,2004.0,1375,https://genius.com/Slum-village-selfish-lyrics,Slum Village,Kanye West
Selfish,,2004.0,1375,https://genius.com/Slum-village-selfish-lyrics,Slum Village,John Legend
Selfish (Jack Harlow Reference),,,8868562,https://genius.com/Kanye-west-selfish-jack-harlow-reference-lyrics,Kanye West,Jack Harlow
Selfish (Jack Harlow Reference),,,8868562,https://genius.com/Kanye-west-selfish-jack-harlow-reference-lyrics,Kanye West,XXXTENTACION
Selfish (Shenseea Reference),,,8868589,https://genius.com/Kanye-west-selfish-shenseea-reference-lyrics,Kanye West,Shenseea
Selfish (Shenseea Reference),,,8868589,https://genius.com/Kanye-west-selfish-shenseea-reference-lyrics,Kanye West,XXXTENTACION
Selfish (Street Mix),,2004.0,8954709,https://genius.com/John-legend-selfish-street-mix-lyrics,John Legend,Kanye West
Selfish (will.i.am Reference),,2023.0,8855903,https://genius.com/Kanye-west-selfish-william-reference-lyrics,Kanye West,XXXTENTACION
Selfish (will.i.am Reference),,2023.0,8855903,https://genius.com/Kanye-west-selfish-william-reference-lyrics,Kanye West,will.i.am
Sell Your Soul,,,8279989,https://genius.com/Kanye-west-sell-your-soul-lyrics,Kanye West,KIRBY
Send It Up,,2013.0,168152,https://genius.com/Kanye-west-send-it-up-lyrics,Kanye West,King Louie
Serving God (Ant Clemons Reference),,,7814444,https://genius.com/Kanye-west-serving-god-ant-clemons-reference-lyrics,Kanye West,Ant Clemons
Serving God (KayCyy Reference),,,7814470,https://genius.com/Kanye-west-serving-god-kaycyy-reference-lyrics,Kanye West,KayCyy
Serving God (Tony Williams Reference),,,8326206,https://genius.com/Kanye-west-serving-god-tony-williams-reference-lyrics,Kanye West,The World Famous Tony Williams
Set It Off,,2005.0,48330,https://genius.com/Young-gunz-set-it-off-lyrics,Young Gunz,Swizz Beatz
Set You Free,,2019.0,4912298,https://genius.com/Wale-set-you-free-lyrics,Wale,Kelly Price
Sex In Crazy Places,,2009.0,725,https://genius.com/Gucci-mane-sex-in-crazy-places-lyrics,Gucci Mane,Nicki Minaj
Sex In The Lounge,,2012.0,69580,https://genius.com/Nicki-minaj-sex-in-the-lounge-lyrics,Nicki Minaj,Lil Wayne
Sgt. Pepper’s Lonely Hearts Club Band,,2014.0,553589,https://genius.com/The-flaming-lips-sgt-peppers-lonely-hearts-club-band-lyrics,The Flaming Lips,My Morning Jacket
Sgt. Pepper’s Lonely Hearts Club Band,,2014.0,553589,https://genius.com/The-flaming-lips-sgt-peppers-lonely-hearts-club-band-lyrics,The Flaming Lips,Fever the Ghost
Sgt. Pepper’s Lonely Hearts Club Band,,2014.0,553589,https://genius.com/The-flaming-lips-sgt-peppers-lonely-hearts-club-band-lyrics,The Flaming Lips,J Mascis
Sgt. Pepper’s Lonely Hearts Club Band (Reprise),,2014.0,911244,https://genius.com/The-flaming-lips-sgt-peppers-lonely-hearts-club-band-reprise-lyrics,The Flaming Lips,Ben Goldwasser
Sgt. Pepper’s Lonely Hearts Club Band (Reprise),,2014.0,911244,https://genius.com/The-flaming-lips-sgt-peppers-lonely-hearts-club-band-reprise-lyrics,The Flaming Lips,Foxygen
Shaft of Steel,,,5328204,https://genius.com/Little-crusty-d-shaft-of-steel-lyrics,Little Crusty D,Kanye West
She,,2011.0,49611,https://genius.com/Tyler-the-creator-she-lyrics,"Tyler, The Creator",Frank Ocean
She Came to Give It to You,,2014.0,472933,https://genius.com/Usher-she-came-to-give-it-to-you-lyrics,USHER,Nicki Minaj
She Crazy,,2010.0,52555,https://genius.com/Rick-ross-she-crazy-lyrics,Rick Ross,Ne-Yo
She Likes Me,,2010.0,274371,https://genius.com/Jadakiss-she-likes-me-lyrics,Jadakiss,Nicki Minaj
She Love Me,,2016.0,2480472,https://genius.com/Philly-swain-she-love-me-lyrics,Philly Swain,Travis Scott
She Will (Original),,2011.0,54210,https://genius.com/Lil-wayne-she-will-original-lyrics,Lil Wayne,Rick Ross
She Will (Original),,2011.0,54210,https://genius.com/Lil-wayne-she-will-original-lyrics,Lil Wayne,Drake
She on My Dick,,2017.0,3019516,https://genius.com/Rick-ross-she-on-my-dick-lyrics,Rick Ross,Gucci Mane
Shenandoah,,,1511457,https://genius.com/Van-morrison-shenandoah-lyrics,Van Morrison,The Chieftains
She’s Leaving Home,,2014.0,911230,https://genius.com/The-flaming-lips-shes-leaving-home-lyrics,The Flaming Lips,Julianna Barwick
She’s Leaving Home,,2014.0,911230,https://genius.com/The-flaming-lips-shes-leaving-home-lyrics,The Flaming Lips,Phantogram
She’s Leaving Home,,2014.0,911230,https://genius.com/The-flaming-lips-shes-leaving-home-lyrics,The Flaming Lips,Spaceface
She’s Lovely,,,5353846,https://genius.com/Ant-clemons-shes-lovely-lyrics,Ant Clemons,070 Shake
She’s Lovely,,,5353846,https://genius.com/Ant-clemons-shes-lovely-lyrics,Ant Clemons,Kanye West
She’s Lovely,,,5353846,https://genius.com/Ant-clemons-shes-lovely-lyrics,Ant Clemons,Jeremih
Shibuya,,2019.0,5138754,https://genius.com/Ldre-shibuya-lyrics,L.Dre,Frank Ocean
Shine Bright,,,11510567,https://genius.com/Joe-young-shine-bright-lyrics,Joe Young,Rick Ross
Shine Bright [Clean],,,11510587,https://genius.com/Joe-young-shine-bright-clean-lyrics,Joe Young,Rick Ross
Shine Bright [Instrumental],,,11510591,https://genius.com/Joe-young-shine-bright-instrumental-lyrics,Joe Young,Rick Ross
Shining,,2017.0,2985067,https://genius.com/Dj-khaled-shining-lyrics,DJ Khaled,Beyoncé
Shining,,2017.0,2985067,https://genius.com/Dj-khaled-shining-lyrics,DJ Khaled,JAŸ-Z
Shiny Suit Theory,,2010.0,2016,https://genius.com/Jay-electronica-shiny-suit-theory-lyrics,Jay Electronica,JAŸ-Z
Shiny Suit Theory,,2010.0,2016,https://genius.com/Jay-electronica-shiny-suit-theory-lyrics,Jay Electronica,The-Dream
Shoot It,,,5111321,https://genius.com/Kanye-west-shoot-it-lyrics,Kanye West,The World Famous Tony Williams
Shoot Up,,2024.0,10679399,https://genius.com/The-pastelle-collective-yedits-shoot-up-lyrics,The Pastelle Collective (Yedits),Bon Iver
Shoot Up The Station,,,4453845,https://genius.com/Kanye-west-shoot-up-the-station-lyrics,Kanye West,Santigold
Shoot Up The Station,,,4453845,https://genius.com/Kanye-west-shoot-up-the-station-lyrics,Kanye West,Bon Iver
Shopaholic,,2008.0,52755,https://genius.com/Nicki-minaj-shopaholic-lyrics,Nicki Minaj,Gucci Mane
Show Me,,2021.0,7031982,https://genius.com/James-blake-show-me-lyrics,James Blake,Monica Martin
Show Me Love,,1998.0,42996,https://genius.com/Snoop-dogg-show-me-love-lyrics,Snoop Dogg,Charlie Wilson
Showdown,,,8110140,https://genius.com/Rhymefest-showdown-lyrics,Rhymefest,Kanye West
Shut It Down,,2010.0,1842,https://genius.com/Drake-shut-it-down-lyrics,Drake,The-Dream
Shut it zown,,,8962177,https://genius.com/Drake-shut-it-zown-lyrics,Drake,The-Dream
Shy Can’t Look,,,8893188,https://genius.com/Kanye-west-shy-cant-look-lyrics,Kanye West,John Legend
Side To Side,,2016.0,2457495,https://genius.com/Ariana-grande-side-to-side-lyrics,Ariana Grande,Nicki Minaj
Side To Side (Clean),,2016.0,7241723,https://genius.com/Ariana-grande-side-to-side-clean-lyrics,Ariana Grande,Nicki Minaj
Sidelines,,2022.0,7835507,https://genius.com/Bruce-hornsby-and-ezra-koenig-sidelines-lyrics,Bruce Hornsby,Blake Mills
Sights and Silencers,,2020.0,5218411,https://genius.com/Lil-wayne-sights-and-silencers-lyrics,Lil Wayne,The-Dream
Signs,,2004.0,43055,https://genius.com/Snoop-dogg-signs-lyrics,Snoop Dogg,Charlie Wilson
Signs [Mixed],,2023.0,9138119,https://genius.com/Snoop-dogg-signs-mixed-lyrics,Snoop Dogg,Charlie Wilson
Siiiiiiiiilver Surffffeeeeer Intermission,,2016.0,2421968,https://genius.com/Kanye-west-siiiiiiiiilver-surffffeeeeer-intermission-lyrics,Kanye West,Max B
Simple Prayer II,,2022.0,7860199,https://genius.com/Bruce-hornsby-simple-prayer-ii-lyrics,Bruce Hornsby,Ethan Gruska
Simple Prayer II,,2022.0,7860199,https://genius.com/Bruce-hornsby-simple-prayer-ii-lyrics,Bruce Hornsby,Rob Moose
Simulation Baptize,,2019.0,4944053,https://genius.com/Kanye-west-simulation-baptize-lyrics,Kanye West,Pardison Fontaine
Simulation Baptize,,2019.0,4944053,https://genius.com/Kanye-west-simulation-baptize-lyrics,Kanye West,A$AP Rocky
Sinatra In The Sands,,,6651265,https://genius.com/Nas-sinatra-in-the-sands-lyrics,Nas,JAŸ-Z
Sins of The Father,,2025.0,12316983,https://genius.com/Daniel-caesar-sins-of-the-father-lyrics,Daniel Caesar,Bon Iver
Sir,,2018.0,3890637,https://genius.com/Nicki-minaj-sir-lyrics,Nicki Minaj,Future
Sisters of Mercy,,1995.0,1133990,https://genius.com/Sting-sisters-of-mercy-lyrics,Sting,The Chieftains
Sixteen,,2012.0,80551,https://genius.com/Rick-ross-sixteen-lyrics,Rick Ross,André 3000
Siúil a Rún,,1999.0,5673205,https://genius.com/The-chieftains-siuil-a-run-lyrics,The Chieftains,Sissel
Skibidi Toilet 2,,2024.0,10901321,https://genius.com/Managerspeakerreset-skibidi-toilet-2-lyrics,ManagerSpeakerReset,Travis Scott
Skin,,2018.0,3768798,https://genius.com/Salute-skin-lyrics,salute,THE DIAMONDS ARE BLACK!
Skrt On Me,,2017.0,3120279,https://genius.com/Calvin-harris-skrt-on-me-lyrics,Calvin Harris,Nicki Minaj
Skurrr,,,7691194,https://genius.com/Kanye-west-skurrr-lyrics,Kanye West,KayCyy
Sky,,,10778514,https://genius.com/Jay-z-and-kanye-west-sky-lyrics,JAŸ-Z,T.I.
Sky,,,10778514,https://genius.com/Jay-z-and-kanye-west-sky-lyrics,JAŸ-Z,Kid Cudi
Sky,,,10778514,https://genius.com/Jay-z-and-kanye-west-sky-lyrics,JAŸ-Z,The World Famous Tony Williams
Sky City,,,4911632,https://genius.com/Kanye-west-sky-city-lyrics,Kanye West,Desiigner
Sky City,,,4911632,https://genius.com/Kanye-west-sky-city-lyrics,Kanye West,Jeremih
Sky City,,,4911632,https://genius.com/Kanye-west-sky-city-lyrics,Kanye West,Kid Cudi
Sky City,,,4911632,https://genius.com/Kanye-west-sky-city-lyrics,Kanye West,070 Shake
Sky City,,,4911632,https://genius.com/Kanye-west-sky-city-lyrics,Kanye West,Ty Dolla $ign
Skyfall,,2014.0,499824,https://genius.com/Travis-scott-skyfall-lyrics,Travis Scott,Young Thug
Slater,,2013.0,133992,https://genius.com/Tyler-the-creator-slater-lyrics,"Tyler, The Creator",Frank Ocean
Slave Name,,,5377592,https://genius.com/Kanye-west-slave-name-lyrics,Kanye West,Ant Clemons
"Slavery Was a Choice Pt. 1 [May 1, 2018]",,2018.0,3691026,https://genius.com/Kanye-west-slavery-was-a-choice-pt-1-may-1-2018-annotated,Kanye West,Van Lathan
Slide,,2017.0,2997826,https://genius.com/Calvin-harris-slide-lyrics,Calvin Harris,Frank Ocean
Slide,,2017.0,2997826,https://genius.com/Calvin-harris-slide-lyrics,Calvin Harris,Migos
Slide (Mixed),,2022.0,8488636,https://genius.com/Calvin-harris-slide-mixed-lyrics,Calvin Harris,Frank Ocean
Slide (Mixed),,2022.0,8488636,https://genius.com/Calvin-harris-slide-mixed-lyrics,Calvin Harris,Migos
Slide Around,,2019.0,4662051,https://genius.com/Chance-the-rapper-slide-around-lyrics,Chance the Rapper,Nicki Minaj
Slide Around,,2019.0,4662051,https://genius.com/Chance-the-rapper-slide-around-lyrics,Chance the Rapper,Lil Durk
Slide By,,2023.0,10258277,https://genius.com/The-world-famous-tony-williams-slide-by-lyrics,The World Famous Tony Williams,BJ the Chicago Kid
Slide Show,,2008.0,45467,https://genius.com/Ti-slide-show-lyrics,T.I.,John Legend
Sloppy Toppy,,2014.0,499838,https://genius.com/Travis-scott-sloppy-toppy-lyrics,Travis Scott,Migos
Sloppy Toppy,,2014.0,499838,https://genius.com/Travis-scott-sloppy-toppy-lyrics,Travis Scott,Peewee Longway
Slow Jamz,,2003.0,81,https://genius.com/Twista-slow-jamz-lyrics,Twista,Kanye West
Slow Jamz,,2003.0,81,https://genius.com/Twista-slow-jamz-lyrics,Twista,Jamie Foxx
Slow Jamz - Collipark,,2004.0,12491952,https://genius.com/Twista-slow-jamz-collipark-lyrics,Twista,Kanye West
Slow Jamz - Collipark,,2004.0,12491952,https://genius.com/Twista-slow-jamz-collipark-lyrics,Twista,Jamie Foxx
Slumber Party,,2008.0,65453,https://genius.com/Gucci-mane-slumber-party-lyrics,Gucci Mane,Nicki Minaj
Sluts Are Awesome (I Love It Original),,,9707425,https://genius.com/Lil-pump-and-kanye-west-sluts-are-awesome-i-love-it-original-lyrics,Lil Pump,Tyga
Smack DVD,,2020.0,6031580,https://genius.com/Saint-jhn-smack-dvd-lyrics,SAINt JHN,Kanye West
Smack DVD (Original),,,9284967,https://genius.com/Saint-jhn-smack-dvd-original-lyrics,SAINt JHN,Kanye West
Smoke Break,,2016.0,2472233,https://genius.com/Chance-the-rapper-smoke-break-lyrics,Chance the Rapper,Future
Smoke on the Water,,,2859712,https://genius.com/The-flaming-lips-smoke-on-the-water-lyrics,The Flaming Lips,Gibby Haynes
Smoking Death,,2025.0,11624305,https://genius.com/Dreamer-isioma-smoking-death-lyrics,Dreamer Isioma,Dua Saleh
Smoking On Junt,,,9944774,https://genius.com/Ty-dolla-sign-smoking-on-junt-lyrics,Ty Dolla $ign,Juicy J
Snoop Bounce,,1996.0,43113,https://genius.com/Snoop-dogg-snoop-bounce-lyrics,Snoop Dogg,Charlie Wilson
Snoop’s Upside Ya Head,,1996.0,43118,https://genius.com/Snoop-dogg-snoops-upside-ya-head-lyrics,Snoop Dogg,Charlie Wilson
Snow On The Beach,,2022.0,8445376,https://genius.com/Taylor-swift-snow-on-the-beach-lyrics,Taylor Swift,Lana Del Rey
Snow White,,2012.0,68419,https://genius.com/Odd-future-snow-white-lyrics,Odd Future,Frank Ocean
So Ambitious,,2009.0,4236,https://genius.com/Jay-z-so-ambitious-lyrics,JAŸ-Z,Pharrell Williams
So Ambitious [Mixed],,2024.0,10692664,https://genius.com/Jay-z-so-ambitious-mixed-lyrics,JAŸ-Z,Pharrell Williams
So Appalled,,2010.0,1353,https://genius.com/Kanye-west-so-appalled-lyrics,Kanye West,JAŸ-Z
So Appalled,,2010.0,1353,https://genius.com/Kanye-west-so-appalled-lyrics,Kanye West,Pusha T
So Appalled,,2010.0,1353,https://genius.com/Kanye-west-so-appalled-lyrics,Kanye West,CyHi
So Appalled,,2010.0,1353,https://genius.com/Kanye-west-so-appalled-lyrics,Kanye West,Swizz Beatz
So Appalled,,2010.0,1353,https://genius.com/Kanye-west-so-appalled-lyrics,Kanye West,RZA
So Bad,,2019.0,4328159,https://genius.com/Gesaffelstein-so-bad-lyrics,Gesaffelstein,HAIM
So Comfortable,,2011.0,64902,https://genius.com/James-fauntleroy-so-comfortable-lyrics,James Fauntleroy,Frank Ocean
So Far,,2013.0,250197,https://genius.com/Raydon-so-far-lyrics,Raydon,Danielle Haim
So Happy,,,8969020,https://genius.com/Kassa-overall-so-happy-lyrics,Kassa Overall,Francis and the Lights
So Hot,,2005.0,3347760,https://genius.com/Charlie-wilson-so-hot-lyrics,Charlie Wilson,Twista
So Hot (Feat. Twista),,2005.0,3532605,https://genius.com/Charlie-wilson-so-hot-feat-twista-lyrics,Charlie Wilson,Twista
So Right (Original Version),,1998.0,45104,https://genius.com/The-lox-so-right-original-version-lyrics,The LOX,Kelly Price
So Right (Original Version),,1998.0,45104,https://genius.com/The-lox-so-right-original-version-lyrics,The LOX,JAŸ-Z
So Sophisticated,,2012.0,74950,https://genius.com/Rick-ross-so-sophisticated-lyrics,Rick Ross,Meek Mill
So Soulful,,2004.0,5351,https://genius.com/Consequence-so-soulful-lyrics,Consequence,Kanye West
So Soulful,,2004.0,5351,https://genius.com/Consequence-so-soulful-lyrics,Consequence,John Legend
So Special,,2011.0,49159,https://genius.com/Lil-wayne-so-special-lyrics,Lil Wayne,John Legend
So Unimportant,,2022.0,7803978,https://genius.com/Ethan-gruska-so-unimportant-lyrics,Ethan Gruska,Bon Iver
Sold Out,,2025.0,12869976,https://genius.com/Gracie-abrams-sold-out-lyrics,Gracie Abrams,Bon Iver
Sold Out,,2025.0,12869976,https://genius.com/Gracie-abrams-sold-out-lyrics,Gracie Abrams,Aaron Dessner
Solitaires,,2020.0,5562531,https://genius.com/Future-solitaires-lyrics,Future,Travis Scott
Something Better,,2010.0,197548,https://genius.com/Lyrics-born-something-better-lyrics,Lyrics Born,Francis and the Lights
Something Cold,,2015.0,9777455,https://genius.com/Dapurr-something-cold-lyrics,Dapurr,Gracie Abrams
Something Serious,,,13469372,https://genius.com/Ty-dolla-sign-something-serious-lyrics,Ty Dolla $ign,serpentwithfeet
Something Serious,,,13469372,https://genius.com/Ty-dolla-sign-something-serious-lyrics,Ty Dolla $ign,James Blake
Somewhere in Paradise,,2015.0,312496,https://genius.com/Chance-the-rapper-and-the-social-experiment-somewhere-in-paradise-lyrics,Chance the Rapper,Jeremih
Song of Trouble,,2021.0,6061896,https://genius.com/Cj-camerieri-song-of-trouble-lyrics,CJ Camerieri,Sufjan Stevens
Soon You’ll Get Better,,2019.0,4765961,https://genius.com/Taylor-swift-soon-youll-get-better-lyrics,Taylor Swift,The Chicks
Sorry,,2018.0,3894612,https://genius.com/Nicki-minaj-sorry-lyrics,Nicki Minaj,Nas
Sorry Not Sorry,,2022.0,5355402,https://genius.com/Octavian-sorry-not-sorry-lyrics,Octavian,Skepta
Sounds,,,10493509,https://genius.com/Kanye-west-sounds-lyrics,Kanye West,Travis Scott
South Carolina (Donda Original),,,7151319,https://genius.com/Kanye-west-south-carolina-donda-original-lyrics,Kanye West,Stalone
South Carolina (Donda Original),,,7151319,https://genius.com/Kanye-west-south-carolina-donda-original-lyrics,Kanye West,The World Famous Tony Williams
South Carolina (Donda Original),,,7151319,https://genius.com/Kanye-west-south-carolina-donda-original-lyrics,Kanye West,Pusha T
South Carolina (Las Vegas Version),,,7242554,https://genius.com/Kanye-west-south-carolina-las-vegas-version-lyrics,Kanye West,The World Famous Tony Williams
South Carolina (Las Vegas Version),,,7242554,https://genius.com/Kanye-west-south-carolina-las-vegas-version-lyrics,Kanye West,Stalone
South Carolina (Las Vegas Version),,,7242554,https://genius.com/Kanye-west-south-carolina-las-vegas-version-lyrics,Kanye West,Pusha T
Southern Gangsta,,2008.0,29574,https://genius.com/Ludacris-southern-gangsta-lyrics,Ludacris,Rick Ross
Southside,,2007.0,787,https://genius.com/Common-southside-lyrics,Common,Kanye West
Southside (Snippet),,2007.0,5798071,https://genius.com/Common-southside-snippet-lyrics,Common,Kanye West
Southside Serenade,,,8818573,https://genius.com/Kanye-west-southside-serenade-lyrics,Kanye West,Francis and the Lights
Space Cadet,,2018.0,4061276,https://genius.com/Metro-boomin-space-cadet-lyrics,Metro Boomin,Gunna
Space Cadet (OG),,,5704587,https://genius.com/Metro-boomin-space-cadet-og-lyrics,Metro Boomin,Travis Scott
Space Cadet (OG),,,5704587,https://genius.com/Metro-boomin-space-cadet-og-lyrics,Metro Boomin,Gunna
Space X / Alien,,2018.0,4694763,https://genius.com/Kanye-west-space-x-alien-lyrics,Kanye West,Ant Clemons
Spaceship ’06,,2006.0,5919807,https://genius.com/Glc-and-a-trak-spaceship-06-lyrics,GLC,John Legend
Spaceship ’06,,2006.0,5919807,https://genius.com/Glc-and-a-trak-spaceship-06-lyrics,GLC,Kanye West
Spaceships,,,7134820,https://genius.com/Pusha-t-spaceships-lyrics,Pusha T,Yo Gotti
Spaceships,,,7134820,https://genius.com/Pusha-t-spaceships-lyrics,Pusha T,Kanye West
Spaghetti,,2024.0,7387230,https://genius.com/Consequence-spaghetti-lyrics,Consequence,The World Famous Tony Williams
Sparkling Water,,,10426367,https://genius.com/Lil-pump-sparkling-water-lyrics,Lil Pump,Kanye West
Speak to Me/Breathe,,2009.0,212199,https://genius.com/The-flaming-lips-speak-to-me-breathe-lyrics,The Flaming Lips,Stardeath And White Dwarfs
Speaking of the Devil,,,4950813,https://genius.com/Migos-speaking-of-the-devil-lyrics,Migos,Travis Scott
Spend All My Time,,2014.0,1861984,https://genius.com/Marsha-ambrosius-spend-all-my-time-lyrics,Marsha Ambrosius,Charlie Wilson
Spinning,,2019.0,4344300,https://genius.com/Mark-ronson-spinning-lyrics,Mark Ronson,Ilsey
Splash,,2022.0,8269244,https://genius.com/John-legend-splash-lyrics,John Legend,Ty Dolla $ign
Splash,,2022.0,8269244,https://genius.com/John-legend-splash-lyrics,John Legend,Jhené Aiko
Splash Brothers (Original),,,10633258,https://genius.com/French-montana-splash-brothers-original-lyrics,French Montana,Drake
Splash Brothers (Original),,,10633258,https://genius.com/French-montana-splash-brothers-original-lyrics,French Montana,Lil Wayne
Splash Brothers (Original),,,10633258,https://genius.com/French-montana-splash-brothers-original-lyrics,French Montana,Rick Ross
Spotless,,2023.0,9436665,https://genius.com/Zach-bryan-spotless-lyrics,Zach Bryan,The Lumineers
St. Chroma,,2024.0,10998014,https://genius.com/Tyler-the-creator-st-chroma-lyrics,"Tyler, The Creator",Daniel Caesar
St. Chroma (Test Pressing Version),,2024.0,11058222,https://genius.com/Tyler-the-creator-st-chroma-test-pressing-version-lyrics,"Tyler, The Creator",Daniel Caesar
St. Stephen’s Day Murders,,,1972612,https://genius.com/The-chieftains-st-stephens-day-murders-lyrics,The Chieftains,Elvis Costello
Stack On My Belt,,2013.0,217411,https://genius.com/Rick-ross-stack-on-my-belt-lyrics,Rick Ross,Wale
Stand United,,2024.0,9880427,https://genius.com/French-montana-saint-jhn-and-kanye-west-stand-united-lyrics,French Montana,Buju Banton
Stand United (Acapella),,2024.0,10086483,https://genius.com/French-montana-kanye-west-and-saint-jhn-stand-united-acapella-lyrics,French Montana,Buju Banton
Stand United (French Montana Reference),,,8935124,https://genius.com/Kanye-west-stand-united-french-montana-reference-lyrics,Kanye West,French Montana
Stand United (French Montana Reference),,,8935124,https://genius.com/Kanye-west-stand-united-french-montana-reference-lyrics,Kanye West,Buju Banton
Stand United (Original),,2020.0,8267778,https://genius.com/Kanye-west-stand-united-original-lyrics,Kanye West,Buju Banton
Stand United (Original),,2020.0,8267778,https://genius.com/Kanye-west-stand-united-original-lyrics,Kanye West,SAINt JHN
Stand United (Slowed Down),,2024.0,10089815,https://genius.com/French-montana-kanye-west-and-saint-jhn-stand-united-slowed-down-lyrics,French Montana,Buju Banton
Stand United (Sped Up),,2024.0,10086568,https://genius.com/French-montana-kanye-west-and-saint-jhn-stand-united-sped-up-lyrics,French Montana,Buju Banton
Stand Up,,2003.0,2028,https://genius.com/Ludacris-stand-up-lyrics,Ludacris,Shawnna
Stand Up (Clean),,,1992882,https://genius.com/Ludacris-stand-up-clean-lyrics,Ludacris,Shawnna
Star Time,,,9995393,https://genius.com/Kanye-west-star-time-lyrics,Kanye West,.idk.
Star Time,,,9995393,https://genius.com/Kanye-west-star-time-lyrics,Kanye West,Anderson .Paak
Star Time,,,9995393,https://genius.com/Kanye-west-star-time-lyrics,Kanye West,88-Keys
Star Time [version 2],,,10501130,https://genius.com/Kanye-west-star-time-version-2-lyrics,Kanye West,The-Dream
Star Time [version 2],,,10501130,https://genius.com/Kanye-west-star-time-version-2-lyrics,Kanye West,G-Eazy
Stars and Snow,,,13165314,https://genius.com/James-blake-stars-and-snow-lyrics,James Blake,A$AP Rocky
Stars and Snow,,,13165314,https://genius.com/James-blake-stars-and-snow-lyrics,James Blake,slowthai
Starstruck,,2009.0,81060,https://genius.com/Big-sean-starstruck-lyrics,Big Sean,Santigold
Start It Up,,2010.0,1675,https://genius.com/Lloyd-banks-start-it-up-lyrics,Lloyd Banks,Kanye West
Start It Up,,2010.0,1675,https://genius.com/Lloyd-banks-start-it-up-lyrics,Lloyd Banks,Swizz Beatz
Start It Up,,2010.0,1675,https://genius.com/Lloyd-banks-start-it-up-lyrics,Lloyd Banks,Ryan Leslie
Start It Up (Extended),,2010.0,3912479,https://genius.com/Lloyd-banks-start-it-up-extended-lyrics,Lloyd Banks,Ryan Leslie
Start It Up (Extended),,2010.0,3912479,https://genius.com/Lloyd-banks-start-it-up-extended-lyrics,Lloyd Banks,Swizz Beatz
Start It Up (Extended),,2010.0,3912479,https://genius.com/Lloyd-banks-start-it-up-extended-lyrics,Lloyd Banks,Kanye West
Start It Up (Extended),,2010.0,3912479,https://genius.com/Lloyd-banks-start-it-up-extended-lyrics,Lloyd Banks,Pusha T
Start Time (Star Time),,,10598206,https://genius.com/Kanye-west-start-time-star-time-lyrics,Kanye West,The-Dream
Start the Show,,2007.0,6797229,https://genius.com/Common-start-the-show-lyrics,Common,Kanye West
Started A Church I Wasn’t Christian Enough (Freestyle),,,8453539,https://genius.com/Kanye-west-started-a-church-i-wasnt-christian-enough-freestyle-lyrics,Kanye West,Caliveli
State of the Union,,2019.0,4592423,https://genius.com/Jim-jones-state-of-the-union-lyrics,Jim Jones,Rick Ross
Statement On Jay Z & Solange Elevator Fight,,2014.0,430844,https://genius.com/Beyonce-statement-on-jay-z-and-solange-elevator-fight-lyrics,Beyoncé,JAŸ-Z
Stay Schemin’,,2012.0,62991,https://genius.com/Rick-ross-stay-schemin-lyrics,Rick Ross,Drake
Stay Schemin’,,2012.0,62991,https://genius.com/Rick-ross-stay-schemin-lyrics,Rick Ross,French Montana
Stay Up! (Viagra),,2008.0,7191,https://genius.com/88-keys-stay-up-viagra-lyrics,88-Keys,Kanye West
Stay Up! (Viagra) [Snippet],,2007.0,3973746,https://genius.com/88-keys-stay-up-viagra-snippet-lyrics,88-Keys,Malik Yusef
Stay Up! (Viagra) [Snippet],,2007.0,3973746,https://genius.com/88-keys-stay-up-viagra-snippet-lyrics,88-Keys,Kanye West
Stay With Me (By the Sea),,2008.0,783643,https://genius.com/Al-green-stay-with-me-by-the-sea-lyrics,Al Green,John Legend
Steamroller,,2010.0,49313,https://genius.com/Domo-genesis-steamroller-lyrics,Domo Genesis,Frank Ocean
Stella Rose,,,13749091,https://genius.com/Felonie-fartinez-stella-rose-lyrics,Felonie Fartinez,Diddy
Stella Rose,,,13749091,https://genius.com/Felonie-fartinez-stella-rose-lyrics,Felonie Fartinez,Kanye West
Still Dreaming,,2006.0,1818,https://genius.com/Nas-still-dreaming-lyrics,Nas,Kanye West
Stop Looking For This,,,9118180,https://genius.com/Kanye-west-stop-looking-for-this-lyrics,Kanye West,VIC MENSA
Stop Looking For This (VIC MENSA Reference),,,9118162,https://genius.com/Kanye-west-stop-looking-for-this-vic-mensa-reference-lyrics,Kanye West,VIC MENSA
Strange Fruit,,2009.0,50128,https://genius.com/Common-strange-fruit-lyrics,Common,John Legend
Strawberry Blush,,2022.0,8269242,https://genius.com/John-legend-strawberry-blush-lyrics,John Legend,Free Nationals
Street Light,,2023.0,12325889,https://genius.com/Kanye-west-street-light-lyrics,Kanye West,Freddie Gibbs
Strength of A Song,,,11513276,https://genius.com/Lonnie-holley-strength-of-a-song-lyrics,Lonnie Holley,Alabaster dePlume
Strong Enough,,2013.0,3444062,https://genius.com/Haim-strong-enough-lyrics,HAIM,Lorde
Stronger than Hulk,,2008.0,7955306,https://genius.com/Supershirt-stronger-than-hulk-lyrics,Supershirt,Kanye West
Stuck In The Middle,,2016.0,2891144,https://genius.com/The-world-famous-tony-williams-stuck-in-the-middle-lyrics,The World Famous Tony Williams,CyHi
Stuff,,2025.0,11138088,https://genius.com/Lil-baby-stuff-lyrics,Lil Baby,Travis Scott
Success,,2007.0,146,https://genius.com/Jay-z-success-lyrics,JAŸ-Z,Nas
Success (A Cappella),,2007.0,6770581,https://genius.com/Jay-z-success-a-cappella-lyrics,JAŸ-Z,Nas
Sue Me,,2019.0,4912293,https://genius.com/Wale-sue-me-lyrics,Wale,Kelly Price
Suicidal ’Thoughts (DJ White Lotus Runaway Mashup),,2013.0,12959903,https://genius.com/Dj-white-lotus-suicidal-thoughts-dj-white-lotus-runaway-mashup-lyrics,DJ White Lotus,Kanye West
Suitcase,,2013.0,290277,https://genius.com/Vic-mensa-suitcase-lyrics,VIC MENSA,Chance the Rapper
Sullen Sunday,,2020.0,6040076,https://genius.com/Ant-clemons-sullen-sunday-lyrics,Ant Clemons,Ty Dolla $ign
Summer Friends,,2016.0,2472234,https://genius.com/Chance-the-rapper-summer-friends-lyrics,Chance the Rapper,Francis and the Lights
Summer Friends,,2016.0,2472234,https://genius.com/Chance-the-rapper-summer-friends-lyrics,Chance the Rapper,Jeremih
Summer Reign,,2019.0,4747321,https://genius.com/Rick-ross-summer-reign-lyrics,Rick Ross,Summer Walker
Summer Seventeen,,2017.0,3019841,https://genius.com/Rick-ross-summer-seventeen-lyrics,Rick Ross,Yo Gotti
Sunday,,2013.0,188765,https://genius.com/Earl-sweatshirt-sunday-lyrics,Earl Sweatshirt,Frank Ocean
Sunday Morning Jetpack,,2017.0,2959781,https://genius.com/Big-sean-sunday-morning-jetpack-lyrics,Big Sean,The-Dream
Sunshine on My Back,,2015.0,738074,https://genius.com/The-national-sunshine-on-my-back-lyrics,The National,Sharon Van Etten
Supa Sexxy,,2009.0,819548,https://genius.com/Charlie-wilson-supa-sexxy-lyrics,Charlie Wilson,T-Pain
Supa Sexxy,,2009.0,819548,https://genius.com/Charlie-wilson-supa-sexxy-lyrics,Charlie Wilson,Jamie Foxx
Super Bowl LIII Halftime Show,,2019.0,10859924,https://genius.com/Maroon-5-super-bowl-liii-halftime-show-lyrics,Maroon 5,Travis Scott
Super Bowl XLVI Halftime Show,,2012.0,7426039,https://genius.com/Madonna-super-bowl-xlvi-halftime-show-annotated,Madonna,M.I.A.
Super Bowl XLVI Halftime Show,,2012.0,7426039,https://genius.com/Madonna-super-bowl-xlvi-halftime-show-annotated,Madonna,Nicki Minaj
Super Freaky Girl / Fergalicious [Mixed],,2022.0,8568170,https://genius.com/Nicki-minaj-and-fergie-super-freaky-girl-fergalicious-mixed-lyrics,Nicki Minaj,will.i.am
Super High,,2010.0,492,https://genius.com/Rick-ross-super-high-lyrics,Rick Ross,Ne-Yo
Super Rich Kids,,2012.0,78960,https://genius.com/Frank-ocean-super-rich-kids-lyrics,Frank Ocean,Earl Sweatshirt
Supermoon Made Me Want to Pee,,2012.0,1802595,https://genius.com/The-flaming-lips-supermoon-made-me-want-to-pee-lyrics,The Flaming Lips,Prefuse 73
Supernova,,2009.0,32844,https://genius.com/Mr-hudson-supernova-lyrics,Mr Hudson,Kanye West
Superpower,,2013.0,299152,https://genius.com/Beyonce-superpower-lyrics,Beyoncé,Frank Ocean
Surprise Ending,,2008.0,60161,https://genius.com/Brandy-surprise-ending-lyrics,Brandy,Frank Ocean
Survival,,2019.0,4701128,https://genius.com/Dua-saleh-survival-lyrics,Dua Saleh,Velvet Negroni
Survive (Tee Grizzley Reference),,,8220828,https://genius.com/Kanye-west-survive-tee-grizzley-reference-lyrics,Kanye West,Tee Grizzley
Swag Me Out,,2010.0,5418,https://genius.com/Odd-future-swag-me-out-lyrics,Odd Future,Earl Sweatshirt
Swag Me Out,,2010.0,5418,https://genius.com/Odd-future-swag-me-out-lyrics,Odd Future,"Tyler, The Creator"
Swagga Like Us,,2008.0,182,https://genius.com/Ti-swagga-like-us-lyrics,T.I.,JAŸ-Z
Swagga Like Us,,2008.0,182,https://genius.com/Ti-swagga-like-us-lyrics,T.I.,Kanye West
Swagga Like Us,,2008.0,182,https://genius.com/Ti-swagga-like-us-lyrics,T.I.,Lil Wayne
Swagger From Us,,2008.0,28756,https://genius.com/Lil-wayne-swagger-from-us-lyrics,Lil Wayne,Twista
Swagger From Us,,2008.0,28756,https://genius.com/Lil-wayne-swagger-from-us-lyrics,Lil Wayne,Jim Jones
Swagger Like Us,,2011.0,8913217,https://genius.com/Lil-wayne-swagger-like-us-lyrics,Lil Wayne,Kanye West
Sway in the Morning interview with Kanye West (Excerpts),,2013.0,283507,https://genius.com/Sway-in-the-morning-sway-in-the-morning-interview-with-kanye-west-excerpts-annotated,Sway in the Morning,Kanye West
Sweat On My Face,,2024.0,10679206,https://genius.com/The-pastelle-collective-yedits-sweat-on-my-face-lyrics,The Pastelle Collective (Yedits),Yasiin Bey
Sweat On My Face,,2024.0,10679206,https://genius.com/The-pastelle-collective-yedits-sweat-on-my-face-lyrics,The Pastelle Collective (Yedits),Talib Kweli
Sweat on My Face,,,5806493,https://genius.com/Kanye-west-sweat-on-my-face-lyrics,Kanye West,Yasiin Bey
Sweet Dreams,,2009.0,1154,https://genius.com/Lil-wayne-sweet-dreams-lyrics,Lil Wayne,Beyoncé
Sweet Dreams,,2009.0,1154,https://genius.com/Lil-wayne-sweet-dreams-lyrics,Lil Wayne,Nicki Minaj
Sweet Jesus,,,11447971,https://genius.com/Kanye-west-sweet-jesus-lyrics,Kanye West,Sunday Service Choir
Sweet Life,,2022.0,3340008,https://genius.com/Rick-ross-sweet-life-lyrics,Rick Ross,John Legend
Sweet Serenade,,2013.0,211522,https://genius.com/Pusha-t-sweet-serenade-lyrics,Pusha T,Chris Brown
Sweet Summer Sweat,,2020.0,5856605,https://genius.com/Jim-e-stack-sweet-summer-sweat-lyrics,Jim-E Stack,Dijon
Sweet Thang,,,9286027,https://genius.com/Tyler-the-creator-sweet-thang-lyrics,"Tyler, The Creator",Frank Ocean
Sweet*,,,8854180,https://genius.com/Daniel-caesar-sweet-lyrics,Daniel Caesar,Fousheé
Sweetest Girl,,2008.0,79038,https://genius.com/Nicki-minaj-sweetest-girl-lyrics,Nicki Minaj,Lil Wayne
Swing By My Way,,2003.0,298869,https://genius.com/William-swing-by-my-way-lyrics,will.i.am,John Legend
Swipe Life,,2016.0,2451520,https://genius.com/A-ap-ferg-swipe-life-lyrics,A$AP Ferg,Rick Ross
Switch Lanes,,2013.0,85596,https://genius.com/Tyga-switch-lanes-lyrics,Tyga,The Game
T-Shirt,,,6152460,https://genius.com/Ant-clemons-t-shirt-lyrics,Ant Clemons,Chance the Rapper
TALKING,,2024.0,9831214,https://genius.com/Kanye-west-and-ty-dolla-sign-talking-lyrics,"¥$, Kanye West & Ty Dolla $ign",North West
TAYLOR vs. TREADMILL,,2016.0,2449342,https://genius.com/Apple-music-taylor-vs-treadmill-annotated,Apple Music,Drake
TAYLOR vs. TREADMILL,,2016.0,2449342,https://genius.com/Apple-music-taylor-vs-treadmill-annotated,Apple Music,Future
TAYLOR vs. TREADMILL,,2016.0,2449342,https://genius.com/Apple-music-taylor-vs-treadmill-annotated,Apple Music,Taylor Swift
TEKKEN,,,7163702,https://genius.com/Kanye-west-tekken-lyrics,Kanye West,6ix9ine
TEKKEN,,,7163702,https://genius.com/Kanye-west-tekken-lyrics,Kanye West,Azealia Banks
TELEKINESIS,,2023.0,9368456,https://genius.com/Travis-scott-telekinesis-lyrics,Travis Scott,SZA
TELEKINESIS,,2023.0,9368456,https://genius.com/Travis-scott-telekinesis-lyrics,Travis Scott,Future
TERIYA-KING,,2009.0,31863,https://genius.com/Teriyaki-boyz-teriya-king-lyrics,Teriyaki Boyz,Kanye West
TERIYA-KING,,2009.0,31863,https://genius.com/Teriyaki-boyz-teriya-king-lyrics,Teriyaki Boyz,Big Sean
THANK YOU KANYE!,,,7779367,https://genius.com/Jonnie-malone-thank-you-kanye-lyrics,Jonnie Malone,Kanye West
THE MALL,,,12665902,https://genius.com/The-pastelle-collective-yedits-the-mall-lyrics,The Pastelle Collective (Yedits),Post Malone
THE MALL,,,12665902,https://genius.com/The-pastelle-collective-yedits-the-mall-lyrics,The Pastelle Collective (Yedits),A$AP Rocky
THEY SO MAD,,,8317785,https://genius.com/Dj-khaled-they-so-mad-lyrics,DJ Khaled,Kanye West
THIRSTY,,,10719468,https://genius.com/Kanye-west-and-ty-dolla-sign-thirsty-lyrics,"¥$, Kanye West & Ty Dolla $ign",Teezo Touchdown
THIS IS MY YEAR,,2021.0,6754293,https://genius.com/Dj-khaled-this-is-my-year-lyrics,DJ Khaled,Diddy
THIS IS MY YEAR,,2021.0,6754293,https://genius.com/Dj-khaled-this-is-my-year-lyrics,DJ Khaled,Rick Ross
THIS IS MY YEAR,,2021.0,6754293,https://genius.com/Dj-khaled-this-is-my-year-lyrics,DJ Khaled,Big Sean
THIS ONE HERE (Reference),,,12955361,https://genius.com/Kanye-west-this-one-here-reference-lyrics,Kanye West,Don Toliver
THIS ONE HERE (Saintboy Reference),,,13274398,https://genius.com/Kanye-west-this-one-here-saintboy-reference-lyrics,Kanye West,Saintboy
THat Part,,2016.0,2472238,https://genius.com/Schoolboy-q-that-part-lyrics,ScHoolboy Q,Kanye West
TIL FURTHER NOTICE,,2023.0,9354764,https://genius.com/Travis-scott-til-further-notice-lyrics,Travis Scott,James Blake
TIL FURTHER NOTICE,,2023.0,9354764,https://genius.com/Travis-scott-til-further-notice-lyrics,Travis Scott,21 Savage
TIL FURTHER NOTICE (CIRCUS MAXIMUS Version),,,9440401,https://genius.com/Travis-scott-til-further-notice-circus-maximus-version-lyrics,Travis Scott,James Blake
TIL FURTHER NOTICE (Original),,,9104119,https://genius.com/Metro-boomin-til-further-notice-original-lyrics,Metro Boomin,James Blake
TIL FURTHER NOTICE (Original),,,9104119,https://genius.com/Metro-boomin-til-further-notice-original-lyrics,Metro Boomin,21 Savage
TIL FURTHER NOTICE (Original),,,9104119,https://genius.com/Metro-boomin-til-further-notice-original-lyrics,Metro Boomin,Travis Scott
TIME 100: Taylor Swift (2019),,2019.0,4482344,https://genius.com/Time-magazine-time-100-taylor-swift-2019-annotated,TIME Magazine,Taylor Swift
TIME MIGHT ALWAYS MOVE SLOW,,,12614826,https://genius.com/Playboi-carti-time-might-always-move-slow-lyrics,Playboi Carti,Westside Gunn
TIME MOVING SLOW (Young Moose Reference),,,11043147,https://genius.com/Kanye-west-and-ty-dolla-sign-time-moving-slow-young-moose-reference-lyrics,"¥$, Kanye West & Ty Dolla $ign",Young Moose
TOO EASY (DaBaby Reference),,,9009738,https://genius.com/Ye-too-easy-dababy-reference-lyrics,Ye,DaBaby
TOP FLOOR,,2020.0,5592325,https://genius.com/Gunna-top-floor-lyrics,Gunna,Travis Scott
TOP FLOOR (Original),,,13017809,https://genius.com/Gunna-top-floor-original-lyrics,Gunna,Travis Scott
TOPIA TWINS,,2023.0,9368460,https://genius.com/Travis-scott-topia-twins-lyrics,Travis Scott,Rob49
TOPIA TWINS,,2023.0,9368460,https://genius.com/Travis-scott-topia-twins-lyrics,Travis Scott,21 Savage
TRIM (Original),,,11599197,https://genius.com/Future-trim-original-lyrics,Future,Playboi Carti
TRIM (Original),,,11599197,https://genius.com/Future-trim-original-lyrics,Future,Travis Scott
TRUE LOVE (2022 G.O.O.D. Fridays Mix),,2022.0,10856659,https://genius.com/Ye-true-love-2022-good-fridays-mix-lyrics,Ye,XXXTENTACION
TRUE LOVE (Bump J Reference),,,9757756,https://genius.com/Ye-true-love-bump-j-reference-lyrics,Ye,XXXTENTACION
TRUE LOVE (Bump J Reference),,,9757756,https://genius.com/Ye-true-love-bump-j-reference-lyrics,Ye,Bump J
TRUE LOVE (CyHi Reference),,,8868597,https://genius.com/Ye-true-love-cyhi-reference-lyrics,Ye,XXXTENTACION
TRUE LOVE (CyHi Reference),,,8868597,https://genius.com/Ye-true-love-cyhi-reference-lyrics,Ye,CyHi
TRUE LOVE (Fat Money Reference),,,8855974,https://genius.com/Ye-true-love-fat-money-reference-lyrics,Ye,XXXTENTACION
TRUE LOVE (Fat Money Reference),,,8855974,https://genius.com/Ye-true-love-fat-money-reference-lyrics,Ye,Fat Money
TRUE LOVE (Freestyle),,2022.0,9658361,https://genius.com/Ye-true-love-freestyle-lyrics,Ye,XXXTENTACION
TRUE LOVE (Jack Harlow Reference),,,8868596,https://genius.com/Ye-true-love-jack-harlow-reference-lyrics,Ye,Jack Harlow
TRUE LOVE (Jack Harlow Reference),,,8868596,https://genius.com/Ye-true-love-jack-harlow-reference-lyrics,Ye,XXXTENTACION
TRUE LOVE (Moneybagg Yo Reference),,,9661086,https://genius.com/Ye-true-love-moneybagg-yo-reference-lyrics,Ye,XXXTENTACION
TRUE LOVE (Moneybagg Yo Reference),,,9661086,https://genius.com/Ye-true-love-moneybagg-yo-reference-lyrics,Ye,Moneybagg Yo
TW2054*,,,9114861,https://genius.com/Kaycyy-tw2054-lyrics,KayCyy,Kanye West
Ta-ra-ra Ay!,,2012.0,2386727,https://genius.com/The-cleveland-show-ta-ra-ra-ay-lyrics,The Cleveland Show,Kanye West
TaTaTa,,2025.0,11881509,https://genius.com/Burna-boy-tatata-lyrics,Burna Boy,Travis Scott
Take Advantage,,2015.0,2296241,https://genius.com/Rick-ross-take-advantage-lyrics,Rick Ross,Future
Take It As A Loss,,2004.0,78739,https://genius.com/Consequence-take-it-as-a-loss-lyrics,Consequence,Kanye West
Take It to the Head,,2012.0,69473,https://genius.com/Dj-khaled-take-it-to-the-head-lyrics,DJ Khaled,Chris Brown
Take It to the Head,,2012.0,69473,https://genius.com/Dj-khaled-take-it-to-the-head-lyrics,DJ Khaled,Rick Ross
Take It to the Head,,2012.0,69473,https://genius.com/Dj-khaled-take-it-to-the-head-lyrics,DJ Khaled,Nicki Minaj
Take It to the Head,,2012.0,69473,https://genius.com/Dj-khaled-take-it-to-the-head-lyrics,DJ Khaled,Lil Wayne
Take Me Away,,2017.0,3183203,https://genius.com/Daniel-caesar-take-me-away-lyrics,Daniel Caesar,Syd
Take Me To The Light [V6],,,13747287,https://genius.com/Kanye-west-take-me-to-the-light-v6-lyrics,Kanye West,Francis and the Lights
Take Me To The Light [V6],,,13747287,https://genius.com/Kanye-west-take-me-to-the-light-v6-lyrics,Kanye West,Bon Iver
Take Me To The Light [V6],,,13747287,https://genius.com/Kanye-west-take-me-to-the-light-v6-lyrics,Kanye West,Caroline Shaw
Take Me To The Light [V6],,,13747287,https://genius.com/Kanye-west-take-me-to-the-light-v6-lyrics,Kanye West,Chance the Rapper
Take Me To The Light [V6],,,13747287,https://genius.com/Kanye-west-take-me-to-the-light-v6-lyrics,Kanye West,Ant Clemons
Take Me to the Light,,2019.0,3971637,https://genius.com/Francis-and-the-lights-take-me-to-the-light-lyrics,Francis and the Lights,Bon Iver
Take Me to the Light,,2019.0,3971637,https://genius.com/Francis-and-the-lights-take-me-to-the-light-lyrics,Francis and the Lights,Kanye West
Take One For The Team,,2010.0,1527,https://genius.com/Kanye-west-take-one-for-the-team-lyrics,Kanye West,Pusha T
Take One For The Team,,2010.0,1527,https://genius.com/Kanye-west-take-one-for-the-team-lyrics,Kanye West,Keri Hilson
Take One For The Team,,2010.0,1527,https://genius.com/Kanye-west-take-one-for-the-team-lyrics,Kanye West,CyHi
Take Them Down,,2023.0,9524738,https://genius.com/John-legend-take-them-down-lyrics,John Legend,Ariana Grande
Take What You Want,,2019.0,4839109,https://genius.com/Post-malone-take-what-you-want-lyrics,Post Malone,Travis Scott
Take What You Want (Extended Version),,2020.0,12125592,https://genius.com/Post-malone-take-what-you-want-extended-version-lyrics,Post Malone,Travis Scott
Take Your Mask Off,,2024.0,11022383,https://genius.com/Tyler-the-creator-take-your-mask-off-lyrics,"Tyler, The Creator",Daniel Caesar
Take Your Mask Off (Test Pressing Version),,2024.0,11069148,https://genius.com/Tyler-the-creator-take-your-mask-off-test-pressing-version-lyrics,"Tyler, The Creator",Daniel Caesar
Take a Fall for Me,,2013.0,136390,https://genius.com/James-blake-take-a-fall-for-me-lyrics,James Blake,RZA
Takeoff,,,6059819,https://genius.com/Bby-goyard-takeoff-lyrics,BBY GOYARD,Travis Scott
Talk About Our Love,,2004.0,151360,https://genius.com/Brandy-talk-about-our-love-lyrics,Brandy,Kanye West
Talk That Talk,,2012.0,58990,https://genius.com/Rihanna-talk-that-talk-lyrics,Rihanna,JAŸ-Z
Talk To Me Nice*,,,9826302,https://genius.com/Travis-scott-talk-to-me-nice-lyrics,Travis Scott,Brent Faiyaz
Talk Up,,2018.0,3807753,https://genius.com/Drake-talk-up-lyrics,Drake,JAŸ-Z
Talking Points,,2019.0,5098178,https://genius.com/Theodore-shapiro-talking-points-lyrics,Theodore Shapiro,Caroline Shaw
Tangerine,,2015.0,2293464,https://genius.com/Miley-cyrus-tangerine-lyrics,Miley Cyrus,Big Sean
Tantrums,,2024.0,10340561,https://genius.com/Normani-tantrums-lyrics,Normani,James Blake
Tap In,,,4628144,https://genius.com/Ty-dolla-sign-tap-in-lyrics,Ty Dolla $ign,Tyga
Tasered and Maced,,2012.0,1848211,https://genius.com/The-flaming-lips-tasered-and-maced-lyrics,The Flaming Lips,Aaron Behrens
Tats on My Arm,,2011.0,56513,https://genius.com/Wale-tats-on-my-arm-lyrics,Wale,Rick Ross
Taxi Cab,,,6845523,https://genius.com/Vic-mensa-taxi-cab-lyrics,VIC MENSA,Chance the Rapper
"Taylor Swift Interviews Rock ’n’ Roll Icon Pattie Boyd on Songwriting, Beatlemania, & the Power of Being a Muse",,2018.0,3830257,https://genius.com/Harpers-bazaar-taylor-swift-interviews-rock-n-roll-icon-pattie-boyd-on-songwriting-beatlemania-and-the-power-of-being-a-muse-annotated,Harper’s Bazaar,Taylor Swift
"Taylor Swift on Sexism, Scrutiny, and Standing Up for Herself",,2019.0,4766261,https://genius.com/Vogue-taylor-swift-on-sexism-scrutiny-and-standing-up-for-herself-annotated,Vogue,Taylor Swift
"Taylor Swift on “Bad Blood,” Kanye West, and How People Interpret Her Lyrics",,2015.0,5729704,https://genius.com/Gq-magazine-taylor-swift-on-bad-blood-kanye-west-and-how-people-interpret-her-lyrics-annotated,GQ Magazine,Taylor Swift
Taylor Swift’s First Phone Call With Tim McGraw,,2007.0,1026515,https://genius.com/Taylor-swift-taylor-swifts-first-phone-call-with-tim-mcgraw-annotated,Taylor Swift,Tim McGraw
Taylor Swift’s Solo Act,,2010.0,3791697,https://genius.com/Wall-street-journal-taylor-swifts-solo-act-annotated,Wall Street Journal,Taylor Swift
Tear Gas,,2022.0,5620311,https://genius.com/Conway-the-machine-tear-gas-lyrics,Conway the Machine,Rick Ross
Tear Gas,,2022.0,5620311,https://genius.com/Conway-the-machine-tear-gas-lyrics,Conway the Machine,Lil Wayne
Teenage Numbers,,2010.0,201682,https://genius.com/Yo-gotti-teenage-numbers-lyrics,Yo Gotti,Rick Ross
Television,,2024.0,10631798,https://genius.com/Dua-saleh-television-lyrics,Dua Saleh,Ambré
Television Waterfall,,2016.0,11821782,https://genius.com/Frank-ocean-television-waterfall-annotated,Frank Ocean,Gary Card
Tell Everybody That You Know,,2008.0,9386957,https://genius.com/Kanye-west-tell-everybody-that-you-know-lyrics,Kanye West,Lil Wayne
Tell Me More,,2021.0,6673514,https://genius.com/Sean-paul-tell-me-more-lyrics,Sean Paul,Ilsey
Tell The Vision,,2021.0,7029976,https://genius.com/Kanye-west-tell-the-vision-lyrics,Kanye West,Pop Smoke
Tell The Vision (Original),,,9512699,https://genius.com/Kanye-west-tell-the-vision-original-lyrics,Kanye West,Pop Smoke
Tell The Vision (Original),,,9512699,https://genius.com/Kanye-west-tell-the-vision-original-lyrics,Kanye West,2 Chainz
Tell The Vision (Original),,,9512699,https://genius.com/Kanye-west-tell-the-vision-original-lyrics,Kanye West,Conway the Machine
Tell Them,,2019.0,4201750,https://genius.com/James-blake-tell-them-lyrics,James Blake,Metro Boomin
Tell Them,,2019.0,4201750,https://genius.com/James-blake-tell-them-lyrics,James Blake,Moses Sumney
Tell the Vision,,2021.0,7003254,https://genius.com/Pop-smoke-tell-the-vision-lyrics,Pop Smoke,Pusha T
Tell the Vision,,2021.0,7003254,https://genius.com/Pop-smoke-tell-the-vision-lyrics,Pop Smoke,Kanye West
Tennessee Stud,,2002.0,9795792,https://genius.com/The-chieftains-tennessee-stud-lyrics,The Chieftains,Jeff White
Tennessee Waltz / Tennessee Mazurka,,,941330,https://genius.com/The-chieftains-tennessee-waltz-tennessee-mazurka-lyrics,The Chieftains,Tom Jones
Texas Cyclone,,2019.0,5080508,https://genius.com/Sauce-walka-texas-cyclone-lyrics,Sauce Walka,Travis Scott
Tfue freestyle,,,10283013,https://genius.com/Melz-artist-tfue-freestyle-lyrics,Melz (artist),Frank Ocean
Tha Doggfather,,1996.0,43112,https://genius.com/Snoop-dogg-tha-doggfather-lyrics,Snoop Dogg,Charlie Wilson
Thank Barbie & Baby,,,8862495,https://genius.com/Lil-baby-thank-barbie-and-baby-lyrics,Lil Baby,Nicki Minaj
Thank You,,2013.0,256016,https://genius.com/Busta-rhymes-thank-you-lyrics,Busta Rhymes,Kanye West
Thank You,,2013.0,256016,https://genius.com/Busta-rhymes-thank-you-lyrics,Busta Rhymes,Lil Wayne
Thank You,,2013.0,256016,https://genius.com/Busta-rhymes-thank-you-lyrics,Busta Rhymes,Q-Tip
Thank You Vol. 2,,,9293058,https://genius.com/Kanye-west-thank-you-vol-2-lyrics,Kanye West,Kid Cudi
Thanks Ye,,2020.0,5219932,https://genius.com/Consequence-thanks-ye-lyrics,Consequence,KayCyy
Thanks Ye,,2020.0,5219932,https://genius.com/Consequence-thanks-ye-lyrics,Consequence,Ant Clemons
That Ain’t My Trip,,2012.0,1318799,https://genius.com/The-flaming-lips-that-aint-my-trip-lyrics,The Flaming Lips,Jim James
That Girl,,2006.0,1758,https://genius.com/Pharrell-williams-that-girl-lyrics,Pharrell Williams,Charlie Wilson
That Girl,,2006.0,1758,https://genius.com/Pharrell-williams-that-girl-lyrics,Pharrell Williams,Snoop Dogg
That Way,,2011.0,50123,https://genius.com/Wale-that-way-lyrics,Wale,Rick Ross
That Way,,2011.0,50123,https://genius.com/Wale-that-way-lyrics,Wale,Jeremih
That’s How You Like It,,2003.0,32869,https://genius.com/Beyonce-thats-how-you-like-it-lyrics,Beyoncé,JAŸ-Z
That’s My Bitch,,2024.0,10679243,https://genius.com/The-pastelle-collective-yedits-thats-my-bitch-lyrics,The Pastelle Collective (Yedits),JAŸ-Z
That’s My Bitch,,2024.0,10679243,https://genius.com/The-pastelle-collective-yedits-thats-my-bitch-lyrics,The Pastelle Collective (Yedits),Electrik Red
That’s My Bitch,,2024.0,10679243,https://genius.com/The-pastelle-collective-yedits-thats-my-bitch-lyrics,The Pastelle Collective (Yedits),Charlie Wilson
That’s My Bitch,,2024.0,10679243,https://genius.com/The-pastelle-collective-yedits-thats-my-bitch-lyrics,The Pastelle Collective (Yedits),Bon Iver
That’s My S**t,,,2102074,https://genius.com/The-dream-thats-my-st-lyrics,The-Dream,T.I.
That’s My Shit,,2014.0,657086,https://genius.com/The-dream-thats-my-shit-lyrics,The-Dream,T.I.
That’s On You,,,11602770,https://genius.com/Kanye-west-thats-on-you-lyrics,Kanye West,Lil Uzi Vert
That’s What You Get,,2011.0,3024514,https://genius.com/Taylor-swift-thats-what-you-get-lyrics,Taylor Swift,Hayley Williams
That’s What’s Happenin’,,1999.0,6600326,https://genius.com/The-madd-rapper-thats-whats-happenin-lyrics,The Madd Rapper,Ma$e
That’s When (Taylor’s Version) [From the Vault],,2021.0,2973355,https://genius.com/Taylor-swift-thats-when-taylors-version-from-the-vault-lyrics,Taylor Swift,Keith Urban
That’s a Check,,2016.0,2943610,https://genius.com/Future-thats-a-check-lyrics,Future,Rick Ross
The 1 That Got Away / No Shoes,,2018.0,4149682,https://genius.com/Vic-mensa-the-1-that-got-away-no-shoes-lyrics,VIC MENSA,Charlie Wilson
The Alcott,,2023.0,8714086,https://genius.com/The-national-the-alcott-lyrics,The National,Taylor Swift
The Anti-Anti-Hero,,2023.0,9709450,https://genius.com/There-i-ruined-it-the-anti-anti-hero-lyrics,There I Ruined It,Taylor Swift
The Author & The Prophet,,,12789616,https://genius.com/Chance-the-rapper-the-author-and-the-prophet-lyrics,Chance the Rapper,VIC MENSA
The Believer,,2011.0,60845,https://genius.com/Common-the-believer-lyrics,Common,John Legend
The Big Day,,2019.0,4730281,https://genius.com/Chance-the-rapper-the-big-day-lyrics,Chance the Rapper,Francis and the Lights
The Big Screen,,2008.0,21223,https://genius.com/Glc-the-big-screen-lyrics,GLC,Kanye West
The Blinding,,2020.0,5345197,https://genius.com/Jay-electronica-the-blinding-lyrics,Jay Electronica,JAŸ-Z
The Blinding,,2020.0,5345197,https://genius.com/Jay-electronica-the-blinding-lyrics,Jay Electronica,Travis Scott
The Boss,,2008.0,4149,https://genius.com/Rick-ross-the-boss-lyrics,Rick Ross,T-Pain
The Bounce,,2002.0,2462,https://genius.com/Jay-z-the-bounce-lyrics,JAŸ-Z,Kanye West
The Brenda Song,,2021.0,7027170,https://genius.com/Abstract-mindstate-the-brenda-song-lyrics,Abstract Mindstate,Kanye West
The Burden (I Turned Nothing Into Something),,,11513273,https://genius.com/Lonnie-holley-the-burden-i-turned-nothing-into-something-lyrics,Lonnie Holley,Angel Bat Dawid
The Chieftains Reunion,,2012.0,6445388,https://genius.com/The-chieftains-the-chieftains-reunion-lyrics,The Chieftains,Michael Tubridy
The Chieftains Reunion,,2012.0,6445388,https://genius.com/The-chieftains-the-chieftains-reunion-lyrics,The Chieftains,Seán Potts
The Chieftains in Orbit,,2012.0,6445389,https://genius.com/The-chieftains-the-chieftains-in-orbit-lyrics,The Chieftains,Catherine Coleman
The Conversation,,2007.0,6345599,https://genius.com/Busta-rhymes-and-j-dilla-the-conversation-lyrics,Busta Rhymes,Talib Kweli
The Corner,,2005.0,6290,https://genius.com/Common-the-corner-lyrics,Common,Kanye West
The Creep,,2011.0,3870,https://genius.com/The-lonely-island-the-creep-lyrics,The Lonely Island,Nicki Minaj
The Devil Is a Lie,,2013.0,306279,https://genius.com/Rick-ross-the-devil-is-a-lie-lyrics,Rick Ross,JAŸ-Z
The End,,2014.0,480141,https://genius.com/Jeremih-and-shlohmo-the-end-lyrics,Jeremih,Chance the Rapper
The Fall,,2025.0,12859335,https://genius.com/Theodore-shapiro-the-fall-lyrics,Theodore Shapiro,Caroline Shaw
The Fiddling Ladies,,1999.0,5673206,https://genius.com/The-chieftains-the-fiddling-ladies-lyrics,The Chieftains,Natalie MacMaster
The Fiddling Ladies,,1999.0,5673206,https://genius.com/The-chieftains-the-fiddling-ladies-lyrics,The Chieftains,Máire Breatnach
The Fiddling Ladies,,1999.0,5673206,https://genius.com/The-chieftains-the-fiddling-ladies-lyrics,The Chieftains,Eileen Ivers
The Fiddling Ladies,,1999.0,5673206,https://genius.com/The-chieftains-the-fiddling-ladies-lyrics,The Chieftains,Annbjørg Lien
The Field,,2025.0,11916227,https://genius.com/Blood-orange-the-field-lyrics,Blood Orange,Daniel Caesar
The Fighting Donellys,,1992.0,13259438,https://genius.com/John-williams-the-fighting-donellys-lyrics,John Williams,The Chieftains
The First Time Ever I Saw Your Face,,2011.0,1810232,https://genius.com/The-flaming-lips-the-first-time-ever-i-saw-your-face-lyrics,The Flaming Lips,Erykah Badu
The Foggy Dew,,1995.0,420138,https://genius.com/The-chieftains-the-foggy-dew-lyrics,The Chieftains,Sinéad O’Connor
The Food,,2004.0,635,https://genius.com/Common-the-food-lyrics,Common,Kanye West
The Fourth Appendix,,,11663556,https://genius.com/Theodore-shapiro-the-fourth-appendix-lyrics,Theodore Shapiro,Rob Moose
The Frost Is All Over,,2012.0,1850144,https://genius.com/The-chieftains-the-frost-is-all-over-lyrics,The Chieftains,Punch Brothers
The Garden,,,5030863,https://genius.com/Kanye-west-the-garden-lyrics,Kanye West,Ty Dolla $ign
The Garden,,,5030863,https://genius.com/Kanye-west-the-garden-lyrics,Kanye West,Ant Clemons
The Garden,,,5030863,https://genius.com/Kanye-west-the-garden-lyrics,Kanye West,Teyana Taylor
The Garden,,,5030863,https://genius.com/Kanye-west-the-garden-lyrics,Kanye West,The-Dream
The Golden Path,,2003.0,1196574,https://genius.com/The-chemical-brothers-the-golden-path-lyrics,The Chemical Brothers,The Flaming Lips
The Golden Path (Edit),,,1830604,https://genius.com/The-chemical-brothers-the-golden-path-edit-lyrics,The Chemical Brothers,The Flaming Lips
The Golden Path (Ewan Pearson extended vocal),,,1710794,https://genius.com/The-chemical-brothers-the-golden-path-ewan-pearson-extended-vocal-lyrics,The Chemical Brothers,The Flaming Lips
The Great Americans,,2013.0,217206,https://genius.com/Rick-ross-the-great-americans-lyrics,Rick Ross,Rockie Fresh
The Great Gig in the Sky,,2009.0,1429640,https://genius.com/The-flaming-lips-the-great-gig-in-the-sky-lyrics,The Flaming Lips,Peaches
The Greatest,,2007.0,8809957,https://genius.com/Nas-the-greatest-lyrics,Nas,JAŸ-Z
The Invasion (Hero),,2010.0,94621,https://genius.com/Trip-lee-the-invasion-hero-lyrics,Trip Lee,Lil Animus
The Killing Season,,2016.0,2904594,https://genius.com/A-tribe-called-quest-the-killing-season-lyrics,A Tribe Called Quest,Talib Kweli
The Killing Season,,2016.0,2904594,https://genius.com/A-tribe-called-quest-the-killing-season-lyrics,A Tribe Called Quest,Consequence
The Killing Season,,2016.0,2904594,https://genius.com/A-tribe-called-quest-the-killing-season-lyrics,A Tribe Called Quest,Kanye West
The Lark in the Clear Air / Olam Punch,,2012.0,2011184,https://genius.com/The-chieftains-the-lark-in-the-clear-air-olam-punch-lyrics,The Chieftains,Punch Brothers
The Last Time,,2012.0,102711,https://genius.com/Taylor-swift-the-last-time-lyrics,Taylor Swift,Gary Lightbody
The Last Time (Taylor’s Version),,2021.0,6688204,https://genius.com/Taylor-swift-the-last-time-taylors-version-lyrics,Taylor Swift,Gary Lightbody
The Last Time (VEVO Version),,2013.0,3304092,https://genius.com/Taylor-swift-the-last-time-vevo-version-lyrics,Taylor Swift,Gary Lightbody
The Legend of Griselda,,,6052838,https://genius.com/Tgod808-the-legend-of-griselda-lyrics,TGOD808,JAŸ-Z
The Life of a Showgirl,,2025.0,12498554,https://genius.com/Taylor-swift-the-life-of-a-showgirl-lyrics,Taylor Swift,Sabrina Carpenter
The Life of a Showgirl (Dressing Room Rehearsal Version),,2025.0,12508342,https://genius.com/Taylor-swift-the-life-of-a-showgirl-dressing-room-rehearsal-version-lyrics,Taylor Swift,Sabrina Carpenter
The Lily of the West,,,1293029,https://genius.com/The-chieftains-the-lily-of-the-west-lyrics,The Chieftains,Mark Knopfler
The London,,2019.0,4549336,https://genius.com/Young-thug-the-london-lyrics,Young Thug,J. Cole
The London,,2019.0,4549336,https://genius.com/Young-thug-the-london-lyrics,Young Thug,Travis Scott
The Long Black Veil,,,903176,https://genius.com/The-chieftains-the-long-black-veil-lyrics,The Chieftains,Mick Jagger
The Lost Carter IV Song,,,55617,https://genius.com/Lil-wayne-the-lost-carter-iv-song-lyrics,Lil Wayne,JAŸ-Z
The Lowlands Of Holland,,,747268,https://genius.com/Natalie-merchant-the-lowlands-of-holland-lyrics,Natalie Merchant,The Chieftains
The Lowlands of Holland,,1999.0,1574377,https://genius.com/The-chieftains-the-lowlands-of-holland-lyrics,The Chieftains,Natalie Merchant
The Magdalene Laundries,,1999.0,1312146,https://genius.com/The-chieftains-the-magdalene-laundries-lyrics,The Chieftains,Joni Mitchell
The Making Of A Song - ‘King of My Heart’,,2017.0,3404069,https://genius.com/Taylor-swift-the-making-of-a-song-king-of-my-heart-lyrics,Taylor Swift,Shellback
The Making Of A Song - ‘King of My Heart’,,2017.0,3404069,https://genius.com/Taylor-swift-the-making-of-a-song-king-of-my-heart-lyrics,Taylor Swift,Max Martin
The Mall,,,7817186,https://genius.com/Kanye-west-the-mall-lyrics,Kanye West,Post Malone
The Mind Is Powerful (Aasim Ref 2),,,11825776,https://genius.com/Kanye-west-the-mind-is-powerful-aasim-ref-2-lyrics,Kanye West,Aasim
The Mind Is Powerful (Aasim Ref 2),,,11825776,https://genius.com/Kanye-west-the-mind-is-powerful-aasim-ref-2-lyrics,Kanye West,The-Dream
The More I Get,,2010.0,5139821,https://genius.com/Consequence-the-more-i-get-lyrics,Consequence,Rick Ross
The Neverending Story,,2020.0,5345198,https://genius.com/Jay-electronica-the-neverending-story-lyrics,Jay Electronica,JAŸ-Z
The Neverending Story (Original Version),,,12919174,https://genius.com/Jay-electronica-the-neverending-story-original-version-lyrics,Jay Electronica,JAŸ-Z
The New Workout Plan (Long Version),,2004.0,25792,https://genius.com/Kanye-west-the-new-workout-plan-long-version-lyrics,Kanye West,Fonzworth Bentley
The People Freestyle,,2009.0,2292905,https://genius.com/Jadakiss-the-people-freestyle-lyrics,Jadakiss,Styles P
The Privilege of Teeth,,2025.0,12859370,https://genius.com/Theodore-shapiro-the-privilege-of-teeth-lyrics,Theodore Shapiro,Caroline Shaw
The Questions,,2019.0,5098184,https://genius.com/Theodore-shapiro-the-questions-lyrics,Theodore Shapiro,Caroline Shaw
The Rat King,,,6825861,https://genius.com/Bruce-hornsby-the-rat-king-lyrics,Bruce Hornsby,Rob Moose
The Real MVP,,2019.0,4796539,https://genius.com/Jeezy-the-real-mvp-lyrics,Jeezy,John Legend
The Rebel Jesus,,,1847480,https://genius.com/The-chieftains-the-rebel-jesus-lyrics,The Chieftains,Jackson Browne
The Relays,,2019.0,4402437,https://genius.com/Maxo-kream-the-relays-lyrics,Maxo Kream,Travis Scott
The Rocky Road to Dublin,,,1634992,https://genius.com/The-chieftains-the-rocky-road-to-dublin-lyrics,The Chieftains,The Rolling Stones
The Same Stars,,,11513274,https://genius.com/Lonnie-holley-the-same-stars-lyrics,Lonnie Holley,Joe Minter
The Same Stars,,,11513274,https://genius.com/Lonnie-holley-the-same-stars-lyrics,Lonnie Holley,Open Mike Eagle
The Sands of Mexico,,2010.0,5673406,https://genius.com/The-chieftains-the-sands-of-mexico-lyrics,The Chieftains,Ry Cooder
The Scientist,,2009.0,578476,https://genius.com/Nas-the-scientist-lyrics,Nas,JAŸ-Z
The Secret of Us Tour Dates,,,12243263,https://genius.com/Gracie-abrams-the-secret-of-us-tour-dates-annotated,Gracie Abrams,ROLE MODEL
The Secret of Us Tour Dates,,,12243263,https://genius.com/Gracie-abrams-the-secret-of-us-tour-dates-annotated,Gracie Abrams,Dora Jar
The Secret of Us Tour Dates,,,12243263,https://genius.com/Gracie-abrams-the-secret-of-us-tour-dates-annotated,Gracie Abrams,Ashe
The Secret of Us Tour Dates,,,12243263,https://genius.com/Gracie-abrams-the-secret-of-us-tour-dates-annotated,Gracie Abrams,Griff
The Secret of Us Tour Dates,,,12243263,https://genius.com/Gracie-abrams-the-secret-of-us-tour-dates-annotated,Gracie Abrams,Djo
The Sexiest,,,6413598,https://genius.com/The-zandigo-the-sexiest-lyrics,The Zandigo,Kanye West
The Show,,2012.0,104708,https://genius.com/Wale-the-show-lyrics,Wale,Rick Ross
The Storm,,,4128285,https://genius.com/Kanye-west-the-storm-lyrics,Kanye West,Ty Dolla $ign
The Storm,,,4128285,https://genius.com/Kanye-west-the-storm-lyrics,Kanye West,XXXTENTACION
The Storm,,,4128285,https://genius.com/Kanye-west-the-storm-lyrics,Kanye West,Kid Cudi
The Storm (Original),,,4938212,https://genius.com/Kanye-west-the-storm-original-lyrics,Kanye West,XXXTENTACION
The Storm (Original),,,4938212,https://genius.com/Kanye-west-the-storm-original-lyrics,Kanye West,Ty Dolla $ign
The Storm (Original),,,4938212,https://genius.com/Kanye-west-the-storm-original-lyrics,Kanye West,Kid Cudi
The Stranger,,2020.0,6288535,https://genius.com/Dijon-the-stranger-lyrics,Dijon,SACHI
The Stranger,,2020.0,6288535,https://genius.com/Dijon-the-stranger-lyrics,Dijon,Dan Reeder
The Stranger,,2020.0,6288535,https://genius.com/Dijon-the-stranger-lyrics,Dijon,Tobias Jesso Jr.
The Stranger,,2020.0,6288535,https://genius.com/Dijon-the-stranger-lyrics,Dijon,John C. Reilly
The Stranger,,2020.0,6288535,https://genius.com/Dijon-the-stranger-lyrics,Dijon,Becky and the Birds
The Summer League,,,729675,https://genius.com/Wale-the-summer-league-lyrics,Wale,Ty Dolla $ign
The Summer League,,,729675,https://genius.com/Wale-the-summer-league-lyrics,Wale,Kanye West
The Travis Scott Burger Meal | McDonald’s,,2020.0,5947631,https://genius.com/Travis-scott-the-travis-scott-burger-meal-mcdonalds-lyrics,Travis Scott,McDonald’s
The Way,,2015.0,1743373,https://genius.com/Kehlani-the-way-lyrics,Kehlani,Chance the Rapper
The Way It Is,,2017.0,3128591,https://genius.com/Meccah-dawn-the-way-it-is-lyrics,Meccah Dawn,Lil Animus
The Way That You Do,,,146671,https://genius.com/Carl-thomas-the-way-that-you-do-lyrics,Carl Thomas,Kanye West
The Way You Love Me,,2010.0,357644,https://genius.com/Keri-hilson-the-way-you-love-me-lyrics,Keri Hilson,Rick Ross
The Wexford Carol,,,1727005,https://genius.com/The-chieftains-the-wexford-carol-lyrics,The Chieftains,Nanci Griffith
The Whole City Behind Us,,2004.0,5442361,https://genius.com/The-game-the-whole-city-behind-us-lyrics,The Game,Ludacris
The Whole City Behind Us,,2004.0,5442361,https://genius.com/The-game-the-whole-city-behind-us-lyrics,The Game,Kanye West
The World We Need,,2023.0,9241923,https://genius.com/Rob-adcock-the-world-we-need-lyrics,Rob Adcock,Taylor Swift
The Zenith,,2012.0,78678,https://genius.com/Wale-the-zenith-lyrics,Wale,Rick Ross
The show must go on,,2025.0,13083193,https://genius.com/Taylor-swift-the-show-must-go-on-lyrics,Taylor Swift,Madison Beer
Then I Leave,,2016.0,2827163,https://genius.com/Rick-ross-then-i-leave-lyrics,Rick Ross,Future
Therapy,,2008.0,44398,https://genius.com/T-pain-therapy-lyrics,T-Pain,Kanye West
There Should Be Unicorns,,2017.0,2894383,https://genius.com/The-flaming-lips-there-should-be-unicorns-lyrics,The Flaming Lips,Reggie Watts
They Don’t Like Me,,2012.0,80150,https://genius.com/Childish-gambino-they-dont-like-me-lyrics,Childish Gambino,Chance the Rapper
They Don’t Love You No More,,2014.0,415443,https://genius.com/Dj-khaled-they-dont-love-you-no-more-lyrics,DJ Khaled,Meek Mill
They Don’t Love You No More,,2014.0,415443,https://genius.com/Dj-khaled-they-dont-love-you-no-more-lyrics,DJ Khaled,French Montana
They Don’t Love You No More,,2014.0,415443,https://genius.com/Dj-khaled-they-dont-love-you-no-more-lyrics,DJ Khaled,JAŸ-Z
They Don’t Love You No More,,2014.0,415443,https://genius.com/Dj-khaled-they-dont-love-you-no-more-lyrics,DJ Khaled,Rick Ross
They Say,,2005.0,3141,https://genius.com/Common-they-say-lyrics,Common,Kanye West
They Say,,2005.0,3141,https://genius.com/Common-they-say-lyrics,Common,John Legend
Think About It (Rich As In Spirit),,2018.0,3584527,https://genius.com/Rich-homie-quan-think-about-it-rich-as-in-spirit-lyrics,Rich Homie Quan,Rick Ross
"Think Like a Machine, Not a Boy",,2013.0,1270080,https://genius.com/The-flaming-lips-think-like-a-machine-not-a-boy-lyrics,The Flaming Lips,TOBACCO
Thinking To Myself (Her Eyes),,2009.0,157992,https://genius.com/Lil-wayne-thinking-to-myself-her-eyes-lyrics,Lil Wayne,Nicki Minaj
Thirsty,,2021.0,6475261,https://genius.com/Toth-thirsty-lyrics,Tōth,Flock of Dimes
"Thirty Mile Zone (Hassan Khaffaf, 070 Shake Ref.)",,2023.0,9947351,https://genius.com/Kanye-west-thirty-mile-zone-hassan-khaffaf-070-shake-ref-lyrics,Kanye West,070 Shake
"Thirty Mile Zone (Hassan Khaffaf, 070 Shake Ref.)",,2023.0,9947351,https://genius.com/Kanye-west-thirty-mile-zone-hassan-khaffaf-070-shake-ref-lyrics,Kanye West,Hassan Khaffaf
This Isn’t Helping,,2023.0,8223123,https://genius.com/The-national-this-isnt-helping-lyrics,The National,Phoebe Bridgers
This Shit Right Here,,2023.0,9008428,https://genius.com/Swizz-beatz-this-shit-right-here-lyrics,Swizz Beatz,Lil Wayne
This Thing of Ours,,2012.0,78675,https://genius.com/Wale-this-thing-of-ours-lyrics,Wale,Nas
This Thing of Ours,,2012.0,78675,https://genius.com/Wale-this-thing-of-ours-lyrics,Wale,Rick Ross
This Way,,2004.0,2313,https://genius.com/Dilated-peoples-this-way-lyrics,Dilated Peoples,Kanye West
This is a test,,,3765245,https://genius.com/Usher-this-is-a-test-lyrics,USHER,JAŸ-Z
Those Stars Are Still Shining,,,11513281,https://genius.com/Lonnie-holley-those-stars-are-still-shining-lyrics,Lonnie Holley,Saul Williams
Thotty,,,388139,https://genius.com/Chance-the-rapper-thotty-lyrics,Chance the Rapper,J. Cole
Thought I Knew You,,2018.0,3890635,https://genius.com/Nicki-minaj-thought-i-knew-you-lyrics,Nicki Minaj,The Weeknd
Thought I Was Dead,,2024.0,11039535,https://genius.com/Tyler-the-creator-thought-i-was-dead-lyrics,"Tyler, The Creator",ScHoolboy Q
Thought I Was Dead,,2024.0,11039535,https://genius.com/Tyler-the-creator-thought-i-was-dead-lyrics,"Tyler, The Creator",Santigold
Thought I Was Dead (Test Pressing Version),,2024.0,11046585,https://genius.com/Tyler-the-creator-thought-i-was-dead-test-pressing-version-lyrics,"Tyler, The Creator",Playboi Carti
Thought I Was Dead (Test Pressing Version),,2024.0,11046585,https://genius.com/Tyler-the-creator-thought-i-was-dead-test-pressing-version-lyrics,"Tyler, The Creator",Santigold
Three Sad Virgins,,2021.0,7389298,https://genius.com/Please-dont-destroy-three-sad-virgins-lyrics,Please Don’t Destroy,Taylor Swift
Through the Bottles,,2004.0,10245143,https://genius.com/Kanye-west-through-the-bottles-lyrics,Kanye West,Consequence
Through the Bottles,,2004.0,10245143,https://genius.com/Kanye-west-through-the-bottles-lyrics,Kanye West,GLC
Through the Wire (Original),,2003.0,2934922,https://genius.com/Kanye-west-through-the-wire-original-lyrics,Kanye West,Chaka Khan
Through the Wire (Original),,2003.0,2934922,https://genius.com/Kanye-west-through-the-wire-original-lyrics,Kanye West,Elton John
Throw Myself A Party,,2016.0,2891432,https://genius.com/Cashmere-cat-throw-myself-a-party-lyrics,Cashmere Cat,2 Chainz
Throw Sum Mo,,2014.0,602900,https://genius.com/Rae-sremmurd-throw-sum-mo-lyrics,Rae Sremmurd,Young Thug
Throw Sum Mo,,2014.0,602900,https://genius.com/Rae-sremmurd-throw-sum-mo-lyrics,Rae Sremmurd,Nicki Minaj
Thug Cry,,2014.0,365956,https://genius.com/Rick-ross-thug-cry-lyrics,Rick Ross,Lil Wayne
Thug Story,,2009.0,49025,https://genius.com/Taylor-swift-thug-story-lyrics,Taylor Swift,T-Pain
Tie you down,,2025.0,12522688,https://genius.com/Haim-tie-you-down-lyrics,HAIM,Bon Iver
Tiffany Lockdown,,,9602111,https://genius.com/Black-cards-tiffany-lockdown-lyrics,Black Cards,Kanye West
Til We Die,,2012.0,85718,https://genius.com/Busta-rhymes-til-we-die-lyrics,Busta Rhymes,Rick Ross
Time Alone with You,,2019.0,5059926,https://genius.com/Jacob-collier-time-alone-with-you-lyrics,Jacob Collier,Daniel Caesar
Time Travel?? Yes!!,,2006.0,1663605,https://genius.com/The-flaming-lips-time-travel-yes-lyrics,The Flaming Lips,Steve Burns
Time to Eat*,,,5061204,https://genius.com/Big-sean-time-to-eat-lyrics,Big Sean,Kanye West
Times in Taylor Swift Songs,,2025.0,12842371,https://genius.com/Community-lists-times-in-taylor-swift-songs-annotated,Community Lists,Taylor Swift
Tina,,,11525285,https://genius.com/The-game-and-kanye-west-tina-lyrics,The Game,Jim Jones
Tipping Point,,2013.0,10720645,https://genius.com/Salute-tipping-point-lyrics,salute,Echo
Tired of Dreaming,,2013.0,176354,https://genius.com/Wale-tired-of-dreaming-lyrics,Wale,Ne-Yo
Tired of Dreaming,,2013.0,176354,https://genius.com/Wale-tired-of-dreaming-lyrics,Wale,Rick Ross
To The Light,,,8341791,https://genius.com/Kanye-west-to-the-light-lyrics,Kanye West,Steve Lacy
To the Top,,,5389143,https://genius.com/Meek-mill-to-the-top-lyrics,Meek Mill,Ant Clemons
Toast Freestyle (Kanye West Diss),,2010.0,1311,https://genius.com/Jim-jones-toast-freestyle-kanye-west-diss-lyrics,Jim Jones,Cam’ron
Together,,2020.0,6749948,https://genius.com/Peter-cottontale-together-lyrics,Peter CottonTale,Chance the Rapper
Tomorrow is a Long Time,,,11395273,https://genius.com/Timothee-chalamet-tomorrow-is-a-long-time-lyrics,Timothée Chalamet,James Blake
Tonight (Best You Ever Had),,2012.0,71237,https://genius.com/John-legend-tonight-best-you-ever-had-lyrics,John Legend,Ludacris
Too Many Options,,2024.0,10822532,https://genius.com/Travis-scott-too-many-options-lyrics,Travis Scott,Young Thug
Tooth And Nail,,2025.0,12471802,https://genius.com/Cole-davis-tooth-and-nail-lyrics,Cole Davis,KINFU
Top Off,,2018.0,3556750,https://genius.com/Dj-khaled-top-off-lyrics,DJ Khaled,JAŸ-Z
Top Off,,2018.0,3556750,https://genius.com/Dj-khaled-top-off-lyrics,DJ Khaled,Future
Top Off,,2018.0,3556750,https://genius.com/Dj-khaled-top-off-lyrics,DJ Khaled,Beyoncé
Top This,,,12171,https://genius.com/Bump-j-top-this-lyrics,Bump J,Sly Polaroid
Top This,,,12171,https://genius.com/Bump-j-top-this-lyrics,Bump J,Kanye West
Touch It,,2011.0,5719,https://genius.com/Pusha-t-touch-it-lyrics,Pusha T,Kanye West
Touch The Sky (Music Video Version),,2006.0,13279920,https://genius.com/Kanye-west-touch-the-sky-music-video-version-lyrics,Kanye West,Lupe Fiasco
Touch the Sky,,2005.0,681,https://genius.com/Kanye-west-touch-the-sky-lyrics,Kanye West,Lupe Fiasco
Touching God,,2025.0,12316979,https://genius.com/Daniel-caesar-touching-god-lyrics,Daniel Caesar,Yebba
Touching God,,2025.0,12316979,https://genius.com/Daniel-caesar-touching-god-lyrics,Daniel Caesar,Blood Orange
Touch’N You,,2012.0,74269,https://genius.com/Rick-ross-touchn-you-lyrics,Rick Ross,USHER
Tourist,,2016.0,2828371,https://genius.com/Dj-khaled-tourist-lyrics,DJ Khaled,Travis Scott
Tourist,,2016.0,2828371,https://genius.com/Dj-khaled-tourist-lyrics,DJ Khaled,Lil Wayne
Track 6,,2020.0,6077487,https://genius.com/Ty-dolla-sign-track-6-lyrics,Ty Dolla $ign,Kanye West
Track 6,,2020.0,6077487,https://genius.com/Ty-dolla-sign-track-6-lyrics,Ty Dolla $ign,Anderson .Paak
Tranquillo,,2017.0,2438502,https://genius.com/Lupe-fiasco-tranquillo-lyrics,Lupe Fiasco,Rick Ross
Transform,,2017.0,3183204,https://genius.com/Daniel-caesar-transform-lyrics,Daniel Caesar,Charlotte Day Wilson
Transformer,,2018.0,4024993,https://genius.com/Future-transformer-lyrics,Future,Nicki Minaj
Trap Boomin,,2012.0,76274,https://genius.com/Gucci-mane-trap-boomin-lyrics,Gucci Mane,Rick Ross
Trap House,,2013.0,151716,https://genius.com/French-montana-trap-house-lyrics,French Montana,Rick Ross
Trap House 3,,2013.0,156120,https://genius.com/Gucci-mane-trap-house-3-lyrics,Gucci Mane,Rick Ross
Trap Luv,,2014.0,579995,https://genius.com/Rick-ross-trap-luv-lyrics,Rick Ross,Yo Gotti
Trap Trap Trap,,2017.0,3017253,https://genius.com/Rick-ross-trap-trap-trap-lyrics,Rick Ross,Young Thug
Trap Trap Trap,,2017.0,3017253,https://genius.com/Rick-ross-trap-trap-trap-lyrics,Rick Ross,Wale
Trap in Mexico,,,2413991,https://genius.com/Trae-tha-truth-trap-in-mexico-lyrics,Trae tha Truth,Travis Scott
Trauma*,,,7883324,https://genius.com/Lil-uzi-vert-trauma-lyrics,Lil Uzi Vert,JAŸ-Z
Travis Scott Speaks,,2017.0,3148237,https://genius.com/Dj-stevie-j-travis-scott-speaks-lyrics,DJ Stevie J,Travis Scott
"Travis Scott Takes Over Hot 97 in the AM to Talk New Album, Kid Cudi, and Cruel Winter!",,2016.0,2868200,https://genius.com/Real-late-with-peter-rosenberg-travis-scott-takes-over-hot-97-in-the-am-to-talk-new-album-kid-cudi-and-cruel-winter-lyrics,Real Late with Peter Rosenberg,Travis Scott
Tree House,,2016.0,13607565,https://genius.com/Spuf-don-tree-house-lyrics,Spuf Don,Travis Scott
Trend Starters,,2012.0,2386770,https://genius.com/The-cleveland-show-trend-starters-lyrics,The Cleveland Show,Kanye West
Trend Starters,,2012.0,2386770,https://genius.com/The-cleveland-show-trend-starters-lyrics,The Cleveland Show,will.i.am
Trinity 203 (Concussion),,2024.0,10994130,https://genius.com/Al-be-back-trinity-203-concussion-lyrics,Al Be Back,Kanye West
Trinity 203 (Concussion),,2024.0,10994130,https://genius.com/Al-be-back-trinity-203-concussion-lyrics,Al Be Back,Fivio Foreign
Trinity 205 (Israel),,2024.0,10172424,https://genius.com/Al-be-back-trinity-205-israel-lyrics,Al Be Back,Kanye West
Triple Beam Dreams,,2012.0,62989,https://genius.com/Rick-ross-triple-beam-dreams-lyrics,Rick Ross,Nas
Trippin,,2018.0,3038817,https://genius.com/Dp-beats-trippin-lyrics,DP Beats,Wiz Khalifa
Trippin,,2018.0,3038817,https://genius.com/Dp-beats-trippin-lyrics,DP Beats,Travis Scott
Trippin’ On Me,,2015.0,711352,https://genius.com/Tbhits-trippin-on-me-lyrics,TBHits,Travis Scott
True Colors,,2014.0,494121,https://genius.com/Wiz-khalifa-true-colors-lyrics,Wiz Khalifa,Nicki Minaj
Truffle Butter,,2014.0,622818,https://genius.com/Nicki-minaj-truffle-butter-lyrics,Nicki Minaj,Lil Wayne
Truffle Butter,,2014.0,622818,https://genius.com/Nicki-minaj-truffle-butter-lyrics,Nicki Minaj,Drake
Truisms,,2016.0,10358065,https://genius.com/Frank-ocean-truisms-annotated,Frank Ocean,Jenny Holzer
Trust Me*,,,2459070,https://genius.com/Meek-mill-trust-me-lyrics,Meek Mill,Rick Ross
Trust Me*,,,2459070,https://genius.com/Meek-mill-trust-me-lyrics,Meek Mill,Chris Brown
Trust3000,,2019.0,5060099,https://genius.com/No-rome-trust3000-lyrics,No Rome,Dijon
Try Me (Left Cheek),,,2373281,https://genius.com/Jeremih-try-me-left-cheek-lyrics,Jeremih,Travis Scott
Tsunami,,2025.0,12611819,https://genius.com/Dj-snake-tsunami-lyrics,DJ Snake,Future
Tsunami,,2025.0,12611819,https://genius.com/Dj-snake-tsunami-lyrics,DJ Snake,Travis Scott
Tupac Back,,2011.0,6298,https://genius.com/Meek-mill-tupac-back-lyrics,Meek Mill,Rick Ross
Turks,,2020.0,5206975,https://genius.com/Nav-and-gunna-turks-lyrics,NAV,Travis Scott
Turn Out The Lights (Freewest),,2003.0,20335,https://genius.com/Freeway-turn-out-the-lights-freewest-lyrics,Freeway,Kanye West
Turn To Gold*,,2021.0,11915686,https://genius.com/Digital-nas-turn-to-gold-lyrics,Digital Nas,Kanye West
Turn To Gold*,,2021.0,11915686,https://genius.com/Digital-nas-turn-to-gold-lyrics,Digital Nas,Drake
Turn Ya Back,,2015.0,2295465,https://genius.com/Rick-ross-turn-ya-back-lyrics,Rick Ross,Meek Mill
Turn Ya Back,,2015.0,2295465,https://genius.com/Rick-ross-turn-ya-back-lyrics,Rick Ross,Gucci Mane
Turn Ya Self In,,2004.0,14538,https://genius.com/Consequence-turn-ya-self-in-lyrics,Consequence,Kanye West
Turn Yo Cap Back,,2024.0,5126587,https://genius.com/Nicki-minaj-turn-yo-cap-back-lyrics,Nicki Minaj,Swae Lee
Turnt,,2013.0,154070,https://genius.com/The-dream-turnt-lyrics,The-Dream,Beyoncé
Turnt,,2013.0,154070,https://genius.com/The-dream-turnt-lyrics,The-Dream,2 Chainz
Tweakin,,2013.0,229836,https://genius.com/Vic-mensa-tweakin-lyrics,VIC MENSA,Chance the Rapper
Twelve O’Clock,,,157768,https://genius.com/Michael-jackson-twelve-oclock-lyrics,Michael Jackson,JAŸ-Z
Two Is Better Than One,,2009.0,642957,https://genius.com/Boys-like-girls-two-is-better-than-one-lyrics,BOYS LIKE GIRLS,Taylor Swift
Two Step,,2020.0,6322305,https://genius.com/Aero-flynn-two-step-lyrics,Aero Flynn,CJ Camerieri
Two Step,,2020.0,6322305,https://genius.com/Aero-flynn-two-step-lyrics,Aero Flynn,Rob Moose
Two Step,,2020.0,6322305,https://genius.com/Aero-flynn-two-step-lyrics,Aero Flynn,Justin Vernon
Two Words,,2003.0,800,https://genius.com/Kanye-west-two-words-lyrics,Kanye West,Freeway
Two Words,,2003.0,800,https://genius.com/Kanye-west-two-words-lyrics,Kanye West,Yasiin Bey
Two Words,,2003.0,800,https://genius.com/Kanye-west-two-words-lyrics,Kanye West,The Boys Choir of Harlem
Two Words (Cinematic),,2005.0,1042882,https://genius.com/Kanye-west-two-words-cinematic-lyrics,Kanye West,The Boys Choir of Harlem
U Ain’t Him,,2008.0,360232,https://genius.com/Nelly-u-aint-him-lyrics,Nelly,Rick Ross
U COULD [v5],,,13321028,https://genius.com/Yeat-u-could-v5-lyrics,Yeat,Travis Scott
U Know,,2004.0,47681,https://genius.com/White-boy-usa-u-know-lyrics,White Boy (USA),Kanye West
U Know,,2004.0,47681,https://genius.com/White-boy-usa-u-know-lyrics,White Boy (USA),John Legend
U Mad,,2015.0,716981,https://genius.com/Vic-mensa-u-mad-lyrics,VIC MENSA,Kanye West
"U Move, I Move",,2020.0,5664097,https://genius.com/John-legend-u-move-i-move-lyrics,John Legend,Jhené Aiko
ULTRALIGHT PRAYER,,2016.0,2446124,https://genius.com/Kanye-west-ultralight-prayer-lyrics,Kanye West,Kirk Franklin
UNBREAKABLE HEARTS,,,13357662,https://genius.com/Kanye-west-unbreakable-hearts-lyrics,Kanye West,Madi
UTOPIA,,,10766475,https://genius.com/Lil-skydie-utopia-lyrics,Lil Skydie,Travis Scott
Uber Everywhere,,2016.0,11416846,https://genius.com/Travis-scott-uber-everywhere-lyrics,Travis Scott,MadeinTYO
Ugh,,,112971,https://genius.com/Yung-joc-ugh-lyrics,Yung Joc,Rick Ross
Ultralight Beam,,2016.0,2413549,https://genius.com/Kanye-west-ultralight-beam-lyrics,Kanye West,The-Dream
Ultralight Beam,,2016.0,2413549,https://genius.com/Kanye-west-ultralight-beam-lyrics,Kanye West,Kelly Price
Ultralight Beam,,2016.0,2413549,https://genius.com/Kanye-west-ultralight-beam-lyrics,Kanye West,Kirk Franklin
Ultralight Beam,,2016.0,2413549,https://genius.com/Kanye-west-ultralight-beam-lyrics,Kanye West,Chance the Rapper
Ultralight Beam (Big Sean Reference),,,4697662,https://genius.com/Kanye-west-ultralight-beam-big-sean-reference-lyrics,Kanye West,Big Sean
Ultrasounds,,,8175094,https://genius.com/Kanye-west-ultrasounds-lyrics,Kanye West,Travis Scott
Umbrella,,2007.0,1629,https://genius.com/Rihanna-umbrella-lyrics,Rihanna,JAŸ-Z
Umbrella (Cinderella),,2007.0,162862,https://genius.com/Rihanna-umbrella-cinderella-lyrics,Rihanna,JAŸ-Z
Umbrella (Cinderella),,2007.0,162862,https://genius.com/Rihanna-umbrella-cinderella-lyrics,Rihanna,Chris Brown
Umbrella (Jody Den Broeder Lush Radio Edit),,2007.0,9904721,https://genius.com/Rihanna-umbrella-jody-den-broeder-lush-radio-edit-lyrics,Rihanna,JAŸ-Z
Umbrella (Jody den Broeder Destruction Radio Edit),,2007.0,9904722,https://genius.com/Rihanna-umbrella-jody-den-broeder-destruction-radio-edit-lyrics,Rihanna,JAŸ-Z
Umbrella (Music Video Version),,2007.0,3912551,https://genius.com/Rihanna-umbrella-music-video-version-lyrics,Rihanna,JAŸ-Z
Umbrella (Radio Edit),,2007.0,8794265,https://genius.com/Rihanna-umbrella-radio-edit-lyrics,Rihanna,JAŸ-Z
Umbrella (The Lindbergh Palace Dub),,2007.0,9904726,https://genius.com/Rihanna-umbrella-the-lindbergh-palace-dub-lyrics,Rihanna,JAŸ-Z
Umbrella (The Lindbergh Palace Radio Edit),,2007.0,9904723,https://genius.com/Rihanna-umbrella-the-lindbergh-palace-radio-edit-lyrics,Rihanna,JAŸ-Z
Uncover You,,2018.0,3825410,https://genius.com/Fairlane-uncover-you-lyrics,Fairlane,Ilsey
Universal Soldier,,2020.0,5345199,https://genius.com/Jay-electronica-universal-soldier-lyrics,Jay Electronica,JAŸ-Z
Unknown*,,,7675304,https://genius.com/Nicki-minaj-unknown-lyrics,Nicki Minaj,Madonna
Unruly,,2024.0,10467371,https://genius.com/Dua-saleh-unruly-lyrics,Dua Saleh,serpentwithfeet
Unstoppable,,2009.0,18074,https://genius.com/Drake-unstoppable-lyrics,Drake,Santigold
Unstoppable,,2009.0,18074,https://genius.com/Drake-unstoppable-lyrics,Drake,Lil Wayne
Untamed Roots,,2025.0,12859330,https://genius.com/Theodore-shapiro-untamed-roots-lyrics,Theodore Shapiro,Caroline Shaw
Untitled (Drummer Boy),,,13329110,https://genius.com/A-ap-rocky-untitled-drummer-boy-lyrics,A$AP Rocky,James Blake
Untitled 2,,2016.0,7136514,https://genius.com/Fall-creek-boys-choirs-untitled-2-lyrics,Fall Creek Boys Choirs,James Blake
Untitled 2,,2016.0,7136514,https://genius.com/Fall-creek-boys-choirs-untitled-2-lyrics,Fall Creek Boys Choirs,Justin Vernon
Untitled Chief Keef & Frank Ocean Collaboration (2015),,,10695516,https://genius.com/Playboi-carti-untitled-chief-keef-and-frank-ocean-collaboration-2015-lyrics,Playboi Carti,Chief Keef
Untitled Chief Keef & Frank Ocean Collaboration (2015),,,10695516,https://genius.com/Playboi-carti-untitled-chief-keef-and-frank-ocean-collaboration-2015-lyrics,Playboi Carti,Frank Ocean
Untitled JAY-Z Collaboration*,,,10218749,https://genius.com/Kendrick-lamar-untitled-jay-z-collaboration-lyrics,Kendrick Lamar,JAŸ-Z
Untitled w/ Frank Ocean,,,10304514,https://genius.com/Cash-cobain-untitled-w-frank-ocean-lyrics,Cash Cobain,Frank Ocean
Untitled*,,,10746348,https://genius.com/Sexyy-red-untitled-lyrics,Sexyy Red,Travis Scott
Uomini col borsello (Ragazza che limoni sola),,1992.0,1262985,https://genius.com/Elio-e-le-storie-tese-uomini-col-borsello-ragazza-che-limoni-sola-lyrics,Elio e le Storie Tese,The Chieftains
Up,,2013.0,80357,https://genius.com/Travis-scott-up-lyrics,Travis Scott,Casey Veggies
Up All Night,,2010.0,517,https://genius.com/Drake-up-all-night-lyrics,Drake,Nicki Minaj
Up to Something,,2018.0,4061278,https://genius.com/Metro-boomin-up-to-something-lyrics,Metro Boomin,Travis Scott
Up to Something,,2018.0,4061278,https://genius.com/Metro-boomin-up-to-something-lyrics,Metro Boomin,Young Thug
Upgrade U,,2006.0,32950,https://genius.com/Beyonce-upgrade-u-lyrics,Beyoncé,JAŸ-Z
Upgrade U (A Capella),,2006.0,9875200,https://genius.com/Beyonce-upgrade-u-a-capella-lyrics,Beyoncé,JAŸ-Z
Upper Echelon,,2013.0,134772,https://genius.com/Travis-scott-upper-echelon-lyrics,Travis Scott,T.I.
Upper Echelon,,2013.0,134772,https://genius.com/Travis-scott-upper-echelon-lyrics,Travis Scott,2 Chainz
Upper Echelon (Owl Pharaoh Version),,2013.0,9646532,https://genius.com/Travis-scott-upper-echelon-owl-pharaoh-version-lyrics,Travis Scott,T.I.
Uptown,,2013.0,153015,https://genius.com/Travis-scott-uptown-lyrics,Travis Scott,A$AP Ferg
Us,,2012.0,91924,https://genius.com/Rick-ross-us-lyrics,Rick Ross,Drake
Us Trust,,2017.0,3049294,https://genius.com/Charlie-wilson-us-trust-lyrics,Charlie Wilson,Wiz Khalifa
Us and Them,,2009.0,212229,https://genius.com/The-flaming-lips-us-and-them-lyrics,The Flaming Lips,Henry Rollins
Use This Gospel,,2019.0,4904479,https://genius.com/Kanye-west-use-this-gospel-lyrics,Kanye West,Clipse
Use This Gospel,,2019.0,4904479,https://genius.com/Kanye-west-use-this-gospel-lyrics,Kanye West,Kenny G
Usual Suspects,,2009.0,1539,https://genius.com/Rick-ross-usual-suspects-lyrics,Rick Ross,Nas
VIRGIL’S FUNERAL [V15],,,13677930,https://genius.com/Ye-virgils-funeral-v15-lyrics,Ye,The World Famous Tony Williams
VULTURES,,2023.0,9743497,https://genius.com/Kanye-west-and-ty-dolla-sign-vultures-lyrics,"¥$, Kanye West & Ty Dolla $ign",Bump J
VULTURES,,2023.0,9743497,https://genius.com/Kanye-west-and-ty-dolla-sign-vultures-lyrics,"¥$, Kanye West & Ty Dolla $ign",Lil Durk
VULTURES (Original),,2023.0,9760740,https://genius.com/Kanye-west-and-ty-dolla-sign-vultures-original-lyrics,"¥$, Kanye West & Ty Dolla $ign",Bump J
VULTURES - Havoc Version,,2024.0,9976792,https://genius.com/Kanye-west-and-ty-dolla-sign-vultures-havoc-version-lyrics,"¥$, Kanye West & Ty Dolla $ign",Bump J
VULTURES - Havoc Version,,2024.0,9976792,https://genius.com/Kanye-west-and-ty-dolla-sign-vultures-havoc-version-lyrics,"¥$, Kanye West & Ty Dolla $ign",Lil Durk
Valentina (Bonus),,2023.0,9001103,https://genius.com/Daniel-caesar-valentina-bonus-lyrics,Daniel Caesar,Rick Ross
Vegas Nights,,2014.0,1854488,https://genius.com/Mary-j-blige-vegas-nights-lyrics,Mary J. Blige,The-Dream
Very Best,,2015.0,2384263,https://genius.com/Rick-ross-very-best-lyrics,Rick Ross,Mary J. Blige
Veteran’s Day,,2010.0,1937,https://genius.com/Rick-ross-veterans-day-lyrics,Rick Ross,Lil Wayne
Victory,,2010.0,17371,https://genius.com/Dj-khaled-victory-lyrics,DJ Khaled,Nas
Victory,,2010.0,17371,https://genius.com/Dj-khaled-victory-lyrics,DJ Khaled,John Legend
Videography: Kanye West,,,2893087,https://genius.com/Genius-videography-videography-kanye-west-annotated,Genius Videography,Kanye West
Virtuous,,2017.0,2404040,https://genius.com/The-dream-virtuous-lyrics,The-Dream,Wiz Khalifa
Vodka,,2018.0,3615451,https://genius.com/London-jae-vodka-lyrics,London Jae,Travis Scott
Vulnerable,,2013.0,271026,https://genius.com/Tinashe-vulnerable-lyrics,Tinashe,Travis Scott
WAKE UP,,2018.0,3876997,https://genius.com/Travis-scott-wake-up-lyrics,Travis Scott,The Weeknd
"WE (Xcel Energy Center, St Paul, MN. Oct 03 2019)",,2026.0,13164233,https://genius.com/Bon-iver-we-xcel-energy-center-st-paul-mn-oct-03-2019-lyrics,Bon Iver,Bizhiki
WE DID IT,,2025.0,7716938,https://genius.com/Ye-we-did-it-lyrics,Ye,Baby Keem
WE DID IT,,2025.0,7716938,https://genius.com/Ye-we-did-it-lyrics,Ye,Migos
WE DID IT (2022 G.O.O.D. Fridays Mix),,,10856855,https://genius.com/Ye-we-did-it-2022-good-fridays-mix-lyrics,Ye,Baby Keem
WE DID IT (2022 G.O.O.D. Fridays Mix),,,10856855,https://genius.com/Ye-we-did-it-2022-good-fridays-mix-lyrics,Ye,Migos
WE DID IT (DaBaby Reference),,,9006856,https://genius.com/Ye-we-did-it-dababy-reference-lyrics,Ye,DaBaby
WE DID IT (Fat Money Reference),,,9067996,https://genius.com/Ye-we-did-it-fat-money-reference-lyrics,Ye,Fat Money
WE DID IT (Fivio Foreign & Fat Money Reference),,,8868521,https://genius.com/Ye-we-did-it-fivio-foreign-and-fat-money-reference-lyrics,Ye,Fivio Foreign
WE DID IT (Fivio Foreign & Fat Money Reference),,,8868521,https://genius.com/Ye-we-did-it-fivio-foreign-and-fat-money-reference-lyrics,Ye,Fat Money
WE DID IT (Fivio Foreign & Fat Money Reference),,,8868521,https://genius.com/Ye-we-did-it-fivio-foreign-and-fat-money-reference-lyrics,Ye,Offset
WE DID IT (Fivio Foreign & Fat Money Reference),,,8868521,https://genius.com/Ye-we-did-it-fivio-foreign-and-fat-money-reference-lyrics,Ye,Quavo
WE DID IT (Fivio Foreign & Fat Money Reference),,,8868521,https://genius.com/Ye-we-did-it-fivio-foreign-and-fat-money-reference-lyrics,Ye,Baby Keem
WE DID IT (PopLord Reference),,,8871029,https://genius.com/Ye-we-did-it-poplord-reference-lyrics,Ye,PopLord
WE DID IT (will.i.am Reference),,,9006847,https://genius.com/Ye-we-did-it-william-reference-lyrics,Ye,will.i.am
WE DID IT KID,,2022.0,13381507,https://genius.com/Kanye-west-we-did-it-kid-lyrics,Kanye West,Baby Keem
WE DID IT KID,,2022.0,13381507,https://genius.com/Kanye-west-we-did-it-kid-lyrics,Kanye West,Migos
WELCOME TO THE CARNIVAL,,2025.0,13015480,https://genius.com/Wyattbeats-welcome-to-the-carnival-lyrics,WYATTbeats,Kanye West
WELCOME TO THE CARNIVAL,,2025.0,13015480,https://genius.com/Wyattbeats-welcome-to-the-carnival-lyrics,WYATTbeats,Ty Dolla $ign
WELCOME TO THE CARNIVAL,,2025.0,13015480,https://genius.com/Wyattbeats-welcome-to-the-carnival-lyrics,WYATTbeats,Playboi Carti
WELCOME TO THE CARNIVAL,,2025.0,13015480,https://genius.com/Wyattbeats-welcome-to-the-carnival-lyrics,WYATTbeats,Rich The Kid
WFO-01,,2025.0,11429780,https://genius.com/Ty-dolla-sign-wfo-01-lyrics,Ty Dolla $ign,Kanye West
WHAT I’M MISSING,,,12815799,https://genius.com/Kanye-west-and-ty-dolla-sign-what-im-missing-lyrics,"¥$, Kanye West & Ty Dolla $ign",Lil Durk
WHAT THE FUCK RIGHT NOW,,2016.0,2433194,https://genius.com/Tyler-the-creator-what-the-fuck-right-now-lyrics,"Tyler, The Creator",A$AP Rocky
WHEELS FALL OFF (feat. The Game),,,13440484,https://genius.com/Ty-dolla-sign-wheels-fall-off-feat-the-game-lyrics,Ty Dolla $ign,Ye
WHEELS FALL OFF (feat. The Game),,,13440484,https://genius.com/Ty-dolla-sign-wheels-fall-off-feat-the-game-lyrics,Ty Dolla $ign,The Game
WHEELS FALL OFF (feat. The Game),,,13440484,https://genius.com/Ty-dolla-sign-wheels-fall-off-feat-the-game-lyrics,Ty Dolla $ign,King Combs
WHERE WAS YOU (Original),,,13512749,https://genius.com/Travis-scott-where-was-you-original-lyrics,Travis Scott,Playboi Carti
WHO? WHAT!,,2018.0,3876998,https://genius.com/Travis-scott-who-what-lyrics,Travis Scott,Quavo
WHO? WHAT!,,2018.0,3876998,https://genius.com/Travis-scott-who-what-lyrics,Travis Scott,Takeoff
WILLPOWER,,,13426504,https://genius.com/Sean-leon-willpower-lyrics,Sean Leon,Daniel Caesar
WORST MISTAKE (Fat Money Reference),,,9433422,https://genius.com/Ye-worst-mistake-fat-money-reference-lyrics,Ye,Fat Money
WTP,,2018.0,3798259,https://genius.com/Teyana-taylor-wtp-lyrics,Teyana Taylor,Mykki Blanco
Wabash Cannonball / Morning Dew / Father Kelly’s Reels,,1992.0,4195780,https://genius.com/The-chieftains-wabash-cannonball-morning-dew-father-kellys-reels-lyrics,The Chieftains,Ricky Skaggs
Wack Niggas,,2003.0,3550,https://genius.com/Kanye-west-wack-niggas-lyrics,Kanye West,Talib Kweli
"Wack Niggaz, Pt. 2",,2015.0,44453,https://genius.com/Talib-kweli-wack-niggaz-pt-2-lyrics,Talib Kweli,Kanye West
"Wack Niggaz, Pt. 2",,2015.0,44453,https://genius.com/Talib-kweli-wack-niggaz-pt-2-lyrics,Talib Kweli,Consequence
"Wack Niggaz, Pt. 2",,2015.0,44453,https://genius.com/Talib-kweli-wack-niggaz-pt-2-lyrics,Talib Kweli,Common
Wake The Dead (Clipse Reference),,,13194237,https://genius.com/Kanye-west-wake-the-dead-clipse-reference-lyrics,Kanye West,Clipse
Wake Up,,2018.0,4060514,https://genius.com/Tee-grizzley-wake-up-lyrics,Tee Grizzley,Chance the Rapper
Wake Up Everybody,,2010.0,1336,https://genius.com/John-legend-and-the-roots-wake-up-everybody-lyrics,John Legend,Common
Wake in the  dark,,2024.0,11197731,https://genius.com/Sia-wake-in-the-dark-lyrics,Sia,Selena Gomez
Wakey Wakey,,,7163714,https://genius.com/Kanye-west-wakey-wakey-lyrics,Kanye West,Kosine
Walkin’ On the Moon [Seamus Haji & Paul Emanuel Radio Edit (Bonus Track)],,2009.0,8387513,https://genius.com/The-dream-walkin-on-the-moon-seamus-haji-and-paul-emanuel-radio-edit-bonus-track-lyrics,The-Dream,Kanye West
Walkin’ on Air,,2014.0,365984,https://genius.com/Rick-ross-walkin-on-air-lyrics,Rick Ross,Meek Mill
Walkin’ on the Moon,,2009.0,33015,https://genius.com/The-dream-walkin-on-the-moon-lyrics,The-Dream,Kanye West
Wanna Balla,,2008.0,3885546,https://genius.com/Gucci-mane-wanna-balla-lyrics,Gucci Mane,Soulja Boy
Wanna Balla,,2008.0,3885546,https://genius.com/Gucci-mane-wanna-balla-lyrics,Gucci Mane,Nicki Minaj
Wanna Minaj?,,2008.0,80267,https://genius.com/Nicki-minaj-wanna-minaj-lyrics,Nicki Minaj,Gucci Mane
Want From Me,,2022.0,11341004,https://genius.com/Kanye-west-want-from-me-lyrics,Kanye West,LLR HD
Want Me Dead,,,10226708,https://genius.com/Childish-gambino-want-me-dead-lyrics,Childish Gambino,Chance the Rapper
War Ready,,2014.0,352087,https://genius.com/Rick-ross-war-ready-lyrics,Rick Ross,Jeezy
Warm,,2019.0,4627500,https://genius.com/Charli-xcx-warm-lyrics,Charli xcx,HAIM
Warm Words in a Cold World,,2021.0,6926057,https://genius.com/Rick-ross-warm-words-in-a-cold-world-lyrics,Rick Ross,Wale
Warm Words in a Cold World,,2021.0,6926057,https://genius.com/Rick-ross-warm-words-in-a-cold-world-lyrics,Rick Ross,Future
Warriors,,,180689,https://genius.com/Lil-wayne-warriors-lyrics,Lil Wayne,Drake
Warriors,,,180689,https://genius.com/Lil-wayne-warriors-lyrics,Lil Wayne,JAŸ-Z
Wash Us in the Blood,,2020.0,5470968,https://genius.com/Kanye-west-wash-us-in-the-blood-lyrics,Kanye West,Travis Scott
Wash Us in the Blood [Mixed],,2023.0,9721247,https://genius.com/Kanye-west-wash-us-in-the-blood-mixed-lyrics,Kanye West,Travis Scott
Washington,,,7755516,https://genius.com/Chance-the-rapper-washington-lyrics,Chance the Rapper,VIC MENSA
Wasted,,2023.0,9110414,https://genius.com/Rob-moose-wasted-lyrics,Rob Moose,Phoebe Bridgers
Watch,,2018.0,3676117,https://genius.com/Travis-scott-watch-lyrics,Travis Scott,Lil Uzi Vert
Watch,,2018.0,3676117,https://genius.com/Travis-scott-watch-lyrics,Travis Scott,Kanye West
Watch Money Fall,,2017.0,3221403,https://genius.com/Juicy-j-watch-money-fall-lyrics,Juicy J,Rick Ross
Watch Out,,2006.0,419193,https://genius.com/Dj-khaled-watch-out-lyrics,DJ Khaled,Styles P
Watch Out,,2006.0,419193,https://genius.com/Dj-khaled-watch-out-lyrics,DJ Khaled,Fat Joe
Watch Out,,2006.0,419193,https://genius.com/Dj-khaled-watch-out-lyrics,DJ Khaled,Rick Ross
Watch What You Say To Me,,2007.0,3149,https://genius.com/Ti-watch-what-you-say-to-me-lyrics,T.I.,JAŸ-Z
Watch Yo Self,,2016.0,2459348,https://genius.com/Lil-dicky-watch-yo-self-lyrics,Lil Dicky,Trinidad James
Watcha Gon’ Do?,,2017.0,3167041,https://genius.com/Diddy-watcha-gon-do-lyrics,Diddy,Rick Ross
Watching the Lightbugs Glow,,2020.0,5708876,https://genius.com/The-flaming-lips-watching-the-lightbugs-glow-lyrics,The Flaming Lips,Kacey Musgraves
Watching the Planets,,2009.0,212359,https://genius.com/The-flaming-lips-watching-the-planets-lyrics,The Flaming Lips,Karen O
Water,,2019.0,4494445,https://genius.com/Kanye-west-water-lyrics,Kanye West,Ant Clemons
Waves,,2016.0,2412668,https://genius.com/Kanye-west-waves-lyrics,Kanye West,Chris Brown
Waves (OG),,,4657522,https://genius.com/Miguel-waves-og-lyrics,Miguel,Travis Scott
Way Out,,,3937,https://genius.com/Big-sean-way-out-lyrics,Big Sean,Mr Hudson
We Alright,,2009.0,8219321,https://genius.com/Joe-young-we-alright-lyrics,Joe Young,Kanye West
We Are Young,,,7239873,https://genius.com/Jay-z-and-kanye-west-we-are-young-lyrics,JAŸ-Z,The-Dream
We Are the World 25 for Haiti,,2010.0,374013,https://genius.com/Artists-for-haiti-we-are-the-world-25-for-haiti-lyrics,Artists For Haiti,Justin Bieber
We Are the World 25 for Haiti,,2010.0,374013,https://genius.com/Artists-for-haiti-we-are-the-world-25-for-haiti-lyrics,Artists For Haiti,Michael Jackson
We Are the World 25 for Haiti,,2010.0,374013,https://genius.com/Artists-for-haiti-we-are-the-world-25-for-haiti-lyrics,Artists For Haiti,Mary J. Blige
We Are the World 25 for Haiti,,2010.0,374013,https://genius.com/Artists-for-haiti-we-are-the-world-25-for-haiti-lyrics,Artists For Haiti,Janet Jackson
We Are the World 25 for Haiti,,2010.0,374013,https://genius.com/Artists-for-haiti-we-are-the-world-25-for-haiti-lyrics,Artists For Haiti,Miley Cyrus
We Are the World 25 for Haiti,,2010.0,374013,https://genius.com/Artists-for-haiti-we-are-the-world-25-for-haiti-lyrics,Artists For Haiti,Jamie Foxx
We Are the World 25 for Haiti,,2010.0,374013,https://genius.com/Artists-for-haiti-we-are-the-world-25-for-haiti-lyrics,Artists For Haiti,Adam Levine
We Are the World 25 for Haiti,,2010.0,374013,https://genius.com/Artists-for-haiti-we-are-the-world-25-for-haiti-lyrics,Artists For Haiti,USHER
We Are the World 25 for Haiti,,2010.0,374013,https://genius.com/Artists-for-haiti-we-are-the-world-25-for-haiti-lyrics,Artists For Haiti,Lil Wayne
We Are the World 25 for Haiti,,2010.0,374013,https://genius.com/Artists-for-haiti-we-are-the-world-25-for-haiti-lyrics,Artists For Haiti,T-Pain
We Are the World 25 for Haiti,,2010.0,374013,https://genius.com/Artists-for-haiti-we-are-the-world-25-for-haiti-lyrics,Artists For Haiti,Snoop Dogg
We Are the World 25 for Haiti,,2010.0,374013,https://genius.com/Artists-for-haiti-we-are-the-world-25-for-haiti-lyrics,Artists For Haiti,Busta Rhymes
We Are the World 25 for Haiti,,2010.0,374013,https://genius.com/Artists-for-haiti-we-are-the-world-25-for-haiti-lyrics,Artists For Haiti,will.i.am
We Are the World 25 for Haiti,,2010.0,374013,https://genius.com/Artists-for-haiti-we-are-the-world-25-for-haiti-lyrics,Artists For Haiti,Swizz Beatz
We Are the World 25 for Haiti,,2010.0,374013,https://genius.com/Artists-for-haiti-we-are-the-world-25-for-haiti-lyrics,Artists For Haiti,Kanye West
We Belong Together,,2019.0,4435883,https://genius.com/Vampire-weekend-we-belong-together-lyrics,Vampire Weekend,Danielle Haim
We Can Make It Better,,2005.0,3400,https://genius.com/Kanye-west-we-can-make-it-better-lyrics,Kanye West,Talib Kweli
We Can Make It Better,,2005.0,3400,https://genius.com/Kanye-west-we-can-make-it-better-lyrics,Kanye West,Q-Tip
We Can Make It Better,,2005.0,3400,https://genius.com/Kanye-west-we-can-make-it-better-lyrics,Kanye West,Common
We Can Make It Better,,2005.0,3400,https://genius.com/Kanye-west-we-can-make-it-better-lyrics,Kanye West,Rhymefest
We Don’t Care (Reprise),,2005.0,898719,https://genius.com/Kanye-west-we-dont-care-reprise-annotated,Kanye West,Keyshia Cole
We Don’t Know How and We Don’t Know Why,,2019.0,4458261,https://genius.com/The-flaming-lips-we-dont-know-how-and-we-dont-know-why-lyrics,The Flaming Lips,Mick Jones
We Fly high (Beef Mix),,2006.0,3763832,https://genius.com/Jim-jones-we-fly-high-beef-mix-lyrics,Jim Jones,JAŸ-Z
We Found Love / Alone (Mixed),,2023.0,9109982,https://genius.com/Rihanna-calvin-harris-and-kim-petras-we-found-love-alone-mixed-lyrics,Rihanna,Nicki Minaj
We Go Home Together,,2017.0,3043972,https://genius.com/Mount-kimbie-we-go-home-together-lyrics,Mount Kimbie,James Blake
We Go Up,,2022.0,7816225,https://genius.com/Nicki-minaj-we-go-up-lyrics,Nicki Minaj,Fivio Foreign
We Go Up (Extended),,2022.0,7835158,https://genius.com/Nicki-minaj-we-go-up-extended-lyrics,Nicki Minaj,Fivio Foreign
We Got Too High,,2024.0,10226289,https://genius.com/Please-dont-destroy-we-got-too-high-lyrics,Please Don’t Destroy,Travis Scott
We Gud... J- Jake,,2026.0,13699476,https://genius.com/Sddsbhasp-we-gud-j-jake-lyrics,SDDSBHASP,Frank Ocean
We Love You,,,12259123,https://genius.com/Kanye-west-james-blake-and-no-id-we-love-you-lyrics,Kanye West,North West
We Loved It,,2013.0,200929,https://genius.com/John-legend-we-loved-it-lyrics,John Legend,Seal
We Major,,2005.0,2452,https://genius.com/Kanye-west-we-major-lyrics,Kanye West,Nas
We Major,,2005.0,2452,https://genius.com/Kanye-west-we-major-lyrics,Kanye West,Really Doe
We On Fire (The Bounce Original),,,11838982,https://genius.com/Jay-z-we-on-fire-the-bounce-original-lyrics,JAŸ-Z,Kanye West
We Starz!,,2016.0,13607557,https://genius.com/Spuf-don-we-starz-lyrics,Spuf Don,Travis Scott
We Takin’ Over,,2007.0,183,https://genius.com/Dj-khaled-we-takin-over-lyrics,DJ Khaled,T.I.
We Takin’ Over,,2007.0,183,https://genius.com/Dj-khaled-we-takin-over-lyrics,DJ Khaled,Rick Ross
We Takin’ Over,,2007.0,183,https://genius.com/Dj-khaled-we-takin-over-lyrics,DJ Khaled,Fat Joe
We Takin’ Over,,2007.0,183,https://genius.com/Dj-khaled-we-takin-over-lyrics,DJ Khaled,Lil Wayne
We The People,,2016.0,2835889,https://genius.com/Chance-the-rapper-we-the-people-lyrics,Chance the Rapper,Francis and the Lights
We Want The Lord,,,7486207,https://genius.com/Kanye-west-we-want-the-lord-lyrics,Kanye West,Jeff Bhasker
We a Famly,,2017.0,2894398,https://genius.com/The-flaming-lips-we-a-famly-lyrics,The Flaming Lips,Miley Cyrus
Wee Hours,,2020.0,5422903,https://genius.com/The-dream-wee-hours-lyrics,The-Dream,Jhené Aiko
Weird Goodbyes,,2022.0,8058208,https://genius.com/The-national-weird-goodbyes-lyrics,The National,Bon Iver
Welcome 2 Chicago,,2002.0,7026996,https://genius.com/Abstract-mindstate-welcome-2-chicago-lyrics,Abstract Mindstate,Kanye West
Welcome To Heartbreak,,2008.0,54515,https://genius.com/Kanye-west-welcome-to-heartbreak-lyrics,Kanye West,Kid Cudi
Welcome To My Life,,2020.0,5780844,https://genius.com/Kanye-west-welcome-to-my-life-lyrics,Kanye West,Ty Dolla $ign
Welcome to Hollywood,,2007.0,806033,https://genius.com/Beyonce-welcome-to-hollywood-lyrics,Beyoncé,JAŸ-Z
Welcome to Hollywood (Karaoke Version),,2008.0,10175631,https://genius.com/Beyonce-welcome-to-hollywood-karaoke-version-lyrics,Beyoncé,JAŸ-Z
Welcome to My Hood,,2011.0,3387,https://genius.com/Dj-khaled-welcome-to-my-hood-lyrics,DJ Khaled,Rick Ross
Welcome to My Hood,,2011.0,3387,https://genius.com/Dj-khaled-welcome-to-my-hood-lyrics,DJ Khaled,Lil Wayne
Welcome to My Hood,,2011.0,3387,https://genius.com/Dj-khaled-welcome-to-my-hood-lyrics,DJ Khaled,T-Pain
Welcome to New York City,,2002.0,342,https://genius.com/Camron-welcome-to-new-york-city-lyrics,Cam’ron,JAŸ-Z
Welcome to the World,,2010.0,2144,https://genius.com/Ti-welcome-to-the-world-lyrics,T.I.,Kanye West
Welcome to the World,,2010.0,2144,https://genius.com/Ti-welcome-to-the-world-lyrics,T.I.,Kid Cudi
West,,2016.0,2424749,https://genius.com/River-tiber-west-lyrics,River Tiber,Daniel Caesar
West Side Highway,,2015.0,1912995,https://genius.com/A-ap-rocky-west-side-highway-lyrics,A$AP Rocky,James Fauntleroy
We’ll Always Have Paris,,2014.0,523694,https://genius.com/Daniel-caesar-well-always-have-paris-lyrics,Daniel Caesar,Sean Leon
We’re Onto Something,,2025.0,12283272,https://genius.com/Kings-of-leon-were-onto-something-lyrics,Kings of Leon,Zach Bryan
What Am I To Do?,,1998.0,13199453,https://genius.com/Solar-tha-rightchus-what-am-i-to-do-lyrics,Solar Tha Rightchus,Kanye West
What Christmas Means to Me,,2018.0,3992880,https://genius.com/John-legend-what-christmas-means-to-me-lyrics,John Legend,Stevie Wonder
What Christmas Means to Me (Slowed & Reverb),,2023.0,11213167,https://genius.com/John-legend-what-christmas-means-to-me-slowed-and-reverb-lyrics,John Legend,Stevie Wonder
What Christmas Means to Me (Sped Up),,2023.0,11213168,https://genius.com/John-legend-what-christmas-means-to-me-sped-up-lyrics,John Legend,Stevie Wonder
What Has America Done For Me?,,,8173607,https://genius.com/Kanye-west-what-has-america-done-for-me-lyrics,Kanye West,Dem Jointz
What I Want To*,,,7673622,https://genius.com/Kanye-west-what-i-want-to-lyrics,Kanye West,DaBaby
What It Is,,2008.0,73078,https://genius.com/Sophia-fresh-what-it-is-lyrics,Sophia Fresh,Kanye West
What More Can I Say (The Grey Album),,2004.0,4215029,https://genius.com/Danger-mouse-what-more-can-i-say-the-grey-album-lyrics,Danger Mouse,JAŸ-Z
What More I Gotta Do?,,,6157640,https://genius.com/Ant-clemons-what-more-i-gotta-do-lyrics,Ant Clemons,Jeremih
What They Gonna Do,,2003.0,24511,https://genius.com/Jay-z-what-they-gonna-do-lyrics,JAŸ-Z,Sean Paul
What We Do,,2002.0,347,https://genius.com/Freeway-what-we-do-lyrics,Freeway,JAŸ-Z
What Would I do at Virjals Funeral,,,12810376,https://genius.com/Spaghetti-6-what-would-i-do-at-virjals-funeral-lyrics,Spaghetti_6,James Blake
What Would Meek Do?,,2018.0,3738940,https://genius.com/Pusha-t-what-would-meek-do-lyrics,Pusha T,Kanye West
What You Do to Me,,1999.0,23627,https://genius.com/Infamous-syndicate-what-you-do-to-me-lyrics,Infamous Syndicate,Kanye West
What a Shame,,2014.0,365971,https://genius.com/Rick-ross-what-a-shame-lyrics,Rick Ross,French Montana
What comes next,,2023.0,9288265,https://genius.com/Ragz-originale-what-comes-next-lyrics,Ragz Originale,Dua Saleh
Whatever,,2017.0,3117575,https://genius.com/Dj-khaled-whatever-lyrics,DJ Khaled,2 Chainz
Whatever,,2017.0,3117575,https://genius.com/Dj-khaled-whatever-lyrics,DJ Khaled,Rick Ross
Whatever,,2017.0,3117575,https://genius.com/Dj-khaled-whatever-lyrics,DJ Khaled,Young Thug
Whatever,,2017.0,3117575,https://genius.com/Dj-khaled-whatever-lyrics,DJ Khaled,Future
Whatever U Want,,2009.0,14533,https://genius.com/Consequence-whatever-u-want-lyrics,Consequence,Kanye West
Whatever U Want,,2009.0,14533,https://genius.com/Consequence-whatever-u-want-lyrics,Consequence,John Legend
Whatever U Want (G.O.O.D. vs. Bad - Megamix),,2010.0,11521608,https://genius.com/Consequence-whatever-u-want-good-vs-bad-megamix-lyrics,Consequence,Kanye West
Whatever U Want (G.O.O.D. vs. Bad - Megamix),,2010.0,11521608,https://genius.com/Consequence-whatever-u-want-good-vs-bad-megamix-lyrics,Consequence,Diddy
Whatever U Want (G.O.O.D. vs. Bad - Megamix),,2010.0,11521608,https://genius.com/Consequence-whatever-u-want-good-vs-bad-megamix-lyrics,Consequence,The LOX
Whatever U Want (G.O.O.D. vs. Bad - Megamix),,2010.0,11521608,https://genius.com/Consequence-whatever-u-want-good-vs-bad-megamix-lyrics,Consequence,Common
Whatever U Want (G.O.O.D. vs. Bad - Megamix),,2010.0,11521608,https://genius.com/Consequence-whatever-u-want-good-vs-bad-megamix-lyrics,Consequence,Kid Cudi
Whatever U Want (G.O.O.D. vs. Bad - Megamix),,2010.0,11521608,https://genius.com/Consequence-whatever-u-want-good-vs-bad-megamix-lyrics,Consequence,John Legend
What’s Free,,2018.0,4125719,https://genius.com/Meek-mill-whats-free-lyrics,Meek Mill,JAŸ-Z
What’s Free,,2018.0,4125719,https://genius.com/Meek-mill-whats-free-lyrics,Meek Mill,Rick Ross
What’s Going On?,,,11513277,https://genius.com/Lonnie-holley-whats-going-on-lyrics,Lonnie Holley,Isaac Brock
What’s Next,,,2855533,https://genius.com/Travis-scott-whats-next-lyrics,Travis Scott,Quentin Miller
What’s Wrong With Them,,2010.0,1420,https://genius.com/Lil-wayne-whats-wrong-with-them-lyrics,Lil Wayne,Nicki Minaj
Wheels Fall Off,,2025.0,11451747,https://genius.com/Ty-dolla-sign-wheels-fall-off-lyrics,Ty Dolla $ign,Kanye West
When I’m Sixty-Four,,2014.0,911240,https://genius.com/The-flaming-lips-when-im-sixty-four-lyrics,The Flaming Lips,Pitchwafuzz
When I’m Sixty-Four,,2014.0,911240,https://genius.com/The-flaming-lips-when-im-sixty-four-lyrics,The Flaming Lips,Def Rain
When the Ship Comes In,,2012.0,1852974,https://genius.com/The-chieftains-when-the-ship-comes-in-lyrics,The Chieftains,The Decemberists
Where Do We Go (Reference Track),,,9380868,https://genius.com/Kanye-west-where-do-we-go-reference-track-lyrics,Kanye West,Lil Yachty
Where Do We Go (Reference Track),,,9380868,https://genius.com/Kanye-west-where-do-we-go-reference-track-lyrics,Kanye West,Vory
Where This Flower Blooms,,2017.0,3146688,https://genius.com/Tyler-the-creator-where-this-flower-blooms-lyrics,"Tyler, The Creator",Frank Ocean
Where U Should Be,,,218099,https://genius.com/Kanye-west-where-u-should-be-lyrics,Kanye West,Ne-Yo
Where You At? (The Whole City Behind Us),,2004.0,25771,https://genius.com/Kanye-west-where-you-at-the-whole-city-behind-us-lyrics,Kanye West,The Game
Where You At? (The Whole City Behind Us),,2004.0,25771,https://genius.com/Kanye-west-where-you-at-the-whole-city-behind-us-lyrics,Kanye West,Ludacris
Where You Wanna Be,,2004.0,32998,https://genius.com/Brandy-where-you-wanna-be-lyrics,Brandy,T.I.
Where’s the Catch?,,2019.0,4152204,https://genius.com/James-blake-wheres-the-catch-lyrics,James Blake,André 3000
Whip,,2019.0,4327641,https://genius.com/2-chainz-whip-lyrics,2 Chainz,Travis Scott
Whipped Cream,,,6374689,https://genius.com/Tgod808-whipped-cream-lyrics,TGOD808,Kanye West
Whipped Cream,,,6374689,https://genius.com/Tgod808-whipped-cream-lyrics,TGOD808,JAŸ-Z
Whispers in the Woods,,,6374691,https://genius.com/Tgod808-whispers-in-the-woods-lyrics,TGOD808,Rick Ross
Whispers in the Woods,,,6374691,https://genius.com/Tgod808-whispers-in-the-woods-lyrics,TGOD808,Styles P
White,,2012.0,68367,https://genius.com/Odd-future-white-lyrics,Odd Future,Frank Ocean
White (Gentrification Mix),,,68792,https://genius.com/Frank-ocean-white-gentrification-mix-lyrics,Frank Ocean,MeLo-X
White Dress,,2017.0,3082926,https://genius.com/Louis-b-white-dress-lyrics,Louis B,King Louie
White Dress,,2017.0,3082926,https://genius.com/Louis-b-white-dress-lyrics,Louis B,Travis Scott
White Dress (Alternate Version),,2012.0,139696,https://genius.com/Kanye-west-white-dress-alternate-version-lyrics,Kanye West,Stone Mecca
White Girls,,2015.0,1786415,https://genius.com/Belly-white-girls-lyrics,Belly,Travis Scott
White Laces,,2023.0,9809082,https://genius.com/James-blake-white-laces-lyrics,James Blake,Baby Keem
White Sand,,2018.0,3468920,https://genius.com/Migos-white-sand-lyrics,Migos,Travis Scott
White Sand,,2018.0,3468920,https://genius.com/Migos-white-sand-lyrics,Migos,Ty Dolla $ign
White Sand,,2018.0,3468920,https://genius.com/Migos-white-sand-lyrics,Migos,Big Sean
Who Do We Think We Are,,2013.0,133475,https://genius.com/John-legend-who-do-we-think-we-are-lyrics,John Legend,Rick Ross
Who I Am,,2013.0,170604,https://genius.com/Pusha-t-who-i-am-lyrics,Pusha T,2 Chainz
Who I Am,,2013.0,170604,https://genius.com/Pusha-t-who-i-am-lyrics,Pusha T,Big Sean
Who Knew My Luck Would Change,,2007.0,14529,https://genius.com/Consequence-who-knew-my-luck-would-change-lyrics,Consequence,The World Famous Tony Williams
Who Run This (Green Mix),,2009.0,5001876,https://genius.com/Jadakiss-who-run-this-green-mix-lyrics,Jadakiss,JAŸ-Z
Who Shot Ya (Freestyle),,2000.0,153651,https://genius.com/Jay-z-who-shot-ya-freestyle-lyrics,JAŸ-Z,DJ Clue
Who That?*,,,3059601,https://genius.com/Travis-scott-who-that-lyrics,Travis Scott,Future
Whole City Behind Us,,2011.0,56081,https://genius.com/Domo-genesis-whole-city-behind-us-lyrics,Domo Genesis,"Tyler, The Creator"
Whole Heap of Little Horses,,2002.0,1805861,https://genius.com/The-chieftains-whole-heap-of-little-horses-lyrics,The Chieftains,Patty Griffin
Whole Life,,2005.0,13027943,https://genius.com/Newz-usa-whole-life-lyrics,Newz (USA),Kanye West
Whoopty Doo,,2024.0,10679890,https://genius.com/The-pastelle-collective-yedits-whoopty-doo-lyrics,The Pastelle Collective (Yedits),CyHi
Whoopty Doo,,2024.0,10679890,https://genius.com/The-pastelle-collective-yedits-whoopty-doo-lyrics,The Pastelle Collective (Yedits),Big Sean
Why,,2011.0,766673,https://genius.com/Mary-j-blige-why-lyrics,Mary J. Blige,Rick Ross
Why Does Summer Have To End? (Aloe Blacc Reference),,,12795902,https://genius.com/Kanye-west-why-does-summer-have-to-end-aloe-blacc-reference-lyrics,Kanye West,Aloe Blacc
Why Feel Bad,,,7445784,https://genius.com/Kanye-west-why-feel-bad-lyrics,Kanye West,The Weeknd
Why I Love You,,2011.0,51901,https://genius.com/Jay-z-and-kanye-west-why-i-love-you-lyrics,JAŸ-Z,Mr Hudson
Why I Love You So (Guilt Trip),,,12416199,https://genius.com/Jay-z-and-kanye-west-why-i-love-you-so-guilt-trip-lyrics,JAŸ-Z,Mr Hudson
Why We Die,,2000.0,8947,https://genius.com/Busta-rhymes-why-we-die-lyrics,Busta Rhymes,JAŸ-Z
Why You So Nasty?,,2017.0,3156929,https://genius.com/Jay-305-why-you-so-nasty-lyrics,Jay 305,Travis Scott
Wild Love,,2016.0,2823830,https://genius.com/Cashmere-cat-wild-love-lyrics,Cashmere Cat,The Weeknd
Wild Love,,2016.0,2823830,https://genius.com/Cashmere-cat-wild-love-lyrics,Cashmere Cat,Francis and the Lights
Wild Mountain Thyme,,,1310643,https://genius.com/The-chieftains-wild-mountain-thyme-lyrics,The Chieftains,Don Williams
Wild ’N Out Rap Battle,,2017.0,3161444,https://genius.com/Chance-the-rapper-wild-n-out-rap-battle-lyrics,Chance the Rapper,Nick Cannon
Wildfire Interlude,,2013.0,203977,https://genius.com/John-mayer-wildfire-interlude-lyrics,John Mayer,Frank Ocean
Will You Return / When You Come Down,,2020.0,5708875,https://genius.com/The-flaming-lips-will-you-return-when-you-come-down-lyrics,The Flaming Lips,Micah Nelson
Wim ‘The Iceman’ Hof Interview,,2021.0,7526090,https://genius.com/Frank-ocean-wim-the-iceman-hof-interview-annotated,Frank Ocean,Wim “The Iceman” Hof
Window,,2011.0,49617,https://genius.com/Tyler-the-creator-window-lyrics,"Tyler, The Creator",Domo Genesis
Window,,2011.0,49617,https://genius.com/Tyler-the-creator-window-lyrics,"Tyler, The Creator",Frank Ocean
Wine Words,,,11825865,https://genius.com/Goats-aint-real-wine-words-lyrics,Goats Aint Real,Frank Ocean
Wit Da Racks,,2023.0,9263034,https://genius.com/Young-thug-wit-da-racks-lyrics,Young Thug,Travis Scott
Wit Da Racks,,2023.0,9263034,https://genius.com/Young-thug-wit-da-racks-lyrics,Young Thug,21 Savage
Wit It,,2014.0,330601,https://genius.com/French-montana-wit-it-lyrics,French Montana,Rick Ross
With a Little Help from My Friends,,2014.0,911226,https://genius.com/The-flaming-lips-with-a-little-help-from-my-friends-lyrics,The Flaming Lips,Brian Chippendale
With a Little Help from My Friends,,2014.0,911226,https://genius.com/The-flaming-lips-with-a-little-help-from-my-friends-lyrics,The Flaming Lips,The Autumn Defense
Within You Without You,,2014.0,911237,https://genius.com/The-flaming-lips-within-you-without-you-lyrics,The Flaming Lips,Birdflower
Within You Without You,,2014.0,911237,https://genius.com/The-flaming-lips-within-you-without-you-lyrics,The Flaming Lips,Morgan Delt
Without You,,2015.0,585049,https://genius.com/Tobias-jesso-jr-without-you-lyrics,Tobias Jesso Jr.,Danielle Haim
Wobble Up,,2019.0,4484781,https://genius.com/Chris-brown-wobble-up-lyrics,Chris Brown,Nicki Minaj
Wobble Up,,2019.0,4484781,https://genius.com/Chris-brown-wobble-up-lyrics,Chris Brown,G-Eazy
Wock pock,,,7869554,https://genius.com/Wocklations-wock-pock-lyrics,Wocklations,Kanye West
Woke Up,,,11410601,https://genius.com/Ty-dolla-sign-woke-up-lyrics,Ty Dolla $ign,Kanye West
Wolf Child,,2013.0,1128146,https://genius.com/The-flaming-lips-wolf-child-lyrics,The Flaming Lips,New Fumes
Wolves,,2016.0,2421668,https://genius.com/Kanye-west-wolves-lyrics,Kanye West,Sia
Wolves,,2016.0,2421668,https://genius.com/Kanye-west-wolves-lyrics,Kanye West,VIC MENSA
Wolves (BOOTS Reference),,2014.0,9793838,https://genius.com/Kanye-west-wolves-boots-reference-lyrics,Kanye West,BOOTS
Wolves (Original Version),,,2424551,https://genius.com/Kanye-west-wolves-original-version-lyrics,Kanye West,Sia
Wolves (Original Version),,,2424551,https://genius.com/Kanye-west-wolves-original-version-lyrics,Kanye West,VIC MENSA
Wolves (SNL / Yeezy Season 1),,2015.0,703628,https://genius.com/Kanye-west-wolves-snl-yeezy-season-1-lyrics,Kanye West,VIC MENSA
Wolves (SNL / Yeezy Season 1),,2015.0,703628,https://genius.com/Kanye-west-wolves-snl-yeezy-season-1-lyrics,Kanye West,Sia
Wonderful Everyday: Arthur,,2014.0,465081,https://genius.com/Chance-the-rapper-and-the-social-experiment-wonderful-everyday-arthur-lyrics,Chance the Rapper,Francis and the Lights
Won’t Stop,,2012.0,80158,https://genius.com/Childish-gambino-wont-stop-lyrics,Childish Gambino,Danielle Haim
Woohoo,,2010.0,53823,https://genius.com/Christina-aguilera-woohoo-lyrics,Christina Aguilera,Nicki Minaj
Woopty Doo,,2011.0,51055,https://genius.com/Cyhi-woopty-doo-lyrics,CyHi,Big Sean
Words From Ye,,,6374694,https://genius.com/Tgod808-words-from-ye-lyrics,TGOD808,Kanye West
Work,,2011.0,52853,https://genius.com/Meek-mill-work-lyrics,Meek Mill,Rick Ross
World’s Finest,,2015.0,2296247,https://genius.com/Rick-ross-worlds-finest-lyrics,Rick Ross,Meek Mill
Worm Mountain,,2009.0,212350,https://genius.com/The-flaming-lips-worm-mountain-lyrics,The Flaming Lips,MGMT
Would You Believe That,,2014.0,2016750,https://genius.com/Lil-dicky-would-you-believe-that-lyrics,Lil Dicky,Rockie Fresh
Wouldn’t Get Far,,2006.0,1515,https://genius.com/The-game-wouldnt-get-far-lyrics,The Game,Kanye West
Wouldn’t Leave,,2018.0,3756507,https://genius.com/Kanye-west-wouldnt-leave-lyrics,Kanye West,PARTYNEXTDOOR
Wouldn’t You Like to Ride,,2003.0,25760,https://genius.com/Malik-yusef-wouldnt-you-like-to-ride-lyrics,Malik Yusef,Common
Wouldn’t You Like to Ride,,2003.0,25760,https://genius.com/Malik-yusef-wouldnt-you-like-to-ride-lyrics,Malik Yusef,Kanye West
Wreak Havoc,,,10728678,https://genius.com/Kanye-west-wreak-havoc-lyrics,Kanye West,Juice WRLD
WyW,,,83887,https://genius.com/Hit-boy-wyw-lyrics,Hit-Boy,John Legend
X-Clusive (Get By),,2003.0,10833211,https://genius.com/Dj-felli-fel-x-clusive-get-by-lyrics,DJ Felli Fel,Snoop Dogg
X2C,,,5175489,https://genius.com/Justine-skye-x2c-lyrics,Justine Skye,Travis Scott
XTCY (OG),,,10096322,https://genius.com/Kanye-west-xtcy-og-lyrics,Kanye West,Ty Dolla $ign
XXL Freshmen 2013 Cypher - Part 1,,2013.0,143562,https://genius.com/Xxl-xxl-freshmen-2013-cypher-part-1-lyrics,XXL,Travis Scott
XXL Freshmen 2014 Cypher - Part 1,,2014.0,442832,https://genius.com/Xxl-xxl-freshmen-2014-cypher-part-1-lyrics,XXL,VIC MENSA
XXL Freshmen 2014 Cypher - Part 1,,2014.0,442832,https://genius.com/Xxl-xxl-freshmen-2014-cypher-part-1-lyrics,XXL,Chance the Rapper
XXL Freshmen 2016 Cypher - Part 1,,2016.0,2810841,https://genius.com/Xxl-xxl-freshmen-2016-cypher-part-1-lyrics,XXL,Lil Dicky
XXL Freshmen 2016 Cypher - Part 1,,2016.0,2810841,https://genius.com/Xxl-xxl-freshmen-2016-cypher-part-1-lyrics,XXL,Anderson .Paak
XXL Freshmen 2016 Cypher - Part 1,,2016.0,2810841,https://genius.com/Xxl-xxl-freshmen-2016-cypher-part-1-lyrics,XXL,Desiigner
XXXO (Main Mix),,2010.0,81092,https://genius.com/Mia-xxxo-main-mix-lyrics,M.I.A.,JAŸ-Z
XYZ,,,8953103,https://genius.com/Zix-esp-xyz-lyrics,Zix (ESP),Kanye West
YE ABOUT MINE,,,9153584,https://genius.com/Kanye-west-and-ty-dolla-sign-ye-about-mine-lyrics,"¥$, Kanye West & Ty Dolla $ign",Takeoff
YE ABOUT MINE,,,9153584,https://genius.com/Kanye-west-and-ty-dolla-sign-ye-about-mine-lyrics,"¥$, Kanye West & Ty Dolla $ign",Rich The Kid
YE ABOUT MINE (Young Moose Reference),,,11076704,https://genius.com/Kanye-west-and-ty-dolla-sign-ye-about-mine-young-moose-reference-lyrics,"¥$, Kanye West & Ty Dolla $ign",Takeoff
YE ABOUT MINE (Young Moose Reference),,,11076704,https://genius.com/Kanye-west-and-ty-dolla-sign-ye-about-mine-young-moose-reference-lyrics,"¥$, Kanye West & Ty Dolla $ign",Rich The Kid
YE ABOUT MINE (Young Moose Reference),,,11076704,https://genius.com/Kanye-west-and-ty-dolla-sign-ye-about-mine-young-moose-reference-lyrics,"¥$, Kanye West & Ty Dolla $ign",Young Moose
YEAZZY MY,,,10659957,https://genius.com/A-ap-rocky-yeazzy-my-lyrics,A$AP Rocky,Kanye West
YM Salute,,2010.0,1431,https://genius.com/Lil-wayne-ym-salute-lyrics,Lil Wayne,Nicki Minaj
YOSEMITE,,2018.0,3876940,https://genius.com/Travis-scott-yosemite-lyrics,Travis Scott,Gunna
YOSEMITE,,2018.0,3876940,https://genius.com/Travis-scott-yosemite-lyrics,Travis Scott,NAV
YOSEMITE / LOVE [Mixed],,2022.0,10876841,https://genius.com/Travis-scott-and-kendrick-lamar-yosemite-love-mixed-lyrics,Travis Scott,Zacari
YRB,,2020.0,6148534,https://genius.com/2-chainz-yrb-lyrics,2 Chainz,Rick Ross
Ya Digg,,2014.0,2416508,https://genius.com/Hustle-gang-ya-digg-lyrics,Hustle Gang,T.I.
Ya Digg,,2014.0,2416508,https://genius.com/Hustle-gang-ya-digg-lyrics,Hustle Gang,Travis Scott
Ya Feel,,2000.0,8008539,https://genius.com/Kanye-west-ya-feel-lyrics,Kanye West,Go Getters
Ya Love (Flaming Lips’ Fascinating Haircut Re-Do),,2022.0,7618452,https://genius.com/King-gizzard-and-the-lizard-wizard-ya-love-flaming-lips-fascinating-haircut-re-do-lyrics,King Gizzard & The Lizard Wizard,The Flaming Lips
Yam,,,12504975,https://genius.com/Prynce-geno-yam-annotated,Prynce Geno,Kanye West
Yard 2 Yard,,2002.0,1863408,https://genius.com/Consequence-yard-2-yard-lyrics,Consequence,Rhymefest
Yasss Bish,,2014.0,419576,https://genius.com/Nicki-minaj-yasss-bish-lyrics,Nicki Minaj,Soulja Boy
Ye Rambling Boys of Pleasure,,1999.0,5673203,https://genius.com/The-chieftains-ye-rambling-boys-of-pleasure-lyrics,The Chieftains,Loreena McKennitt
Ye vs. the People (starring TI as the People),,2018.0,3681512,https://genius.com/Kanye-west-ye-vs-the-people-starring-ti-as-the-people-lyrics,Kanye West,T.I.
Yeah Yeah,,2024.0,10798011,https://genius.com/Travis-scott-yeah-yeah-lyrics,Travis Scott,Young Thug
Yeah Yeah (DAYS BEFORE BIRDS),,2016.0,11416857,https://genius.com/Travis-scott-yeah-yeah-days-before-birds-lyrics,Travis Scott,Young Thug
Yeah Yeah (Later Mix),,,4634049,https://genius.com/Young-thug-yeah-yeah-later-mix-lyrics,Young Thug,Travis Scott
Yeah Yeah (Original),,2016.0,2447082,https://genius.com/Young-thug-yeah-yeah-original-lyrics,Young Thug,Travis Scott
Yeezus - Please Add Graffiti,,,187351,https://genius.com/Steve-espo-powers-yeezus-please-add-graffiti-annotated,Steve “ESPO” Powers,GQ Magazine
Yeezus - Please Add Graffiti,,,187351,https://genius.com/Steve-espo-powers-yeezus-please-add-graffiti-annotated,Steve “ESPO” Powers,Kanye West
Yeezy II,,,7215944,https://genius.com/Kanye-west-yeezy-ii-lyrics,Kanye West,CyHi
Yeezy II,,,7215944,https://genius.com/Kanye-west-yeezy-ii-lyrics,Kanye West,Bun B
Yes Lord,,2012.0,396697,https://genius.com/Audio-push-yes-lord-lyrics,Audio Push,King Chip
Yes Lord,,2012.0,396697,https://genius.com/Audio-push-yes-lord-lyrics,Audio Push,Travis Scott
You,,2023.0,9191661,https://genius.com/Wiz-khalifa-you-lyrics,Wiz Khalifa,Ty Dolla $ign
You Again (We Major Reference Track),,,10713614,https://genius.com/Kanye-west-you-again-we-major-reference-track-lyrics,Kanye West,The World Famous Tony Williams
You Ain’t No Model,,,9808524,https://genius.com/Cyhi-you-aint-no-model-lyrics,CyHi,Ty Dolla $ign
You Ain’t No Model,,,9808524,https://genius.com/Cyhi-you-aint-no-model-lyrics,CyHi,Kanye West
You All Over Me (Taylor’s Version) [From the Vault],,2021.0,2975370,https://genius.com/Taylor-swift-you-all-over-me-taylors-version-from-the-vault-lyrics,Taylor Swift,Maren Morris
You Can Tell How I Walk,,2014.0,543668,https://genius.com/Ti-you-can-tell-how-i-walk-lyrics,T.I.,Rick Ross
You Care,,2017.0,3307246,https://genius.com/Aero-flynn-you-care-lyrics,Aero Flynn,CJ Camerieri
You Care,,2017.0,3307246,https://genius.com/Aero-flynn-you-care-lyrics,Aero Flynn,Rob Moose
You Care,,2017.0,3307246,https://genius.com/Aero-flynn-you-care-lyrics,Aero Flynn,Justin Vernon
You Control My Heart,,2016.0,2016903,https://genius.com/Kesha-you-control-my-heart-lyrics,Kesha,The Flaming Lips
You Don’t Know My Name (Interlude),,,4478949,https://genius.com/Kanye-west-you-dont-know-my-name-interlude-lyrics,Kanye West,John Legend
You Don’t Respond,,2011.0,7220639,https://genius.com/The-flaming-lips-you-dont-respond-lyrics,The Flaming Lips,Neon Indian
You Don’t Want These Problems,,2013.0,238460,https://genius.com/Dj-khaled-you-dont-want-these-problems-lyrics,DJ Khaled,2 Chainz
You Don’t Want These Problems,,2013.0,238460,https://genius.com/Dj-khaled-you-dont-want-these-problems-lyrics,DJ Khaled,French Montana
You Don’t Want These Problems,,2013.0,238460,https://genius.com/Dj-khaled-you-dont-want-these-problems-lyrics,DJ Khaled,Meek Mill
You Don’t Want These Problems,,2013.0,238460,https://genius.com/Dj-khaled-you-dont-want-these-problems-lyrics,DJ Khaled,Big Sean
You Don’t Want These Problems,,2013.0,238460,https://genius.com/Dj-khaled-you-dont-want-these-problems-lyrics,DJ Khaled,Rick Ross
You Got Nerve,,2005.0,1015333,https://genius.com/Charlie-wilson-you-got-nerve-lyrics,Charlie Wilson,Snoop Dogg
You Got What I Want,,2002.0,43041,https://genius.com/Snoop-dogg-you-got-what-i-want-lyrics,Snoop Dogg,Charlie Wilson
You Got What I Want,,2002.0,43041,https://genius.com/Snoop-dogg-you-got-what-i-want-lyrics,Snoop Dogg,Ludacris
You Had Your Soul with You,,2019.0,4367455,https://genius.com/The-national-you-had-your-soul-with-you-lyrics,The National,Gail Ann Dorsey
You Know,,2004.0,191178,https://genius.com/Kanye-west-you-know-lyrics,Kanye West,John Legend
You Know,,2004.0,191178,https://genius.com/Kanye-west-you-know-lyrics,Kanye West,White Boy (USA)
You Know,,2004.0,191178,https://genius.com/Kanye-west-you-know-lyrics,Kanye West,Belo Zero
"You Know, You Know",,2024.0,10679868,https://genius.com/The-pastelle-collective-yedits-you-know-you-know-lyrics,The Pastelle Collective (Yedits),Lil Wayne
"You Know, You Know",,2024.0,10679868,https://genius.com/The-pastelle-collective-yedits-you-know-you-know-lyrics,The Pastelle Collective (Yedits),Drake
You Lust,,2013.0,212264,https://genius.com/The-flaming-lips-you-lust-lyrics,The Flaming Lips,Phantogram
You Must Love Me (Traduction Française),,1997.0,13491072,https://genius.com/Jay-z-you-must-love-me-traduction-francaise-lyrics,JAŸ-Z,Kelly Price
You See It,,2020.0,5630089,https://genius.com/Skrillex-and-virtual-riot-you-see-it-lyrics,Skrillex,Ant Clemons
You See It,,2020.0,5630089,https://genius.com/Skrillex-and-virtual-riot-you-see-it-lyrics,Skrillex,Ty Dolla $ign
You Song,,2013.0,212840,https://genius.com/Lil-wayne-you-song-lyrics,Lil Wayne,Chance the Rapper
You Still Take Me To the Light,,2020.0,5649388,https://genius.com/Francis-and-the-lights-you-still-take-me-to-the-light-lyrics,Francis and the Lights,Caroline Shaw
You Still Take Me To the Light,,2020.0,5649388,https://genius.com/Francis-and-the-lights-you-still-take-me-to-the-light-lyrics,Francis and the Lights,Chance the Rapper
You Still Take Me To the Light,,2020.0,5649388,https://genius.com/Francis-and-the-lights-you-still-take-me-to-the-light-lyrics,Francis and the Lights,Bon Iver
You Still Take Me To the Light,,2020.0,5649388,https://genius.com/Francis-and-the-lights-you-still-take-me-to-the-light-lyrics,Francis and the Lights,Kanye West
You The Boss,,2011.0,56776,https://genius.com/Rick-ross-you-the-boss-lyrics,Rick Ross,Nicki Minaj
You Was Right,,,6248219,https://genius.com/Kanye-west-you-was-right-lyrics,Kanye West,"Tyler, The Creator"
You Watchin*,,,2953594,https://genius.com/Rich-the-kid-you-watchin-lyrics,Rich The Kid,Travis Scott
You da Baddest,,2017.0,3162780,https://genius.com/Future-you-da-baddest-lyrics,Future,Nicki Minaj
You treat me like you hate me,,2016.0,9350628,https://genius.com/Dapurr-you-treat-me-like-you-hate-me-lyrics,Dapurr,Gracie Abrams
"You, Man? Human???",,2011.0,1802351,https://genius.com/The-flaming-lips-you-man-human-lyrics,The Flaming Lips,Nick Cave & The Bad Seeds
Young Black America,,2017.0,3094101,https://genius.com/Meek-mill-young-black-america-lyrics,Meek Mill,The-Dream
Young Forever,,2010.0,689,https://genius.com/Jay-z-young-forever-lyrics,JAŸ-Z,Mr Hudson
Young Girl / I Really Like You,,2006.0,1799514,https://genius.com/Pharrell-williams-young-girl-i-really-like-you-lyrics,Pharrell Williams,JAŸ-Z
Young G’s,,1997.0,1760,https://genius.com/Diddy-young-gs-lyrics,Diddy,JAŸ-Z
Young G’s,,1997.0,1760,https://genius.com/Diddy-young-gs-lyrics,Diddy,Kelly Price
Young Jeezy signs to ROC Nation,,,277638,https://genius.com/Jay-z-young-jeezy-signs-to-roc-nation-annotated,JAŸ-Z,Jeezy
Young Man,,,202837,https://genius.com/Talib-kweli-young-man-lyrics,Talib Kweli,John Legend
Young Money Ballaz,,2008.0,98007,https://genius.com/Nicki-minaj-young-money-ballaz-lyrics,Nicki Minaj,Lil Wayne
Your Life,,2016.0,2411047,https://genius.com/Rockie-fresh-your-life-lyrics,Rockie Fresh,Rick Ross
Your Mind Is Not Your Friend,,2023.0,8714087,https://genius.com/The-national-your-mind-is-not-your-friend-lyrics,The National,Phoebe Bridgers
You’ll Learn,,2025.0,12859327,https://genius.com/Theodore-shapiro-youll-learn-lyrics,Theodore Shapiro,Caroline Shaw
You’re Everything,,2008.0,12196,https://genius.com/Bun-b-youre-everything-lyrics,Bun B,Rick Ross
You’re Losing Me X Cornelia Street,,,11795446,https://genius.com/Dylanglc-youre-losing-me-x-cornelia-street-lyrics,DylanGLC,Taylor Swift
You’re No Good,,2013.0,145027,https://genius.com/Major-lazer-youre-no-good-lyrics,Major Lazer,Santigold
You’re No Good,,2013.0,145027,https://genius.com/Major-lazer-youre-no-good-lyrics,Major Lazer,Danielle Haim
You’re Welcome,,2008.0,24497,https://genius.com/Jay-z-youre-welcome-lyrics,JAŸ-Z,Swizz Beatz
You’re Welcome,,2008.0,24497,https://genius.com/Jay-z-youre-welcome-lyrics,JAŸ-Z,Mary J. Blige
ZEZE,,2018.0,3995573,https://genius.com/Kodak-black-zeze-lyrics,Kodak Black,Offset
ZEZE,,2018.0,3995573,https://genius.com/Kodak-black-zeze-lyrics,Kodak Black,Travis Scott
ZOOM,,2018.0,3878050,https://genius.com/Travis-scott-zoom-lyrics,Travis Scott,Gunna
Zanies and Fools,,2019.0,4730345,https://genius.com/Chance-the-rapper-zanies-and-fools-lyrics,Chance the Rapper,Nicki Minaj
bLCK hedi SliManE,,2022.0,10918875,https://genius.com/Digital-nas-blck-hedi-slimane-lyrics,Digital Nas,Kanye West
beibs in the trap,,2016.0,2849762,https://genius.com/Travis-scott-beibs-in-the-trap-lyrics,Travis Scott,NAV
came out clear,,,11335180,https://genius.com/Jaaavee-came-out-clear-lyrics,Jaaavee!?,Frank Ocean
careless,,2022.0,7565094,https://genius.com/Fka-twigs-careless-lyrics,FKA twigs,Daniel Caesar
coney island,,2020.0,6260168,https://genius.com/Taylor-swift-coney-island-lyrics,Taylor Swift,The National
coordinate,,2016.0,2829213,https://genius.com/Travis-scott-coordinate-lyrics,Travis Scott,Blac Youngsta
evermore,,2020.0,6260141,https://genius.com/Taylor-swift-evermore-lyrics,Taylor Swift,Bon Iver
everything,,2018.0,3780052,https://genius.com/Nas-everything-lyrics,Nas,Kanye West
everything,,2018.0,3780052,https://genius.com/Nas-everything-lyrics,Nas,The-Dream
exile,,2020.0,5793983,https://genius.com/Taylor-swift-exile-lyrics,Taylor Swift,Bon Iver
exile (the long pond studio sessions),,2020.0,6206234,https://genius.com/Taylor-swift-exile-the-long-pond-studio-sessions-lyrics,Taylor Swift,Bon Iver
fav flav,,2021.0,7268683,https://genius.com/Dua-saleh-fav-flav-lyrics,Dua Saleh,DUCKWRTH
first take,,2016.0,2849774,https://genius.com/Travis-scott-first-take-lyrics,Travis Scott,Bryson Tiller
fitt,,2021.0,7228130,https://genius.com/Dua-saleh-fitt-lyrics,Dua Saleh,Amaarae
glo_up,,2017.0,3314273,https://genius.com/Blackbear-glo-up-lyrics,blackbear,Rick Ross
good 4 u is a new and original song which doesn’t plagiarize at all,,2022.0,7687311,https://genius.com/Triple-q-good-4-u-is-a-new-and-original-song-which-doesnt-plagiarize-at-all-lyrics,Triple-Q,Hayley Williams
good 4 u is a new and original song which doesn’t plagiarize at all,,2022.0,7687311,https://genius.com/Triple-q-good-4-u-is-a-new-and-original-song-which-doesnt-plagiarize-at-all-lyrics,Triple-Q,Taylor Swift
goosebumps,,2016.0,2849767,https://genius.com/Travis-scott-goosebumps-lyrics,Travis Scott,Kendrick Lamar
goosebumps [Mixed] [Halloween V],,2016.0,10877005,https://genius.com/Travis-scott-goosebumps-mixed-halloween-v-lyrics,Travis Scott,Kendrick Lamar
guidance,,2016.0,2849842,https://genius.com/Travis-scott-guidance-lyrics,Travis Scott,K. Forest
innocence*,,,9035196,https://genius.com/Daniel-caesar-innocence-lyrics,Daniel Caesar,Sean Leon
intention,,2026.0,13211400,https://genius.com/Ty-dolla-sign-intention-lyrics,Ty Dolla $ign,Brandy
kanye west / charlamagne interview,,2018.0,3754868,https://genius.com/Charlamagne-tha-god-kanye-west-charlamagne-interview-annotated,Charlamagne Tha God,Kanye West
kanye west / t.i.,,2018.0,3688680,https://genius.com/Kanye-west-kanye-west-ti-annotated,Kanye West,T.I.
kukhuvud,,,10844574,https://genius.com/Drake-kukhuvud-lyrics,Drake,Travis Scott
look at the stars,,2021.0,6413817,https://genius.com/Sean-leon-look-at-the-stars-lyrics,Sean Leon,Daniel Caesar
lose,,2016.0,2712551,https://genius.com/Travis-scott-lose-lyrics,Travis Scott,Cassie
lost you,,2021.0,12986879,https://genius.com/Never-neverend666-lost-you-lyrics,never (neverend666),Gracie Abrams
monkey shit,,,12847199,https://genius.com/Jonathan-the-bum-monkey-shit-lyrics,Jonathan the bum,Taylor Swift
"no body, no crime",,2020.0,6260165,https://genius.com/Taylor-swift-no-body-no-crime-lyrics,Taylor Swift,HAIM
"oh denny,",,1962.0,11961612,https://genius.com/Denny-likes-squirls-oh-denny-lyrics,denny likes squirls,Kanye West
"out for the night, pt. 2",,2018.0,4179855,https://genius.com/21-savage-out-for-the-night-pt-2-lyrics,21 Savage,Travis Scott
outside,,2016.0,2849776,https://genius.com/Travis-scott-outside-lyrics,Travis Scott,21 Savage
pearls,,2021.0,7312493,https://genius.com/Dua-saleh-pearls-lyrics,Dua Saleh,Chester Watson
pick up the phone,,2016.0,2449376,https://genius.com/Young-thug-and-travis-scott-pick-up-the-phone-lyrics,Young Thug,Quavo
pray4dagang,,2025.0,12091172,https://genius.com/A-ap-rocky-pray4dagang-lyrics,A$AP Rocky,KayCyy
reason / Turn Me Out (Mixed),,2024.0,11118097,https://genius.com/Salute-karma-kid-and-praxis-reason-turn-me-out-mixed-lyrics,salute,Kathy Brown
saving flowers [Mixed],,2024.0,10443395,https://genius.com/Salute-saving-flowers-mixed-lyrics,salute,Rina Sawayama
sdp interlude,,2016.0,2849799,https://genius.com/Travis-scott-sdp-interlude-lyrics,Travis Scott,Cassie
softly,,2024.0,10321602,https://genius.com/Salute-softly-lyrics,salute,Léa Sen
somehow she’s still here,,2022.0,8456342,https://genius.com/Mount-kimbie-and-dom-maker-somehow-shes-still-here-lyrics,Mount Kimbie,James Blake
the ends,,2016.0,2826952,https://genius.com/Travis-scott-the-ends-lyrics,Travis Scott,André 3000
the light is coming,,2018.0,3690801,https://genius.com/Ariana-grande-the-light-is-coming-lyrics,Ariana Grande,Nicki Minaj
through the late night,,2016.0,2849757,https://genius.com/Travis-scott-through-the-late-night-lyrics,Travis Scott,Kid Cudi
tic tic,,2021.0,7312492,https://genius.com/Dua-saleh-tic-tic-lyrics,Dua Saleh,Haleek Maul
travi$,,,13730939,https://genius.com/Ishowspeed-travi-lyrics,IShowSpeed,Travis Scott
up at night,,2022.0,7844951,https://genius.com/Kehlani-up-at-night-lyrics,Kehlani,Justin Bieber
us.,,2024.0,10539063,https://genius.com/Gracie-abrams-us-lyrics,Gracie Abrams,Taylor Swift
wonderful,,2015.0,2399227,https://genius.com/Travis-scott-wonderful-lyrics,Travis Scott,The Weeknd
Ярик и Лёня,,2001.0,9803974,https://genius.com/Pd--lyrics,PD,Kanye West
‘I Was Angry.’ Taylor Swift on What Powered Her Sexual Assault Testimony,,2017.0,4312602,https://genius.com/Time-magazine-i-was-angry-taylor-swift-on-what-powered-her-sexual-assault-testimony-annotated,TIME Magazine,Taylor Swift
’03 Bonnie & Clyde,,2002.0,3231,https://genius.com/Jay-z-03-bonnie-and-clyde-lyrics,JAŸ-Z,Beyoncé
’03 Electic Relaxation,,2003.0,25747,https://genius.com/Kanye-west-03-electic-relaxation-lyrics,Kanye West,Consequence
’03 Til Infinity,,2004.0,14535,https://genius.com/Consequence-03-til-infinity-lyrics,Consequence,Kanye West
’06,,2019.0,4796532,https://genius.com/Jeezy-06-lyrics,Jeezy,Rick Ross
